YEAR,DOMINANT_SPECIES,DIAMETER_CM_GROUP,AREA,UNIT,RELATIVE_ERROR_PERCENT
2011,aspen,0...2,13.882732019,kha,0.14549909
2011,aspen,3...4,9.161631935,kha,0.168616959
2011,aspen,5...6,4.415318063,kha,0.256684359
2011,aspen,7...8,1.646678205,kha,0.400792209
2011,aspen,9...10,3.36003287,kha,0.335776505
2011,aspen,11...12,1.952875268,kha,0.348073883
2011,aspen,13...14,2.215098655,kha,0.296203222
2011,aspen,15...16,3.529037877,kha,0.268007446
2011,aspen,17...18,1.752306335,kha,0.366341996
2011,aspen,19...20,4.788980165,kha,0.229483498
2011,aspen,21...22,6.023542649,kha,0.207498856
2011,aspen,23...24,7.574512223,kha,0.17828182
2011,aspen,25...26,11.289405803,kha,0.149008827
2011,aspen,27...28,6.002105742,kha,0.211760458
2011,aspen,29...30,10.622412933,kha,0.150373355
2011,aspen,31...32,4.781198132,kha,0.22821428
2011,aspen,33...34,4.942483362,kha,0.210764011
2011,aspen,35...36,6.369853498,kha,0.200214594
2011,aspen,37...38,2.182766902,kha,0.301444003
2011,aspen,39...40,4.261939379,kha,0.242161757
2011,aspen,41...42,0.528016134,kha,0.614450575
2011,aspen,43...44,0.72632309,kha,0.518796912
2011,aspen,45...46,1.796466778,kha,0.367455065
2011,aspen,47...48,0.622562648,kha,0.705811921
2011,aspen,49...50,0.622562648,kha,0.600037488
2011,aspen,51...,1.037604414,kha,0.616382403
2011,aspen,all,116.088447727,kha,0.058733462
2011,birch,0...2,46.714776907,kha,0.084860004
2011,birch,3...4,32.885772044,kha,0.0923434
2011,birch,5...6,21.241692301,kha,0.1160241
2011,birch,7...8,26.017930684,kha,0.09775625
2011,birch,9...10,37.325930357,kha,0.085135899
2011,birch,11...12,35.346948962,kha,0.088101127
2011,birch,13...14,65.077013198,kha,0.065818001
2011,birch,15...16,68.596982412,kha,0.070888803
2011,birch,17...18,73.661405045,kha,0.065374153
2011,birch,19...20,61.663709717,kha,0.074352973
2011,birch,21...22,50.100376349,kha,0.077272681
2011,birch,23...24,56.681257833,kha,0.074487474
2011,birch,25...26,37.221630362,kha,0.093885982
2011,birch,27...28,21.371330596,kha,0.121988088
2011,birch,29...30,14.447022803,kha,0.161607368
2011,birch,31...32,4.862691583,kha,0.231705922
2011,birch,33...34,3.851048031,kha,0.233870176
2011,birch,35...36,4.386721686,kha,0.248640353
2011,birch,37...38,1.037604414,kha,0.499187686
2011,birch,39...40,1.037604414,kha,0.489366321
2011,birch,41...42,0.415041766,kha,0.749458705
2011,birch,43...44,0.207520883,kha,1.22441347
2011,birch,45...46,1.160830314,kha,0.438477368
2011,birch,47...48,,kha,0.0
2011,birch,49...50,,kha,0.0
2011,birch,51...,,kha,0.0
2011,birch,all,665.312842661,kha,0.029011414
2011,black alder,0...2,2.282729711,kha,0.345878376
2011,black alder,3...4,2.52737608,kha,0.30576096
2011,black alder,5...6,2.075208828,kha,0.41074471
2011,black alder,7...8,1.095046194,kha,0.504043503
2011,black alder,9...10,1.245125297,kha,0.432736529
2011,black alder,11...12,2.470390845,kha,0.428207467
2011,black alder,13...14,1.594486703,kha,0.420812373
2011,black alder,15...16,5.122445472,kha,0.21525968
2011,black alder,17...18,7.86118157,kha,0.184962779
2011,black alder,19...20,7.906504131,kha,0.19287287
2011,black alder,21...22,6.225190691,kha,0.199348601
2011,black alder,23...24,10.564099565,kha,0.148613775
2011,black alder,25...26,5.959314936,kha,0.215076618
2011,black alder,27...28,5.143031543,kha,0.244215568
2011,black alder,29...30,3.527855008,kha,0.274759057
2011,black alder,31...32,0.415041766,kha,0.789527306
2011,black alder,33...34,0.207520883,kha,0.999665687
2011,black alder,35...36,1.037604414,kha,0.469005405
2011,black alder,37...38,0.415041766,kha,0.706954567
2011,black alder,39...40,0.207520883,kha,1.22441347
2011,black alder,41...42,,kha,0.0
2011,black alder,43...44,,kha,0.0
2011,black alder,45...46,0.052149998,kha,0.999785002
2011,black alder,47...48,,kha,0.0
2011,black alder,49...50,,kha,0.0
2011,black alder,51...,,kha,0.0
2011,black alder,all,67.934866284,kha,0.082203189
2011,grey alder,0...2,14.621651626,kha,0.13359427
2011,grey alder,3...4,12.657009925,kha,0.142164294
2011,grey alder,5...6,10.216149301,kha,0.1511977
2011,grey alder,7...8,7.580924618,kha,0.180263437
2011,grey alder,9...10,14.924258578,kha,0.134159429
2011,grey alder,11...12,15.572180278,kha,0.118711166
2011,grey alder,13...14,22.149201874,kha,0.10350213
2011,grey alder,15...16,24.717044525,kha,0.099559241
2011,grey alder,17...18,25.047355515,kha,0.100815875
2011,grey alder,19...20,12.799203233,kha,0.140601453
2011,grey alder,21...22,8.517777644,kha,0.172179744
2011,grey alder,23...24,4.451862491,kha,0.235212284
2011,grey alder,25...26,2.261832358,kha,0.318188495
2011,grey alder,27...28,0.28401308,kha,0.858788964
2011,grey alder,29...30,,kha,0.0
2011,grey alder,31...32,,kha,0.0
2011,grey alder,33...34,,kha,0.0
2011,grey alder,35...36,,kha,0.0
2011,grey alder,37...38,,kha,0.0
2011,grey alder,39...40,,kha,0.0
2011,grey alder,41...42,,kha,0.0
2011,grey alder,43...44,,kha,0.0
2011,grey alder,45...46,,kha,0.0
2011,grey alder,47...48,,kha,0.0
2011,grey alder,49...50,,kha,0.0
2011,grey alder,51...,,kha,0.0
2011,grey alder,all,175.800465045,kha,0.048538172
2011,pine,0...2,13.275629676,kha,0.189903128
2011,pine,3...4,12.778326633,kha,0.168335631
2011,pine,5...6,11.799554389,kha,0.183931672
2011,pine,7...8,16.989983702,kha,0.151334665
2011,pine,9...10,17.355075191,kha,0.145540457
2011,pine,11...12,27.212420885,kha,0.115640037
2011,pine,13...14,36.982255023,kha,0.096855013
2011,pine,15...16,33.077500588,kha,0.101562495
2011,pine,17...18,45.920698248,kha,0.083290132
2011,pine,19...20,49.11886483,kha,0.082696418
2011,pine,21...22,54.081747495,kha,0.079821825
2011,pine,23...24,77.649126329,kha,0.06683342
2011,pine,25...26,79.651184046,kha,0.063906368
2011,pine,27...28,72.229656218,kha,0.075307017
2011,pine,29...30,59.255429872,kha,0.080470722
2011,pine,31...32,27.344964473,kha,0.100798548
2011,pine,33...34,20.210313513,kha,0.113292732
2011,pine,35...36,14.865032118,kha,0.145029461
2011,pine,37...38,9.545607824,kha,0.167310729
2011,pine,39...40,7.105867813,kha,0.185236843
2011,pine,41...42,2.360155752,kha,0.30540014
2011,pine,43...44,1.923614823,kha,0.351309981
2011,pine,45...46,1.037604414,kha,0.478840837
2011,pine,47...48,0.748652337,kha,0.526754927
2011,pine,49...50,0.207520883,kha,1.224257588
2011,pine,51...,0.207520883,kha,1.224569333
2011,pine,all,692.934307958,kha,0.035277592
2011,spruce,0...2,9.814347367,kha,0.146061955
2011,spruce,3...4,9.434314375,kha,0.160296358
2011,spruce,5...6,6.183852531,kha,0.201998537
2011,spruce,7...8,9.525042505,kha,0.164501304
2011,spruce,9...10,11.030481997,kha,0.163645545
2011,spruce,11...12,16.797860868,kha,0.128196305
2011,spruce,13...14,27.435194553,kha,0.104344762
2011,spruce,15...16,29.303961607,kha,0.106050712
2011,spruce,17...18,28.965308278,kha,0.107716598
2011,spruce,19...20,24.162154437,kha,0.102439445
2011,spruce,21...22,19.530599614,kha,0.115295577
2011,spruce,23...24,24.409498577,kha,0.104059405
2011,spruce,25...26,31.032569056,kha,0.091212906
2011,spruce,27...28,29.021193652,kha,0.101653772
2011,spruce,29...30,22.616953943,kha,0.108428176
2011,spruce,31...32,8.938214952,kha,0.174497956
2011,spruce,33...34,7.885793547,kha,0.175707176
2011,spruce,35...36,7.980402318,kha,0.182628251
2011,spruce,37...38,4.357938539,kha,0.248396063
2011,spruce,39...40,4.893446177,kha,0.214248018
2011,spruce,41...42,1.599508709,kha,0.366260358
2011,spruce,43...44,1.570248264,kha,0.453525292
2011,spruce,45...46,0.78793604,kha,0.583981983
2011,spruce,47...48,0.415041766,kha,0.706743626
2011,spruce,49...50,0.207520883,kha,0.999403143
2011,spruce,51...,0.415041766,kha,0.828551443
2011,spruce,all,338.31442632,kha,0.039904274
2012,aspen,0...2,14.149048921,kha,0.145161975
2012,aspen,3...4,9.996066127,kha,0.148061308
2012,aspen,5...6,4.850516027,kha,0.24018149
2012,aspen,7...8,1.32713236,kha,0.411594677
2012,aspen,9...10,4.207600982,kha,0.272030466
2012,aspen,11...12,1.442370276,kha,0.369838286
2012,aspen,13...14,2.113209156,kha,0.310775559
2012,aspen,15...16,3.789326939,kha,0.252920527
2012,aspen,17...18,1.759618385,kha,0.346490044
2012,aspen,19...20,3.874703023,kha,0.245825093
2012,aspen,21...22,5.107456987,kha,0.201747275
2012,aspen,23...24,6.980958774,kha,0.181287572
2012,aspen,25...26,9.998129156,kha,0.146292217
2012,aspen,27...28,6.443925077,kha,0.20380527
2012,aspen,29...30,8.543859992,kha,0.164228385
2012,aspen,31...32,5.634696504,kha,0.208272455
2012,aspen,33...34,5.796654747,kha,0.195645672
2012,aspen,35...36,6.500627133,kha,0.188843006
2012,aspen,37...38,2.817035672,kha,0.275127034
2012,aspen,39...40,4.488110493,kha,0.232891176
2012,aspen,41...42,0.738606277,kha,0.523744572
2012,aspen,43...44,0.729353902,kha,0.518212831
2012,aspen,45...46,1.595576273,kha,0.382727377
2012,aspen,47...48,0.208386829,kha,0.99938173
2012,aspen,49...50,0.625160487,kha,0.600215236
2012,aspen,51...,1.250320974,kha,0.546061698
2012,aspen,all,114.968451471,kha,0.056844923
2012,birch,0...2,40.191505208,kha,0.087360215
2012,birch,3...4,33.405429797,kha,0.095282015
2012,birch,5...6,23.139169307,kha,0.105267393
2012,birch,7...8,23.734155382,kha,0.095746978
2012,birch,9...10,38.867727876,kha,0.080284348
2012,birch,11...12,37.468889609,kha,0.090400895
2012,birch,13...14,64.758416036,kha,0.062760602
2012,birch,15...16,67.351935995,kha,0.069591315
2012,birch,17...18,76.958527138,kha,0.060739355
2012,birch,19...20,58.723991917,kha,0.073301237
2012,birch,21...22,49.204089695,kha,0.076389987
2012,birch,23...24,57.73002842,kha,0.071665789
2012,birch,25...26,38.82463348,kha,0.087998513
2012,birch,27...28,21.546489611,kha,0.114106626
2012,birch,29...30,15.927005346,kha,0.144148679
2012,birch,31...32,4.466209037,kha,0.232225491
2012,birch,33...34,2.825183597,kha,0.264778163
2012,birch,35...36,4.723400061,kha,0.223081705
2012,birch,37...38,1.250320974,kha,0.424064344
2012,birch,39...40,1.250320974,kha,0.432253285
2012,birch,41...42,0.416773658,kha,0.70650352
2012,birch,43...44,0.208386829,kha,0.999573519
2012,birch,45...46,1.165674244,kha,0.432097015
2012,birch,47...48,,kha,0.0
2012,birch,49...50,,kha,0.0
2012,birch,51...,,kha,0.0
2012,birch,all,664.138264194,kha,0.027346625
2012,black alder,0...2,2.709028778,kha,0.328085988
2012,black alder,3...4,2.91737393,kha,0.279790434
2012,black alder,5...6,2.29225512,kha,0.362750245
2012,black alder,7...8,1.022345783,kha,0.440027453
2012,black alder,9...10,1.041934145,kha,0.468868109
2012,black alder,11...12,2.29225512,kha,0.459309177
2012,black alder,13...14,2.49714105,kha,0.358693796
2012,black alder,15...16,5.269811166,kha,0.214526867
2012,black alder,17...18,8.727532143,kha,0.174606309
2012,black alder,19...20,7.522722852,kha,0.18882655
2012,black alder,21...22,6.584419477,kha,0.194643624
2012,black alder,23...24,10.554480313,kha,0.158118784
2012,black alder,25...26,5.844750427,kha,0.184250975
2012,black alder,27...28,5.698379518,kha,0.22892869
2012,black alder,29...30,3.784950815,kha,0.25611917
2012,black alder,31...32,0.416773658,kha,0.706452642
2012,black alder,33...34,0.208386829,kha,1.000531918
2012,black alder,35...36,0.833547316,kha,0.499800123
2012,black alder,37...38,0.208386829,kha,1.000100752
2012,black alder,39...40,0.208386829,kha,1.224122667
2012,black alder,41...42,,kha,0.0
2012,black alder,43...44,,kha,0.0
2012,black alder,45...46,0.05236761,kha,0.999381728
2012,black alder,47...48,,kha,0.0
2012,black alder,49...50,,kha,0.0
2012,black alder,51...,,kha,0.0
2012,black alder,all,70.68722971,kha,0.07469112
2012,grey alder,0...2,14.004490977,kha,0.134405198
2012,grey alder,3...4,15.061699877,kha,0.12811424
2012,grey alder,5...6,10.225354155,kha,0.150201151
2012,grey alder,7...8,8.845604121,kha,0.162798477
2012,grey alder,9...10,15.275754828,kha,0.128527253
2012,grey alder,11...12,16.427758897,kha,0.11325692
2012,grey alder,13...14,23.092407303,kha,0.100228135
2012,grey alder,15...16,25.53738913,kha,0.098051863
2012,grey alder,17...18,26.098137248,kha,0.096214194
2012,grey alder,19...20,14.723112957,kha,0.127544739
2012,grey alder,21...22,8.373086986,kha,0.167081945
2012,grey alder,23...24,5.742078237,kha,0.19341904
2012,grey alder,25...26,1.854496908,kha,0.347301234
2012,grey alder,27...28,0.493585043,kha,0.651240172
2012,grey alder,29...30,,kha,0.0
2012,grey alder,31...32,,kha,0.0
2012,grey alder,33...34,,kha,0.0
2012,grey alder,35...36,,kha,0.0
2012,grey alder,37...38,,kha,0.0
2012,grey alder,39...40,,kha,0.0
2012,grey alder,41...42,,kha,0.0
2012,grey alder,43...44,,kha,0.0
2012,grey alder,45...46,,kha,0.0
2012,grey alder,47...48,,kha,0.0
2012,grey alder,49...50,,kha,0.0
2012,grey alder,51...,,kha,0.0
2012,grey alder,all,185.754956667,kha,0.047979354
2012,pine,0...2,11.146715681,kha,0.193257126
2012,pine,3...4,12.929860939,kha,0.171833194
2012,pine,5...6,14.317279608,kha,0.154335352
2012,pine,7...8,16.259778274,kha,0.147790054
2012,pine,9...10,18.834772643,kha,0.135267765
2012,pine,11...12,29.652278812,kha,0.109725579
2012,pine,13...14,37.410228717,kha,0.089525783
2012,pine,15...16,31.260691713,kha,0.100380434
2012,pine,17...18,41.055435324,kha,0.0847108
2012,pine,19...20,42.721362991,kha,0.083885223
2012,pine,21...22,49.178166373,kha,0.083364387
2012,pine,23...24,78.850575353,kha,0.06574378
2012,pine,25...26,81.19824053,kha,0.064154925
2012,pine,27...28,78.384789112,kha,0.07260512
2012,pine,29...30,55.229073891,kha,0.082078335
2012,pine,31...32,30.239679605,kha,0.093531974
2012,pine,33...34,21.034233108,kha,0.105404935
2012,pine,35...36,16.673217743,kha,0.132568351
2012,pine,37...38,10.546103162,kha,0.15709798
2012,pine,39...40,6.668899498,kha,0.191832196
2012,pine,41...42,3.045010863,kha,0.266641315
2012,pine,43...44,1.723254883,kha,0.361804479
2012,pine,45...46,1.250320974,kha,0.423861827
2012,pine,47...48,0.751776325,kha,0.561618692
2012,pine,49...50,0.416773658,kha,0.706774787
2012,pine,51...,0.208386829,kha,1.224553224
2012,pine,all,690.986906607,kha,0.034419643
2012,spruce,0...2,9.470910479,kha,0.161673321
2012,spruce,3...4,10.612349335,kha,0.156006616
2012,spruce,5...6,6.664440019,kha,0.180994196
2012,spruce,7...8,9.556703336,kha,0.177266397
2012,spruce,9...10,11.163428304,kha,0.160157326
2012,spruce,11...12,14.590995708,kha,0.133712339
2012,spruce,13...14,26.229462628,kha,0.105271409
2012,spruce,15...16,30.022728078,kha,0.100481125
2012,spruce,17...18,31.421128733,kha,0.101736193
2012,spruce,19...20,21.419998806,kha,0.106410693
2012,spruce,21...22,20.228297047,kha,0.11105194
2012,spruce,23...24,25.276530497,kha,0.099822739
2012,spruce,25...26,31.795599865,kha,0.086583519
2012,spruce,27...28,30.29165128,kha,0.097798949
2012,spruce,29...30,21.494184517,kha,0.10576838
2012,spruce,31...32,9.478078986,kha,0.163949864
2012,spruce,33...34,8.335473163,kha,0.165570427
2012,spruce,35...36,8.556467395,kha,0.175632521
2012,spruce,37...38,3.542576094,kha,0.270181412
2012,spruce,39...40,4.913865623,kha,0.212491914
2012,spruce,41...42,1.814569992,kha,0.333867051
2012,spruce,43...44,1.57680062,kha,0.423736751
2012,spruce,45...46,0.908108124,kha,0.532689822
2012,spruce,47...48,0.208386829,kha,0.999489615
2012,spruce,49...50,0.208386829,kha,0.999765272
2012,spruce,51...,0.208386829,kha,1.116794663
2012,spruce,all,339.989509116,kha,0.038165626
2013,aspen,0...2,11.553147235,kha,0.152831897
2013,aspen,3...4,10.006233927,kha,0.146446108
2013,aspen,5...6,4.840256703,kha,0.21430631
2013,aspen,7...8,1.527755717,kha,0.356011394
2013,aspen,9...10,4.253379232,kha,0.248472587
2013,aspen,11...12,2.890868108,kha,0.284122232
2013,aspen,13...14,2.309858167,kha,0.318960488
2013,aspen,15...16,3.169586183,kha,0.265615801
2013,aspen,17...18,2.239613665,kha,0.295898085
2013,aspen,19...20,3.524665091,kha,0.284624869
2013,aspen,21...22,3.960894229,kha,0.211970306
2013,aspen,23...24,5.908997358,kha,0.1917491
2013,aspen,25...26,9.021483967,kha,0.146468226
2013,aspen,27...28,7.781610455,kha,0.180852171
2013,aspen,29...30,8.707996107,kha,0.170093464
2013,aspen,31...32,5.839996856,kha,0.199520309
2013,aspen,33...34,6.18201377,kha,0.176708501
2013,aspen,35...36,5.431094239,kha,0.198608365
2013,aspen,37...38,3.371528759,kha,0.240407157
2013,aspen,39...40,4.851369765,kha,0.212510967
2013,aspen,41...42,0.734871938,kha,0.512758042
2013,aspen,43...44,1.25320504,kha,0.391036337
2013,aspen,45...46,1.794842398,kha,0.334663422
2013,aspen,47...48,,kha,0.0
2013,aspen,49...50,0.621999722,kha,0.577401535
2013,aspen,51...,1.243999444,kha,0.471646093
2013,aspen,all,113.021268076,kha,0.055541803
2013,birch,0...2,34.67949083,kha,0.088539785
2013,birch,3...4,34.751269598,kha,0.087368544
2013,birch,5...6,25.386296651,kha,0.093950025
2013,birch,7...8,23.911784111,kha,0.093040923
2013,birch,9...10,37.194525973,kha,0.079040849
2013,birch,11...12,36.63352369,kha,0.085019084
2013,birch,13...14,60.131408453,kha,0.063342438
2013,birch,15...16,68.728937409,kha,0.067577961
2013,birch,17...18,76.151654024,kha,0.059518828
2013,birch,19...20,58.318092663,kha,0.072195572
2013,birch,21...22,46.99904539,kha,0.077406933
2013,birch,23...24,61.193244911,kha,0.066017337
2013,birch,25...26,42.754457087,kha,0.07922801
2013,birch,27...28,22.660735337,kha,0.104444536
2013,birch,29...30,14.378041906,kha,0.150735749
2013,birch,31...32,5.450977497,kha,0.200853419
2013,birch,33...34,2.478440825,kha,0.285182964
2013,birch,35...36,4.386217639,kha,0.216265732
2013,birch,37...38,1.865999166,kha,0.383266775
2013,birch,39...40,1.036666203,kha,0.447457422
2013,birch,41...42,0.414666481,kha,0.706788929
2013,birch,43...44,0.207333241,kha,0.999584475
2013,birch,45...46,1.159780682,kha,0.413257779
2013,birch,47...48,,kha,0.0
2013,birch,49...50,0.207333241,kha,0.999775262
2013,birch,51...,,kha,0.0
2013,birch,all,661.079923008,kha,0.026944653
2013,black alder,0...2,2.487998888,kha,0.311753161
2013,black alder,3...4,3.822188291,kha,0.233963687
2013,black alder,5...6,2.151393372,kha,0.335822094
2013,black alder,7...8,1.098036842,kha,0.405511905
2013,black alder,9...10,1.451332685,kha,0.377518374
2013,black alder,11...12,1.451332685,kha,0.428861594
2013,black alder,13...14,2.277182449,kha,0.321061346
2013,black alder,15...16,5.45050063,kha,0.202027179
2013,black alder,17...18,7.831100899,kha,0.176306823
2013,black alder,19...20,6.531038547,kha,0.204527269
2013,black alder,21...22,6.400501539,kha,0.18475413
2013,black alder,23...24,10.698623284,kha,0.155581208
2013,black alder,25...26,5.852353917,kha,0.182352772
2013,black alder,27...28,6.249293406,kha,0.19477362
2013,black alder,29...30,4.387814105,kha,0.229899919
2013,black alder,31...32,0.207333241,kha,0.999512918
2013,black alder,33...34,0.829332963,kha,0.499669683
2013,black alder,35...36,1.036666203,kha,0.446769556
2013,black alder,37...38,0.207333241,kha,1.000109066
2013,black alder,39...40,0.207333241,kha,0.999417502
2013,black alder,41...42,,kha,0.0
2013,black alder,43...44,,kha,0.0
2013,black alder,45...46,,kha,0.0
2013,black alder,47...48,0.052102843,kha,0.999393646
2013,black alder,49...50,,kha,0.0
2013,black alder,51...,,kha,0.0
2013,black alder,all,70.68079327,kha,0.069862705
2013,grey alder,0...2,14.911282267,kha,0.123945303
2013,grey alder,3...4,15.068482331,kha,0.122157262
2013,grey alder,5...6,14.786156657,kha,0.120650243
2013,grey alder,7...8,8.273902501,kha,0.159860797
2013,grey alder,9...10,13.390575881,kha,0.131272309
2013,grey alder,11...12,15.362625999,kha,0.115000241
2013,grey alder,13...14,23.185972635,kha,0.099923793
2013,grey alder,15...16,24.731455344,kha,0.097570808
2013,grey alder,17...18,29.726444845,kha,0.089920849
2013,grey alder,19...20,14.398319097,kha,0.125383926
2013,grey alder,21...22,9.892988511,kha,0.148625935
2013,grey alder,23...24,5.337504014,kha,0.196353682
2013,grey alder,25...26,2.713577454,kha,0.270480511
2013,grey alder,27...28,0.491089514,kha,0.616340688
2013,grey alder,29...30,,kha,0.0
2013,grey alder,31...32,,kha,0.0
2013,grey alder,33...34,,kha,0.0
2013,grey alder,35...36,,kha,0.0
2013,grey alder,37...38,,kha,0.0
2013,grey alder,39...40,,kha,0.0
2013,grey alder,41...42,,kha,0.0
2013,grey alder,43...44,,kha,0.0
2013,grey alder,45...46,,kha,0.0
2013,grey alder,47...48,,kha,0.0
2013,grey alder,49...50,,kha,0.0
2013,grey alder,51...,,kha,0.0
2013,grey alder,all,192.270377049,kha,0.046358513
2013,pine,0...2,10.775896383,kha,0.188847828
2013,pine,3...4,13.593617323,kha,0.156160609
2013,pine,5...6,15.31466982,kha,0.143691641
2013,pine,7...8,16.981380275,kha,0.139857418
2013,pine,9...10,19.323623895,kha,0.129451225
2013,pine,11...12,28.706779967,kha,0.108482306
2013,pine,13...14,36.326504627,kha,0.091746289
2013,pine,15...16,27.695180353,kha,0.098872405
2013,pine,17...18,39.414277114,kha,0.082330654
2013,pine,19...20,40.37704975,kha,0.080718634
2013,pine,21...22,49.74996356,kha,0.078824416
2013,pine,23...24,83.847324851,kha,0.062655596
2013,pine,25...26,86.573052032,kha,0.059597081
2013,pine,27...28,82.117191157,kha,0.071189323
2013,pine,29...30,54.220379228,kha,0.077720221
2013,pine,31...32,32.096636985,kha,0.091389025
2013,pine,33...34,20.370159161,kha,0.106297389
2013,pine,35...36,17.616732258,kha,0.126321595
2013,pine,37...38,10.125657873,kha,0.155215592
2013,pine,39...40,6.590149254,kha,0.181919228
2013,pine,41...42,2.827403403,kha,0.265973983
2013,pine,43...44,1.921875474,kha,0.323134822
2013,pine,45...46,1.572187231,kha,0.383344263
2013,pine,47...48,0.621999722,kha,0.576960932
2013,pine,49...50,0.540642158,kha,0.589522089
2013,pine,51...,0.207333241,kha,0.999966023
2013,pine,all,699.507667096,kha,0.032695711
2013,spruce,0...2,10.657716436,kha,0.146602819
2013,spruce,3...4,12.163619229,kha,0.132889751
2013,spruce,5...6,6.379788948,kha,0.187548683
2013,spruce,7...8,8.984474984,kha,0.169686966
2013,spruce,9...10,12.58763644,kha,0.154137449
2013,spruce,11...12,13.232567218,kha,0.139905988
2013,spruce,13...14,23.80044616,kha,0.106301215
2013,spruce,15...16,26.468389568,kha,0.097636044
2013,spruce,17...18,31.71251069,kha,0.098839465
2013,spruce,19...20,21.343547259,kha,0.105267879
2013,spruce,21...22,20.963132229,kha,0.111362203
2013,spruce,23...24,24.842337161,kha,0.098357605
2013,spruce,25...26,34.890369469,kha,0.080120994
2013,spruce,27...28,31.89969114,kha,0.097550004
2013,spruce,29...30,21.123172757,kha,0.102731882
2013,spruce,31...32,11.374405249,kha,0.143310521
2013,spruce,33...34,8.707996107,kha,0.159691815
2013,spruce,35...36,7.903978533,kha,0.175757351
2013,spruce,37...38,4.396273301,kha,0.225361985
2013,spruce,39...40,4.889021481,kha,0.198896821
2013,spruce,41...42,1.598062419,kha,0.354026306
2013,spruce,43...44,1.983494913,kha,0.358813772
2013,spruce,45...46,1.110850037,kha,0.470936925
2013,spruce,47...48,0.207333241,kha,0.999500992
2013,spruce,49...50,0.207333241,kha,0.999393646
2013,spruce,51...,0.207333241,kha,0.999584475
2013,spruce,all,343.63548145,kha,0.037579662
2014,aspen,0...2,15.263158733,kha,0.140582039
2014,aspen,3...4,10.083175364,kha,0.159412414
2014,aspen,5...6,6.105954792,kha,0.200484082
2014,aspen,7...8,2.595982293,kha,0.304138739
2014,aspen,9...10,3.789463045,kha,0.266728748
2014,aspen,11...12,2.319171501,kha,0.338108767
2014,aspen,13...14,2.87481261,kha,0.298270925
2014,aspen,15...16,3.463678782,kha,0.265550931
2014,aspen,17...18,1.320846727,kha,0.43146575
2014,aspen,19...20,3.919275752,kha,0.294250187
2014,aspen,21...22,3.515526191,kha,0.244717948
2014,aspen,23...24,4.854626314,kha,0.219780328
2014,aspen,25...26,7.561196994,kha,0.164196453
2014,aspen,27...28,6.93611531,kha,0.198190703
2014,aspen,29...30,9.444170612,kha,0.164380162
2014,aspen,31...32,6.82894458,kha,0.200063855
2014,aspen,33...34,5.40160677,kha,0.195298992
2014,aspen,35...36,5.212994828,kha,0.216576395
2014,aspen,37...38,4.17497863,kha,0.233732303
2014,aspen,39...40,4.611584302,kha,0.229430307
2014,aspen,41...42,0.970925263,kha,0.538157278
2014,aspen,43...44,1.173732132,kha,0.472702695
2014,aspen,45...46,1.359295368,kha,0.450633927
2014,aspen,47...48,0.388370105,kha,0.706599446
2014,aspen,49...50,0.904280953,kha,0.511468822
2014,aspen,51...,1.359295368,kha,0.46284812
2014,aspen,all,116.433163319,kha,0.058791425
2014,birch,0...2,33.988734046,kha,0.093049161
2014,birch,3...4,35.34366025,kha,0.091012923
2014,birch,5...6,28.650392766,kha,0.095209054
2014,birch,7...8,23.854565687,kha,0.102127342
2014,birch,9...10,34.250417823,kha,0.084022015
2014,birch,11...12,37.312793775,kha,0.084828325
2014,birch,13...14,56.191464583,kha,0.067462772
2014,birch,15...16,69.249127745,kha,0.069608208
2014,birch,17...18,70.545118786,kha,0.064045508
2014,birch,19...20,57.432773113,kha,0.076580759
2014,birch,21...22,46.251558951,kha,0.079772963
2014,birch,23...24,63.621722597,kha,0.066715764
2014,birch,25...26,40.194519374,kha,0.086349631
2014,birch,27...28,22.073713989,kha,0.113272483
2014,birch,29...30,15.711337835,kha,0.148059935
2014,birch,31...32,5.629327581,kha,0.212607174
2014,birch,33...34,2.500715107,kha,0.297505706
2014,birch,35...36,4.690617618,kha,0.217365393
2014,birch,37...38,1.836136183,kha,0.32424916
2014,birch,39...40,1.165110315,kha,0.440617792
2014,birch,41...42,0.388370105,kha,0.934266395
2014,birch,43...44,0.388370105,kha,0.706852212
2014,birch,45...46,0.697862242,kha,0.623636274
2014,birch,47...48,,kha,0.0
2014,birch,49...50,0.194185053,kha,1.413580894
2014,birch,51...,,kha,0.0
2014,birch,all,652.162595628,kha,0.028254966
2014,black alder,0...2,2.570194518,kha,0.314602213
2014,black alder,3...4,3.385616391,kha,0.248959124
2014,black alder,5...6,2.361892213,kha,0.316910405
2014,black alder,7...8,1.805144248,kha,0.385442458
2014,black alder,9...10,1.55348042,kha,0.390054991
2014,black alder,11...12,1.359295368,kha,0.467854088
2014,black alder,13...14,2.436245669,kha,0.307233202
2014,black alder,15...16,4.872957382,kha,0.22984196
2014,black alder,17...18,6.067972196,kha,0.222426892
2014,black alder,19...20,5.104503639,kha,0.236937506
2014,black alder,21...22,7.256811924,kha,0.19516964
2014,black alder,23...24,10.57727923,kha,0.168116462
2014,black alder,25...26,5.232801703,kha,0.220021281
2014,black alder,27...28,6.865723229,kha,0.203669792
2014,black alder,29...30,4.303742738,kha,0.246410268
2014,black alder,31...32,0.77674021,kha,0.515217687
2014,black alder,33...34,0.970925263,kha,0.489302313
2014,black alder,35...36,0.77674021,kha,0.530190701
2014,black alder,37...38,0.388370105,kha,0.706638947
2014,black alder,39...40,0.194185053,kha,1.117553357
2014,black alder,41...42,,kha,0.0
2014,black alder,43...44,,kha,0.0
2014,black alder,45...46,,kha,0.0
2014,black alder,47...48,0.048798704,kha,0.999462608
2014,black alder,49...50,,kha,0.0
2014,black alder,51...,,kha,0.0
2014,black alder,all,68.909420414,kha,0.079674135
2014,grey alder,0...2,17.580038851,kha,0.114196478
2014,grey alder,3...4,16.281076779,kha,0.128629783
2014,grey alder,5...6,16.889652733,kha,0.122825038
2014,grey alder,7...8,8.958882747,kha,0.16395195
2014,grey alder,9...10,12.645952014,kha,0.141164725
2014,grey alder,11...12,13.081780946,kha,0.135933664
2014,grey alder,13...14,21.397406288,kha,0.110432273
2014,grey alder,15...16,26.694444406,kha,0.097889972
2014,grey alder,17...18,28.660568063,kha,0.101249066
2014,grey alder,19...20,15.08107141,kha,0.132741738
2014,grey alder,21...22,9.584663497,kha,0.173523935
2014,grey alder,23...24,5.524001608,kha,0.206101251
2014,grey alder,25...26,2.240274114,kha,0.348581639
2014,grey alder,27...28,0.265761663,kha,0.789607729
2014,grey alder,29...30,,kha,0.0
2014,grey alder,31...32,,kha,0.0
2014,grey alder,33...34,,kha,0.0
2014,grey alder,35...36,,kha,0.0
2014,grey alder,37...38,,kha,0.0
2014,grey alder,39...40,,kha,0.0
2014,grey alder,41...42,,kha,0.0
2014,grey alder,43...44,,kha,0.0
2014,grey alder,45...46,,kha,0.0
2014,grey alder,47...48,,kha,0.0
2014,grey alder,49...50,,kha,0.0
2014,grey alder,51...,,kha,0.0
2014,grey alder,all,194.885575118,kha,0.049388402
2014,pine,0...2,10.474982545,kha,0.176864374
2014,pine,3...4,12.245775457,kha,0.171770322
2014,pine,5...6,14.75485994,kha,0.15677958
2014,pine,7...8,15.710308654,kha,0.152014999
2014,pine,9...10,20.21699419,kha,0.132885774
2014,pine,11...12,24.26023768,kha,0.124443172
2014,pine,13...14,37.432062235,kha,0.100283939
2014,pine,15...16,27.640242123,kha,0.103559632
2014,pine,17...18,39.572797091,kha,0.085855149
2014,pine,19...20,39.969400642,kha,0.08194847
2014,pine,21...22,47.062844682,kha,0.076875853
2014,pine,23...24,85.880436685,kha,0.06445712
2014,pine,25...26,85.776411752,kha,0.062998852
2014,pine,27...28,91.325540906,kha,0.066377696
2014,pine,29...30,57.058481424,kha,0.078436905
2014,pine,31...32,34.377706125,kha,0.093914295
2014,pine,33...34,21.644972811,kha,0.117869754
2014,pine,35...36,17.351774321,kha,0.13456438
2014,pine,37...38,10.628485829,kha,0.156660203
2014,pine,39...40,6.366415203,kha,0.196326904
2014,pine,41...42,2.842286614,kha,0.291197832
2014,pine,43...44,1.553927046,kha,0.390275265
2014,pine,45...46,1.86085594,kha,0.389507699
2014,pine,47...48,0.388370105,kha,0.828494524
2014,pine,49...50,0.506356943,kha,0.669034086
2014,pine,51...,0.388370105,kha,0.707357472
2014,pine,all,707.290897048,kha,0.033579225
2014,spruce,0...2,12.704518225,kha,0.128887789
2014,spruce,3...4,13.767972666,kha,0.131206503
2014,spruce,5...6,7.500533584,kha,0.17112063
2014,spruce,7...8,8.365919271,kha,0.181243452
2014,spruce,9...10,11.21164296,kha,0.180241449
2014,spruce,11...12,12.688517377,kha,0.138593203
2014,spruce,13...14,20.446559759,kha,0.112040797
2014,spruce,15...16,28.920523593,kha,0.094283458
2014,spruce,17...18,31.787005665,kha,0.093718034
2014,spruce,19...20,23.379686141,kha,0.114567341
2014,spruce,21...22,24.297734814,kha,0.107444928
2014,spruce,23...24,27.46516488,kha,0.093216452
2014,spruce,25...26,38.493089362,kha,0.080178266
2014,spruce,27...28,32.362162372,kha,0.096953529
2014,spruce,29...30,21.138654705,kha,0.10984588
2014,spruce,31...32,14.033695492,kha,0.13893249
2014,spruce,33...34,10.095409023,kha,0.155929728
2014,spruce,35...36,7.791112097,kha,0.194576463
2014,spruce,37...38,3.72911033,kha,0.264936122
2014,spruce,39...40,4.785535272,kha,0.220145994
2014,spruce,41...42,2.079275287,kha,0.338625897
2014,spruce,43...44,1.798949745,kha,0.469993528
2014,spruce,45...46,1.42877478,kha,0.453138256
2014,spruce,47...48,0.194185053,kha,1.224534092
2014,spruce,49...50,0.194185053,kha,1.1173935
2014,spruce,51...,0.194185053,kha,0.999641323
2014,spruce,all,360.854102556,kha,0.038317008
2015,aspen,0...2,17.048878719,kha,0.127506745
2015,aspen,3...4,10.357672039,kha,0.154960664
2015,aspen,5...6,5.9491084,kha,0.20486214
2015,aspen,7...8,3.184801016,kha,0.265585765
2015,aspen,9...10,3.4601609,kha,0.259452582
2015,aspen,11...12,3.290144462,kha,0.278730841
2015,aspen,13...14,2.897999128,kha,0.290939641
2015,aspen,15...16,2.910963065,kha,0.288755174
2015,aspen,17...18,1.745217267,kha,0.367482282
2015,aspen,19...20,4.250997715,kha,0.293229199
2015,aspen,21...22,3.13628252,kha,0.250431895
2015,aspen,23...24,4.767501492,kha,0.231327279
2015,aspen,25...26,6.461706493,kha,0.181882213
2015,aspen,27...28,7.466475769,kha,0.182085169
2015,aspen,29...30,8.734594493,kha,0.187634963
2015,aspen,31...32,6.998545498,kha,0.189151235
2015,aspen,33...34,5.50096326,kha,0.197485845
2015,aspen,35...36,6.90886146,kha,0.220826793
2015,aspen,37...38,4.309087887,kha,0.236842026
2015,aspen,39...40,4.3565612,kha,0.237651081
2015,aspen,41...42,0.91682721,kha,0.547294888
2015,aspen,43...44,1.391523666,kha,0.415605167
2015,aspen,45...46,1.283558094,kha,0.451040985
2015,aspen,47...48,0.733461768,kha,0.530373741
2015,aspen,49...50,1.037261632,kha,0.495883018
2015,aspen,51...,1.283558094,kha,0.519646662
2015,aspen,all,120.382713246,kha,0.056817128
2015,birch,0...2,32.511316308,kha,0.091664772
2015,birch,3...4,37.056083797,kha,0.08742571
2015,birch,5...6,29.939285926,kha,0.093999648
2015,birch,7...8,25.597962395,kha,0.09937221
2015,birch,9...10,34.699324444,kha,0.084089199
2015,birch,11...12,38.786485137,kha,0.083318217
2015,birch,13...14,54.280113187,kha,0.069057312
2015,birch,15...16,69.415390154,kha,0.068183757
2015,birch,17...18,69.597655403,kha,0.064673214
2015,birch,19...20,57.829426365,kha,0.074659781
2015,birch,21...22,46.014182427,kha,0.084987485
2015,birch,23...24,60.146835494,kha,0.070772508
2015,birch,25...26,39.958190311,kha,0.084915455
2015,birch,27...28,22.415270081,kha,0.113471315
2015,birch,29...30,16.627394914,kha,0.139478261
2015,birch,31...32,6.350183631,kha,0.192174478
2015,birch,33...34,3.442264433,kha,0.258552301
2015,birch,35...36,4.765667837,kha,0.226239066
2015,birch,37...38,1.917195715,kha,0.329600211
2015,birch,39...40,1.045824798,kha,0.463186103
2015,birch,41...42,0.733461768,kha,0.598813561
2015,birch,43...44,0.366730884,kha,0.865321249
2015,birch,45...46,0.292247841,kha,0.99704424
2015,birch,47...48,0.366730884,kha,0.79107874
2015,birch,49...50,0.183365442,kha,1.413603435
2015,birch,51...,,kha,0.0
2015,birch,all,654.338589578,kha,0.028411726
2015,black alder,0...2,3.132523528,kha,0.280939327
2015,black alder,3...4,3.41320101,kha,0.253245832
2015,black alder,5...6,2.098580811,kha,0.376131722
2015,black alder,7...8,1.890497707,kha,0.356999892
2015,black alder,9...10,1.650288978,kha,0.400226924
2015,black alder,11...12,2.017019862,kha,0.35184467
2015,black alder,13...14,2.850599161,kha,0.289856194
2015,black alder,15...16,4.37253233,kha,0.227144225
2015,black alder,17...18,7.013434772,kha,0.203453364
2015,black alder,19...20,5.260296117,kha,0.223988146
2015,black alder,21...22,8.13603468,kha,0.184954259
2015,black alder,23...24,9.674195691,kha,0.165354224
2015,black alder,25...26,5.478097589,kha,0.208611723
2015,black alder,27...28,7.583371238,kha,0.186744653
2015,black alder,29...30,4.247312069,kha,0.232388368
2015,black alder,31...32,0.91682721,kha,0.519326886
2015,black alder,33...34,1.283558094,kha,0.410246477
2015,black alder,35...36,0.733461768,kha,0.559039547
2015,black alder,37...38,0.366730884,kha,0.789904798
2015,black alder,39...40,0.183365442,kha,1.223902462
2015,black alder,41...42,,kha,0.0
2015,black alder,43...44,,kha,0.0
2015,black alder,45...46,,kha,0.0
2015,black alder,47...48,0.046079736,kha,0.999474657
2015,black alder,49...50,,kha,0.0
2015,black alder,51...,,kha,0.0
2015,black alder,all,72.348008677,kha,0.073783296
2015,grey alder,0...2,20.413854619,kha,0.109611788
2015,grey alder,3...4,17.56541917,kha,0.121854523
2015,grey alder,5...6,18.253351298,kha,0.116109469
2015,grey alder,7...8,9.652100155,kha,0.157974219
2015,grey alder,9...10,11.764378364,kha,0.145074368
2015,grey alder,11...12,11.712797665,kha,0.137736679
2015,grey alder,13...14,22.306002614,kha,0.108082205
2015,grey alder,15...16,25.579424148,kha,0.101288726
2015,grey alder,17...18,28.943281518,kha,0.097691455
2015,grey alder,19...20,14.535323577,kha,0.134942469
2015,grey alder,21...22,8.373291226,kha,0.170115381
2015,grey alder,23...24,5.582945949,kha,0.214946495
2015,grey alder,25...26,2.792729028,kha,0.286665955
2015,grey alder,27...28,0.250953944,kha,0.869901656
2015,grey alder,29...30,,kha,0.0
2015,grey alder,31...32,,kha,0.0
2015,grey alder,33...34,,kha,0.0
2015,grey alder,35...36,,kha,0.0
2015,grey alder,37...38,,kha,0.0
2015,grey alder,39...40,,kha,0.0
2015,grey alder,41...42,,kha,0.0
2015,grey alder,43...44,,kha,0.0
2015,grey alder,45...46,,kha,0.0
2015,grey alder,47...48,,kha,0.0
2015,grey alder,49...50,,kha,0.0
2015,grey alder,51...,,kha,0.0
2015,grey alder,all,197.725853275,kha,0.046246178
2015,pine,0...2,10.032876832,kha,0.183652931
2015,pine,3...4,11.645869279,kha,0.178323904
2015,pine,5...6,15.890247501,kha,0.151914435
2015,pine,7...8,15.711686234,kha,0.145606833
2015,pine,9...10,19.945392587,kha,0.124628686
2015,pine,11...12,25.108890088,kha,0.114782596
2015,pine,13...14,35.106322379,kha,0.104199422
2015,pine,15...16,26.975972028,kha,0.101811208
2015,pine,17...18,40.25676426,kha,0.083361264
2015,pine,19...20,41.775121803,kha,0.080219415
2015,pine,21...22,46.624440955,kha,0.077703905
2015,pine,23...24,80.956484419,kha,0.064063933
2015,pine,25...26,83.97676996,kha,0.063852029
2015,pine,27...28,90.601855062,kha,0.067066154
2015,pine,29...30,58.504229528,kha,0.074814236
2015,pine,31...32,35.423251209,kha,0.095470394
2015,pine,33...34,21.956636438,kha,0.125188871
2015,pine,35...36,16.232315733,kha,0.147689
2015,pine,37...38,10.764596628,kha,0.16160184
2015,pine,39...40,6.301298404,kha,0.199017183
2015,pine,41...42,4.15084351,kha,0.24471859
2015,pine,43...44,1.467345276,kha,0.399853057
2015,pine,45...46,1.757172694,kha,0.419912987
2015,pine,47...48,0.550096326,kha,0.686491248
2015,pine,49...50,0.478143727,kha,0.695632015
2015,pine,51...,0.366730884,kha,0.865711133
2015,pine,all,702.561353745,kha,0.032755082
2015,spruce,0...2,12.883842724,kha,0.138853093
2015,spruce,3...4,14.340772843,kha,0.130672665
2015,spruce,5...6,9.785370158,kha,0.154514448
2015,spruce,7...8,9.515712939,kha,0.172601762
2015,spruce,9...10,10.92344611,kha,0.178900614
2015,spruce,11...12,15.41982346,kha,0.130449756
2015,spruce,13...14,17.062209387,kha,0.12190047
2015,spruce,15...16,27.968364136,kha,0.094223267
2015,spruce,17...18,28.220124888,kha,0.099594968
2015,spruce,19...20,26.647454502,kha,0.106105851
2015,spruce,21...22,26.835092359,kha,0.100281893
2015,spruce,23...24,27.10187074,kha,0.094090726
2015,spruce,25...26,40.025540438,kha,0.081828379
2015,spruce,27...28,30.5376257,kha,0.095609535
2015,spruce,29...30,23.279618102,kha,0.101526052
2015,spruce,31...32,12.979926215,kha,0.1424297
2015,spruce,33...34,9.940002235,kha,0.15491791
2015,spruce,35...36,7.884714006,kha,0.184100046
2015,spruce,37...38,4.621524263,kha,0.244765138
2015,spruce,39...40,3.110024589,kha,0.283318894
2015,spruce,41...42,1.596691259,kha,0.400882642
2015,spruce,43...44,1.778168037,kha,0.435867815
2015,spruce,45...46,1.455041455,kha,0.413287304
2015,spruce,47...48,0.183365442,kha,1.117413146
2015,spruce,49...50,0.183365442,kha,1.22453128
2015,spruce,51...,0.366730884,kha,0.829133248
2015,spruce,all,364.646422314,kha,0.037229514
2016,aspen,0...2,18.912597243,kha,0.120997829
2016,aspen,3...4,10.399832051,kha,0.152385871
2016,aspen,5...6,5.594506954,kha,0.201014563
2016,aspen,7...8,4.859280465,kha,0.223301574
2016,aspen,9...10,3.849070765,kha,0.239680371
2016,aspen,11...12,3.642603409,kha,0.254360179
2016,aspen,13...14,2.742803504,kha,0.286895867
2016,aspen,15...16,2.165156539,kha,0.293092548
2016,aspen,17...18,2.665315335,kha,0.311345727
2016,aspen,19...20,3.502708196,kha,0.293844311
2016,aspen,21...22,2.166423422,kha,0.315725598
2016,aspen,23...24,4.338643272,kha,0.247935203
2016,aspen,25...26,5.930352652,kha,0.185906056
2016,aspen,27...28,8.281446087,kha,0.16857274
2016,aspen,29...30,8.531195748,kha,0.173984789
2016,aspen,31...32,6.228278609,kha,0.189648661
2016,aspen,33...34,6.074100581,kha,0.188044632
2016,aspen,35...36,6.993233481,kha,0.21599928
2016,aspen,37...38,4.491762671,kha,0.221243224
2016,aspen,39...40,4.732592081,kha,0.214886669
2016,aspen,41...42,1.27422482,kha,0.432635156
2016,aspen,43...44,1.309298412,kha,0.41245221
2016,aspen,45...46,0.884944391,kha,0.529952185
2016,aspen,47...48,1.90900304,kha,0.342748274
2016,aspen,49...50,0.981713491,kha,0.47992169
2016,aspen,51...,1.561911578,kha,0.415162818
2016,aspen,all,124.022998797,kha,0.054169024
2016,birch,0...2,29.911804185,kha,0.093798708
2016,birch,3...4,35.123729575,kha,0.088672337
2016,birch,5...6,28.021179638,kha,0.092778775
2016,birch,7...8,26.490020363,kha,0.095725403
2016,birch,9...10,34.839288122,kha,0.082503592
2016,birch,11...12,38.827716109,kha,0.078477424
2016,birch,13...14,55.218069117,kha,0.066548524
2016,birch,15...16,66.676026844,kha,0.068017237
2016,birch,17...18,68.146688077,kha,0.062590655
2016,birch,19...20,53.03113259,kha,0.075093573
2016,birch,21...22,43.661242388,kha,0.08370606
2016,birch,23...24,60.640991407,kha,0.067390283
2016,birch,25...26,42.373411582,kha,0.079866652
2016,birch,27...28,22.714515633,kha,0.113542612
2016,birch,29...30,15.518389838,kha,0.13917251
2016,birch,31...32,8.521702797,kha,0.160669426
2016,birch,33...34,3.52306511,kha,0.245473585
2016,birch,35...36,4.336907815,kha,0.225894644
2016,birch,37...38,1.640979013,kha,0.355991256
2016,birch,39...40,0.989818076,kha,0.494945781
2016,birch,41...42,0.694182924,kha,0.64883553
2016,birch,43...44,0.520637193,kha,0.706365942
2016,birch,45...46,0.276597186,kha,0.893435181
2016,birch,47...48,0.520637193,kha,0.706893277
2016,birch,49...50,0.173545731,kha,1.322721295
2016,birch,51...,,kha,0.0
2016,birch,all,642.392278505,kha,0.02715804
2016,black alder,0...2,3.864984909,kha,0.255900581
2016,black alder,3...4,3.942872233,kha,0.232772203
2016,black alder,5...6,2.761372897,kha,0.327662714
2016,black alder,7...8,1.962802216,kha,0.348942835
2016,black alder,9...10,2.082548771,kha,0.345208213
2016,black alder,11...12,1.90900304,kha,0.324336267
2016,black alder,13...14,2.67527686,kha,0.29544686
2016,black alder,15...16,5.121768383,kha,0.205076843
2016,black alder,17...18,6.247646312,kha,0.198228221
2016,black alder,19...20,5.557107849,kha,0.212287861
2016,black alder,21...22,6.802784396,kha,0.203551067
2016,black alder,23...24,9.826957593,kha,0.16428174
2016,black alder,25...26,6.052459429,kha,0.215925083
2016,black alder,27...28,7.751576261,kha,0.183868779
2016,black alder,29...30,4.649151294,kha,0.217419013
2016,black alder,31...32,1.041274385,kha,0.552861858
2016,black alder,33...34,1.476110569,kha,0.367096098
2016,black alder,35...36,0.347091462,kha,0.750126996
2016,black alder,37...38,0.694182924,kha,0.55869629
2016,black alder,39...40,0.173545731,kha,1.223925917
2016,black alder,41...42,,kha,0.0
2016,black alder,43...44,,kha,0.0
2016,black alder,45...46,0.173545731,kha,0.999955517
2016,black alder,47...48,0.043612042,kha,0.999476285
2016,black alder,49...50,,kha,0.0
2016,black alder,51...,,kha,0.0
2016,black alder,all,75.157675287,kha,0.072498435
2016,grey alder,0...2,22.210330576,kha,0.110425719
2016,grey alder,3...4,18.155885792,kha,0.116892681
2016,grey alder,5...6,17.335708668,kha,0.116908459
2016,grey alder,7...8,10.557324802,kha,0.16926216
2016,grey alder,9...10,11.018574645,kha,0.156733931
2016,grey alder,11...12,11.460508849,kha,0.136059445
2016,grey alder,13...14,21.722424108,kha,0.107311391
2016,grey alder,15...16,24.280384054,kha,0.105377364
2016,grey alder,17...18,26.708427666,kha,0.10176038
2016,grey alder,19...20,13.829859295,kha,0.130561342
2016,grey alder,21...22,9.1002522,kha,0.162957516
2016,grey alder,23...24,6.019034521,kha,0.197994883
2016,grey alder,25...26,2.916401298,kha,0.283555103
2016,grey alder,27...28,0.753153763,kha,0.580425984
2016,grey alder,29...30,,kha,0.0
2016,grey alder,31...32,,kha,0.0
2016,grey alder,33...34,0.14530984,kha,1.224439577
2016,grey alder,35...36,,kha,0.0
2016,grey alder,37...38,,kha,0.0
2016,grey alder,39...40,,kha,0.0
2016,grey alder,41...42,,kha,0.0
2016,grey alder,43...44,,kha,0.0
2016,grey alder,45...46,,kha,0.0
2016,grey alder,47...48,,kha,0.0
2016,grey alder,49...50,,kha,0.0
2016,grey alder,51...,,kha,0.0
2016,grey alder,all,196.213580077,kha,0.046072166
2016,pine,0...2,9.701275775,kha,0.163878113
2016,pine,3...4,10.24317232,kha,0.165770714
2016,pine,5...6,15.936739177,kha,0.144808023
2016,pine,7...8,16.695498467,kha,0.141410194
2016,pine,9...10,20.157371352,kha,0.119666621
2016,pine,11...12,24.979061812,kha,0.107833877
2016,pine,13...14,33.96086905,kha,0.105269658
2016,pine,15...16,27.479300448,kha,0.097473813
2016,pine,17...18,39.515981123,kha,0.082617952
2016,pine,19...20,43.237929641,kha,0.077040172
2016,pine,21...22,48.146913603,kha,0.073176073
2016,pine,23...24,77.427757574,kha,0.064933447
2016,pine,25...26,83.129585208,kha,0.065120093
2016,pine,27...28,88.482221477,kha,0.062527466
2016,pine,29...30,58.937865668,kha,0.072479885
2016,pine,31...32,35.386911676,kha,0.094572285
2016,pine,33...34,21.584837052,kha,0.119733623
2016,pine,35...36,18.211368363,kha,0.129563264
2016,pine,37...38,10.998287149,kha,0.156567319
2016,pine,39...40,7.220248652,kha,0.177726344
2016,pine,41...42,2.917008709,kha,0.287707934
2016,pine,43...44,0.799108672,kha,0.567966212
2016,pine,45...46,1.402752788,kha,0.452227277
2016,pine,47...48,0.694182924,kha,0.598496524
2016,pine,49...50,0.278992117,kha,0.870412968
2016,pine,51...,0.608381914,kha,0.661554837
2016,pine,all,698.13362271,kha,0.031778061
2016,spruce,0...2,12.864112011,kha,0.142037592
2016,spruce,3...4,14.567584842,kha,0.125149746
2016,spruce,5...6,10.77510734,kha,0.153246271
2016,spruce,7...8,8.942637967,kha,0.175123315
2016,spruce,9...10,10.264882891,kha,0.165962111
2016,spruce,11...12,15.598498547,kha,0.118318913
2016,spruce,13...14,18.709236355,kha,0.119752994
2016,spruce,15...16,27.100259217,kha,0.092414851
2016,spruce,17...18,29.259185464,kha,0.093309779
2016,spruce,19...20,25.25578048,kha,0.105006643
2016,spruce,21...22,27.15214939,kha,0.099567524
2016,spruce,23...24,27.739046343,kha,0.09381469
2016,spruce,25...26,39.961681269,kha,0.079521408
2016,spruce,27...28,32.442725706,kha,0.089384593
2016,spruce,29...30,22.041921798,kha,0.103278238
2016,spruce,31...32,14.37517469,kha,0.134326114
2016,spruce,33...34,11.454851258,kha,0.142255008
2016,spruce,35...36,7.672890627,kha,0.176587395
2016,spruce,37...38,5.762395094,kha,0.209796247
2016,spruce,39...40,3.603000274,kha,0.252340222
2016,spruce,41...42,1.843385399,kha,0.380241354
2016,spruce,43...44,1.50939664,kha,0.401649547
2016,spruce,45...46,1.615745464,kha,0.375723069
2016,spruce,47...48,0.520637193,kha,0.623111222
2016,spruce,49...50,0.347091462,kha,0.790576276
2016,spruce,51...,0.347091462,kha,0.790412132
2016,spruce,all,371.726469183,kha,0.035603009
2017,aspen,0...2,19.01636829,kha,0.10601925
2017,aspen,3...4,10.572160134,kha,0.144824531
2017,aspen,5...6,5.767503279,kha,0.190794811
2017,aspen,7...8,5.401433406,kha,0.196416018
2017,aspen,9...10,4.284973489,kha,0.213877602
2017,aspen,11...12,3.59920423,kha,0.232253522
2017,aspen,13...14,2.914237002,kha,0.263638031
2017,aspen,15...16,2.831267712,kha,0.254378757
2017,aspen,17...18,2.513794371,kha,0.279321112
2017,aspen,19...20,4.121981144,kha,0.254568726
2017,aspen,21...22,2.127837402,kha,0.304853965
2017,aspen,23...24,5.316860053,kha,0.208189017
2017,aspen,25...26,6.937044556,kha,0.191765793
2017,aspen,27...28,7.517780487,kha,0.166433004
2017,aspen,29...30,8.520237423,kha,0.161646073
2017,aspen,31...32,5.913358349,kha,0.168342016
2017,aspen,33...34,5.401433406,kha,0.196940166
2017,aspen,35...36,8.314311866,kha,0.191044185
2017,aspen,37...38,4.684483145,kha,0.215290702
2017,aspen,39...40,4.136188551,kha,0.211140864
2017,aspen,41...42,1.529145797,kha,0.34012446
2017,aspen,43...44,1.45287101,kha,0.358747427
2017,aspen,45...46,0.998315837,kha,0.450522388
2017,aspen,47...48,2.127837402,kha,0.314900219
2017,aspen,49...50,1.253263494,kha,0.412952106
2017,aspen,51...,1.800477802,kha,0.37433704
2017,aspen,all,129.054369641,kha,0.050771404
2017,birch,0...2,29.734956373,kha,0.089414626
2017,birch,3...4,34.143295328,kha,0.080500107
2017,birch,5...6,27.607020763,kha,0.088837525
2017,birch,7...8,28.673345557,kha,0.089187036
2017,birch,9...10,35.241995986,kha,0.082282172
2017,birch,11...12,40.140474103,kha,0.07227982
2017,birch,13...14,56.490187456,kha,0.061224343
2017,birch,15...16,66.281594943,kha,0.062152981
2017,birch,17...18,67.089911268,kha,0.057944154
2017,birch,19...20,52.591187303,kha,0.069030662
2017,birch,21...22,44.907599179,kha,0.075976191
2017,birch,23...24,63.348518395,kha,0.06089081
2017,birch,25...26,43.606573919,kha,0.07435814
2017,birch,27...28,21.49371117,kha,0.106107164
2017,birch,29...30,14.98081008,kha,0.124760724
2017,birch,31...32,8.958997495,kha,0.141007359
2017,birch,33...34,4.390334177,kha,0.211909355
2017,birch,35...36,4.090358207,kha,0.223647242
2017,birch,37...38,1.384010918,kha,0.364499966
2017,birch,39...40,1.404241742,kha,0.381884065
2017,birch,41...42,0.818399001,kha,0.489920317
2017,birch,43...44,0.491039401,kha,0.645325559
2017,birch,45...46,0.424552666,kha,0.613207143
2017,birch,47...48,0.491039401,kha,0.666848763
2017,birch,49...50,0.1636798,kha,1.000071199
2017,birch,51...,,kha,0.0
2017,birch,all,648.947834629,kha,0.024949148
2017,black alder,0...2,3.760412465,kha,0.238583886
2017,black alder,3...4,4.627129743,kha,0.207464165
2017,black alder,5...6,3.357187278,kha,0.270173466
2017,black alder,7...8,2.23927061,kha,0.307895297
2017,black alder,9...10,2.127837402,kha,0.305232813
2017,black alder,11...12,2.633673457,kha,0.252540676
2017,black alder,13...14,2.787008694,kha,0.273608236
2017,black alder,15...16,4.132947691,kha,0.222558131
2017,black alder,17...18,5.303896613,kha,0.187773322
2017,black alder,19...20,5.621042594,kha,0.197467936
2017,black alder,21...22,7.627413217,kha,0.176552438
2017,black alder,23...24,10.128882499,kha,0.13802595
2017,black alder,25...26,6.43227242,kha,0.194251822
2017,black alder,27...28,7.751760761,kha,0.172692222
2017,black alder,29...30,5.321475824,kha,0.193755504
2017,black alder,31...32,1.529145797,kha,0.395728637
2017,black alder,33...34,1.555874709,kha,0.34480833
2017,black alder,35...36,0.3273596,kha,0.790736866
2017,black alder,37...38,0.654719201,kha,0.499657482
2017,black alder,39...40,0.1636798,kha,1.000052377
2017,black alder,41...42,,kha,0.0
2017,black alder,43...44,,kha,0.0
2017,black alder,45...46,0.1636798,kha,0.999920581
2017,black alder,47...48,0.041132734,kha,0.999769937
2017,black alder,49...50,,kha,0.0
2017,black alder,51...,,kha,0.0
2017,black alder,all,78.28780291,kha,0.065734476
2017,grey alder,0...2,21.759510797,kha,0.10036181
2017,grey alder,3...4,17.966526051,kha,0.107454604
2017,grey alder,5...6,18.07933417,kha,0.105488508
2017,grey alder,7...8,10.022572469,kha,0.165386294
2017,grey alder,9...10,11.693808701,kha,0.140026062
2017,grey alder,11...12,11.776565208,kha,0.132195963
2017,grey alder,13...14,20.467258775,kha,0.103324529
2017,grey alder,15...16,23.25287619,kha,0.097240567
2017,grey alder,17...18,25.688415249,kha,0.09315107
2017,grey alder,19...20,12.33865801,kha,0.126951138
2017,grey alder,21...22,10.390541028,kha,0.141197599
2017,grey alder,23...24,5.25449805,kha,0.204670356
2017,grey alder,25...26,3.991364664,kha,0.219781145
2017,grey alder,27...28,0.710337597,kha,0.554693852
2017,grey alder,29...30,0.491039401,kha,0.623502335
2017,grey alder,31...32,,kha,0.0
2017,grey alder,33...34,0.137049097,kha,1.224972089
2017,grey alder,35...36,,kha,0.0
2017,grey alder,37...38,,kha,0.0
2017,grey alder,39...40,,kha,0.0
2017,grey alder,41...42,,kha,0.0
2017,grey alder,43...44,,kha,0.0
2017,grey alder,45...46,,kha,0.0
2017,grey alder,47...48,,kha,0.0
2017,grey alder,49...50,,kha,0.0
2017,grey alder,51...,,kha,0.0
2017,grey alder,all,194.020355454,kha,0.04192858
2017,pine,0...2,9.313446103,kha,0.155007002
2017,pine,3...4,9.497176678,kha,0.159724868
2017,pine,5...6,14.720919293,kha,0.148779899
2017,pine,7...8,19.047090988,kha,0.127961261
2017,pine,9...10,18.813863641,kha,0.110060378
2017,pine,11...12,26.523820581,kha,0.102944057
2017,pine,13...14,31.239059161,kha,0.104966045
2017,pine,15...16,27.266452202,kha,0.094690739
2017,pine,17...18,38.036861311,kha,0.079098278
2017,pine,19...20,43.024348502,kha,0.074875036
2017,pine,21...22,49.663512189,kha,0.068809698
2017,pine,23...24,72.068166919,kha,0.061530433
2017,pine,25...26,81.948943577,kha,0.060570786
2017,pine,27...28,84.89177544,kha,0.061147843
2017,pine,29...30,64.074094582,kha,0.066789646
2017,pine,31...32,36.016332385,kha,0.085940443
2017,pine,33...34,22.247964057,kha,0.11140345
2017,pine,35...36,18.486651352,kha,0.120276156
2017,pine,37...38,11.315610154,kha,0.146411701
2017,pine,39...40,7.628182512,kha,0.171132193
2017,pine,41...42,3.405898386,kha,0.259321873
2017,pine,43...44,0.917359808,kha,0.46727139
2017,pine,45...46,1.486687257,kha,0.409856777
2017,pine,47...48,0.818399001,kha,0.547467508
2017,pine,49...50,0.099451847,kha,0.999892337
2017,pine,51...,0.573795908,kha,0.613866261
2017,pine,all,693.125863835,kha,0.029932063
2017,spruce,0...2,12.362522524,kha,0.126741408
2017,spruce,3...4,14.444169487,kha,0.118032874
2017,spruce,5...6,11.299471326,kha,0.136418886
2017,spruce,7...8,9.241001423,kha,0.145046435
2017,spruce,9...10,11.252609799,kha,0.141287322
2017,spruce,11...12,16.182121606,kha,0.115105906
2017,spruce,13...14,19.590442453,kha,0.107247597
2017,spruce,15...16,25.061325198,kha,0.093437884
2017,spruce,17...18,26.931186868,kha,0.089998857
2017,spruce,19...20,25.964788591,kha,0.097243158
2017,spruce,21...22,28.316245337,kha,0.088504968
2017,spruce,23...24,27.091167504,kha,0.08892821
2017,spruce,25...26,38.06814052,kha,0.075693037
2017,spruce,27...28,34.61657547,kha,0.079764338
2017,spruce,29...30,23.23950355,kha,0.09523893
2017,spruce,31...32,15.343688197,kha,0.119282289
2017,spruce,33...34,13.087509463,kha,0.122660072
2017,spruce,35...36,8.007461345,kha,0.162907016
2017,spruce,37...38,7.071605719,kha,0.169615032
2017,spruce,39...40,3.922586412,kha,0.216800524
2017,spruce,41...42,1.73859047,kha,0.362789323
2017,spruce,43...44,1.750948295,kha,0.338312652
2017,spruce,45...46,1.687571476,kha,0.314880074
2017,spruce,47...48,0.654719201,kha,0.499615089
2017,spruce,49...50,0.491039401,kha,0.623452005
2017,spruce,51...,0.3273596,kha,0.790802343
2017,spruce,all,377.744351237,kha,0.031943868
2018,aspen,0...2,18.219355257,kha,0.099414083
2018,aspen,3...4,9.781567367,kha,0.136229194
2018,aspen,5...6,6.522398745,kha,0.161358205
2018,aspen,7...8,5.623619396,kha,0.17459034
2018,aspen,9...10,4.820004185,kha,0.184451845
2018,aspen,11...12,3.414396138,kha,0.216054415
2018,aspen,13...14,2.468847021,kha,0.246366674
2018,aspen,15...16,3.389542864,kha,0.208580863
2018,aspen,17...18,2.280565119,kha,0.277018804
2018,aspen,19...20,2.996639322,kha,0.257853909
2018,aspen,21...22,2.499386398,kha,0.253819717
2018,aspen,23...24,5.855328137,kha,0.176150178
2018,aspen,25...26,6.577478973,kha,0.178929181
2018,aspen,27...28,7.241050441,kha,0.155433599
2018,aspen,29...30,8.131488087,kha,0.143941429
2018,aspen,31...32,5.779831046,kha,0.157449955
2018,aspen,33...34,5.432150777,kha,0.172914572
2018,aspen,35...36,9.02843976,kha,0.154895831
2018,aspen,37...38,4.783169478,kha,0.183305021
2018,aspen,39...40,4.116895548,kha,0.191401744
2018,aspen,41...42,2.084222696,kha,0.260830966
2018,aspen,43...44,1.591874818,kha,0.307942668
2018,aspen,45...46,0.920399041,kha,0.400370205
2018,aspen,47...48,2.186963099,kha,0.276606944
2018,aspen,49...50,1.196081361,kha,0.356035169
2018,aspen,51...,1.718328149,kha,0.32754652
2018,aspen,all,128.660023225,kha,0.045085372
2018,birch,0...2,30.371606244,kha,0.078863983
2018,birch,3...4,30.480563869,kha,0.078657156
2018,birch,5...6,26.819743854,kha,0.081708517
2018,birch,7...8,29.23865001,kha,0.079384224
2018,birch,9...10,37.352564287,kha,0.068095286
2018,birch,11...12,41.477192312,kha,0.063578888
2018,birch,13...14,55.762982013,kha,0.054767846
2018,birch,15...16,61.657753592,kha,0.056140378
2018,birch,17...18,66.548521654,kha,0.054842037
2018,birch,19...20,50.892287148,kha,0.063168169
2018,birch,21...22,47.936622142,kha,0.066335813
2018,birch,23...24,59.575124254,kha,0.057190499
2018,birch,25...26,44.073726736,kha,0.065603505
2018,birch,27...28,19.957865951,kha,0.098115449
2018,birch,29...30,16.592988906,kha,0.103235488
2018,birch,31...32,8.477184469,kha,0.129156961
2018,birch,33...34,4.653341975,kha,0.175006258
2018,birch,35...36,4.774171687,kha,0.182790338
2018,birch,37...38,1.164651577,kha,0.320309685
2018,birch,39...40,1.808805937,kha,0.289809719
2018,birch,41...42,0.78105825,kha,0.447238036
2018,birch,43...44,0.46863495,kha,0.577317328
2018,birch,45...46,0.248970128,kha,0.729725517
2018,birch,47...48,0.6248466,kha,0.500017369
2018,birch,49...50,,kha,0.0
2018,birch,51...,0.15621165,kha,1.00001093
2018,birch,all,641.896070194,kha,0.022191895
2018,black alder,0...2,5.307165836,kha,0.181558435
2018,black alder,3...4,4.262156762,kha,0.196785423
2018,black alder,5...6,4.166570853,kha,0.203625756
2018,black alder,7...8,2.529863291,kha,0.273041094
2018,black alder,9...10,2.030751449,kha,0.282621242
2018,black alder,11...12,3.033192848,kha,0.213876209
2018,black alder,13...14,2.736218881,kha,0.247644526
2018,black alder,15...16,4.256798702,kha,0.197649363
2018,black alder,17...18,5.530532874,kha,0.174601897
2018,black alder,19...20,5.353232652,kha,0.182699397
2018,black alder,21...22,7.420693838,kha,0.16122126
2018,black alder,23...24,8.900564903,kha,0.144727967
2018,black alder,25...26,6.540519297,kha,0.1713131
2018,black alder,27...28,7.459153146,kha,0.161148773
2018,black alder,29...30,5.009223356,kha,0.177062637
2018,black alder,31...32,1.928011047,kha,0.304462462
2018,black alder,33...34,1.328673809,kha,0.337712343
2018,black alder,35...36,0.46863495,kha,0.577358826
2018,black alder,37...38,0.6248466,kha,0.499558974
2018,black alder,39...40,0.15621165,kha,0.99999296
2018,black alder,41...42,0.15621165,kha,1.00015467
2018,black alder,43...44,,kha,0.0
2018,black alder,45...46,0.15621165,kha,0.999930069
2018,black alder,47...48,0.039255988,kha,0.999723394
2018,black alder,49...50,,kha,0.0
2018,black alder,51...,,kha,0.0
2018,black alder,all,79.394696031,kha,0.060548291
2018,grey alder,0...2,21.273980344,kha,0.093544754
2018,grey alder,3...4,17.777744923,kha,0.098593873
2018,grey alder,5...6,17.841385549,kha,0.100427435
2018,grey alder,7...8,14.49978404,kha,0.123027022
2018,grey alder,9...10,11.830001974,kha,0.123260208
2018,grey alder,11...12,13.342005776,kha,0.113508012
2018,grey alder,13...14,20.668472747,kha,0.089135027
2018,grey alder,15...16,22.556165566,kha,0.090198054
2018,grey alder,17...18,22.794278984,kha,0.088440207
2018,grey alder,19...20,12.463205897,kha,0.112063166
2018,grey alder,21...22,10.037832578,kha,0.130421672
2018,grey alder,23...24,5.901926072,kha,0.167333418
2018,grey alder,25...26,4.092198487,kha,0.207200479
2018,grey alder,27...28,0.834138968,kha,0.422139998
2018,grey alder,29...30,0.46863495,kha,0.577555898
2018,grey alder,31...32,,kha,0.0
2018,grey alder,33...34,0.130796014,kha,1.000163649
2018,grey alder,35...36,,kha,0.0
2018,grey alder,37...38,,kha,0.0
2018,grey alder,39...40,,kha,0.0
2018,grey alder,41...42,,kha,0.0
2018,grey alder,43...44,,kha,0.0
2018,grey alder,45...46,,kha,0.0
2018,grey alder,47...48,,kha,0.0
2018,grey alder,49...50,,kha,0.0
2018,grey alder,51...,,kha,0.0
2018,grey alder,all,196.512552868,kha,0.037870316
2018,pine,0...2,9.326600936,kha,0.140650826
2018,pine,3...4,10.46975779,kha,0.142359692
2018,pine,5...6,14.916213056,kha,0.123077228
2018,pine,7...8,17.52415093,kha,0.1183444
2018,pine,9...10,20.236672504,kha,0.097794744
2018,pine,11...12,25.752115333,kha,0.087159695
2018,pine,13...14,30.932968429,kha,0.090152927
2018,pine,15...16,29.348013787,kha,0.088134099
2018,pine,17...18,36.339094345,kha,0.070454033
2018,pine,19...20,43.12711538,kha,0.067290372
2018,pine,21...22,50.458378048,kha,0.061182834
2018,pine,23...24,65.950527837,kha,0.056355689
2018,pine,25...26,81.668856473,kha,0.054394311
2018,pine,27...28,81.784109428,kha,0.053782147
2018,pine,29...30,64.863857115,kha,0.056484462
2018,pine,31...32,36.565195087,kha,0.074196333
2018,pine,33...34,22.100058791,kha,0.095725123
2018,pine,35...36,17.708964933,kha,0.106326022
2018,pine,37...38,13.262884575,kha,0.116457144
2018,pine,39...40,7.904981195,kha,0.148003783
2018,pine,41...42,3.402852097,kha,0.226396679
2018,pine,43...44,1.271187922,kha,0.341546136
2018,pine,45...46,1.575066445,kha,0.337181968
2018,pine,47...48,1.093481549,kha,0.428225441
2018,pine,49...50,0.187672676,kha,0.7069463
2018,pine,51...,0.70382721,kha,0.483975816
2018,pine,all,688.474603872,kha,0.026040848
2018,spruce,0...2,13.349831979,kha,0.11129448
2018,spruce,3...4,15.208078903,kha,0.107606785
2018,spruce,5...6,12.276829777,kha,0.1158155
2018,spruce,7...8,10.415974119,kha,0.116983226
2018,spruce,9...10,10.122780473,kha,0.118888356
2018,spruce,11...12,16.79470501,kha,0.10346407
2018,spruce,13...14,19.931216244,kha,0.09829805
2018,spruce,15...16,24.291880072,kha,0.085562079
2018,spruce,17...18,25.472184056,kha,0.081557675
2018,spruce,19...20,25.450002002,kha,0.088777833
2018,spruce,21...22,28.548335108,kha,0.077753005
2018,spruce,23...24,28.182721742,kha,0.082941649
2018,spruce,25...26,35.332138429,kha,0.069987489
2018,spruce,27...28,33.530127699,kha,0.079842514
2018,spruce,29...30,24.993145411,kha,0.082265434
2018,spruce,31...32,14.83110895,kha,0.106719917
2018,spruce,33...34,13.076680288,kha,0.11120177
2018,spruce,35...36,8.26695483,kha,0.144357362
2018,spruce,37...38,7.185735895,kha,0.156574806
2018,spruce,39...40,4.244098695,kha,0.191470422
2018,spruce,41...42,2.440322774,kha,0.268658538
2018,spruce,43...44,1.358635204,kha,0.334865021
2018,spruce,45...46,1.922996653,kha,0.279926551
2018,spruce,47...48,0.78105825,kha,0.400090204
2018,spruce,49...50,0.46863495,kha,0.577374387
2018,spruce,51...,0.3124233,kha,0.707071416
2018,spruce,all,378.788600812,kha,0.028140084
2019,aspen,0...2,16.57563675,kha,0.104874077
2019,aspen,3...4,11.061488731,kha,0.128316916
2019,aspen,5...6,6.395240416,kha,0.164003838
2019,aspen,7...8,5.871024227,kha,0.168062611
2019,aspen,9...10,5.170567659,kha,0.173560963
2019,aspen,11...12,5.139627438,kha,0.164300857
2019,aspen,13...14,2.189904409,kha,0.272098214
2019,aspen,15...16,3.645048963,kha,0.205851592
2019,aspen,17...18,2.283632318,kha,0.277059018
2019,aspen,19...20,2.65916964,kha,0.259595536
2019,aspen,21...22,3.000669591,kha,0.230264805
2019,aspen,23...24,5.863203139,kha,0.176235052
2019,aspen,25...26,6.420361748,kha,0.182441086
2019,aspen,27...28,7.025698253,kha,0.157128458
2019,aspen,29...30,7.997921958,kha,0.142215536
2019,aspen,31...32,5.531401337,kha,0.170527334
2019,aspen,33...34,6.377987097,kha,0.160064804
2019,aspen,35...36,8.523389521,kha,0.158436403
2019,aspen,37...38,4.398548144,kha,0.188186502
2019,aspen,39...40,4.435275969,kha,0.183101766
2019,aspen,41...42,2.712712803,kha,0.227823366
2019,aspen,43...44,1.906859265,kha,0.282434331
2019,aspen,45...46,1.050653567,kha,0.371916243
2019,aspen,47...48,2.189904409,kha,0.276604522
2019,aspen,49...50,0.884846519,kha,0.411974324
2019,aspen,51...,1.720639179,kha,0.327544204
2019,aspen,all,131.03141305,kha,0.045041686
2019,birch,0...2,30.35872304,kha,0.078916537
2019,birch,3...4,28.014852708,kha,0.082261668
2019,birch,5...6,24.678126643,kha,0.087878776
2019,birch,7...8,28.238285526,kha,0.080420461
2019,birch,9...10,36.773907228,kha,0.069833933
2019,birch,11...12,43.184555185,kha,0.064303545
2019,birch,13...14,57.297925986,kha,0.054767375
2019,birch,15...16,59.550915284,kha,0.057742945
2019,birch,17...18,67.143611073,kha,0.058513585
2019,birch,19...20,46.173352365,kha,0.063012213
2019,birch,21...22,46.967927896,kha,0.064523916
2019,birch,23...24,55.094694444,kha,0.060574238
2019,birch,25...26,47.232155505,kha,0.063375949
2019,birch,27...28,23.016364609,kha,0.091296959
2019,birch,29...30,16.547856249,kha,0.106247423
2019,birch,31...32,10.52322587,kha,0.118532767
2019,birch,33...34,4.900896573,kha,0.170278497
2019,birch,35...36,5.249857841,kha,0.174279353
2019,birch,37...38,1.094952205,kha,0.391020116
2019,birch,39...40,1.811238653,kha,0.276590005
2019,birch,41...42,0.938530461,kha,0.40827349
2019,birch,43...44,0.312843487,kha,0.707057714
2019,birch,45...46,0.405726718,kha,0.591357614
2019,birch,47...48,0.625686974,kha,0.500016078
2019,birch,49...50,,kha,0.0
2019,birch,51...,0.156421744,kha,1.000010288
2019,birch,all,636.292634266,kha,0.02225963
2019,black alder,0...2,6.5287933,kha,0.152291034
2019,black alder,3...4,4.461195052,kha,0.186094874
2019,black alder,5...6,4.205554997,kha,0.200862567
2019,black alder,7...8,2.376844035,kha,0.259461651
2019,black alder,9...10,2.275060407,kha,0.25951381
2019,black alder,11...12,3.701814414,kha,0.199687765
2019,black alder,13...14,2.583477158,kha,0.25009952
2019,black alder,15...16,3.754121845,kha,0.210257442
2019,black alder,17...18,6.233171847,kha,0.163340826
2019,black alder,19...20,4.587849738,kha,0.186006012
2019,black alder,21...22,7.274252403,kha,0.163222074
2019,black alder,23...24,9.694644252,kha,0.145216519
2019,black alder,25...26,7.72247891,kha,0.159020521
2019,black alder,27...28,6.520831434,kha,0.167326282
2019,black alder,29...30,4.859538664,kha,0.184223514
2019,black alder,31...32,1.774182342,kha,0.31924363
2019,black alder,33...34,1.174039038,kha,0.358727362
2019,black alder,35...36,0.782108718,kha,0.447276828
2019,black alder,37...38,0.61544135,kha,0.500077135
2019,black alder,39...40,0.156421744,kha,0.999866336
2019,black alder,41...42,0.156421744,kha,0.99986634
2019,black alder,43...44,,kha,0.0
2019,black alder,45...46,0.156421744,kha,0.999785355
2019,black alder,47...48,0.039308784,kha,0.999722365
2019,black alder,49...50,,kha,0.0
2019,black alder,51...,,kha,0.0
2019,black alder,all,81.633973918,kha,0.058527662
2019,grey alder,0...2,18.965166589,kha,0.101364061
2019,grey alder,3...4,19.739454219,kha,0.096527976
2019,grey alder,5...6,17.009941721,kha,0.100338664
2019,grey alder,7...8,15.465558563,kha,0.118644445
2019,grey alder,9...10,14.033345437,kha,0.104644437
2019,grey alder,11...12,13.7723714,kha,0.110468833
2019,grey alder,13...14,21.31759319,kha,0.089920504
2019,grey alder,15...16,18.945911072,kha,0.094826698
2019,grey alder,17...18,20.248122087,kha,0.08958104
2019,grey alder,19...20,13.824929106,kha,0.107750311
2019,grey alder,21...22,10.889284034,kha,0.123541048
2019,grey alder,23...24,5.753442002,kha,0.174036604
2019,grey alder,25...26,4.262132741,kha,0.203023935
2019,grey alder,27...28,0.835260826,kha,0.422138557
2019,grey alder,29...30,0.625686974,kha,0.500182475
2019,grey alder,31...32,,kha,0.0
2019,grey alder,33...34,0.130971926,kha,1.000163213
2019,grey alder,35...36,,kha,0.0
2019,grey alder,37...38,,kha,0.0
2019,grey alder,39...40,,kha,0.0
2019,grey alder,41...42,,kha,0.0
2019,grey alder,43...44,,kha,0.0
2019,grey alder,45...46,,kha,0.0
2019,grey alder,47...48,,kha,0.0
2019,grey alder,49...50,,kha,0.0
2019,grey alder,51...,,kha,0.0
2019,grey alder,all,195.819171887,kha,0.037901439
2019,pine,0...2,10.327808186,kha,0.136618416
2019,pine,3...4,10.921287923,kha,0.138084455
2019,pine,5...6,13.358307403,kha,0.135620877
2019,pine,7...8,16.858853959,kha,0.119026909
2019,pine,9...10,20.185756738,kha,0.095388182
2019,pine,11...12,30.9359662,kha,0.085486231
2019,pine,13...14,28.266926348,kha,0.092359476
2019,pine,15...16,28.303356972,kha,0.087690419
2019,pine,17...18,35.732341764,kha,0.073949187
2019,pine,19...20,42.200662418,kha,0.066080457
2019,pine,21...22,47.877864462,kha,0.061830778
2019,pine,23...24,62.074795759,kha,0.058952076
2019,pine,25...26,81.790849285,kha,0.051834514
2019,pine,27...28,77.8691059,kha,0.056134486
2019,pine,29...30,66.535599756,kha,0.055969867
2019,pine,31...32,36.249112278,kha,0.072855031
2019,pine,33...34,22.622087962,kha,0.090091024
2019,pine,35...36,18.875990553,kha,0.1011676
2019,pine,37...38,14.142684236,kha,0.110841227
2019,pine,39...40,8.873195466,kha,0.135219178
2019,pine,41...42,4.059300666,kha,0.205052557
2019,pine,43...44,1.429319324,kha,0.323267711
2019,pine,45...46,1.577184798,kha,0.337273312
2019,pine,47...48,1.094952205,kha,0.428169416
2019,pine,49...50,0.344346826,kha,0.595896382
2019,pine,51...,0.704773808,kha,0.48410642
2019,pine,all,683.212431192,kha,0.025427816
2019,spruce,0...2,13.917358714,kha,0.114572959
2019,spruce,3...4,15.825187793,kha,0.105430218
2019,spruce,5...6,14.176893671,kha,0.108806668
2019,spruce,7...8,11.548695536,kha,0.112153895
2019,spruce,9...10,11.527531674,kha,0.112582207
2019,spruce,11...12,18.846598907,kha,0.096657542
2019,spruce,13...14,18.734819929,kha,0.103136039
2019,spruce,15...16,22.816582758,kha,0.085786838
2019,spruce,17...18,24.146449137,kha,0.083946721
2019,spruce,19...20,24.323502909,kha,0.08586398
2019,spruce,21...22,30.026217339,kha,0.078855721
2019,spruce,23...24,26.919134037,kha,0.086125442
2019,spruce,25...26,34.612690566,kha,0.070152608
2019,spruce,27...28,34.501756265,kha,0.075687077
2019,spruce,29...30,23.636232694,kha,0.085163441
2019,spruce,31...32,13.649204919,kha,0.105383947
2019,spruce,33...34,13.038393653,kha,0.109008868
2019,spruce,35...36,8.501427908,kha,0.138303974
2019,spruce,37...38,7.821087177,kha,0.146646041
2019,spruce,39...40,4.323168506,kha,0.205196711
2019,spruce,41...42,2.597914885,kha,0.255799151
2019,spruce,43...44,1.407795692,kha,0.342450784
2019,spruce,45...46,1.925582947,kha,0.285685332
2019,spruce,47...48,0.782108718,kha,0.400088683
2019,spruce,49...50,0.469265231,kha,0.577207055
2019,spruce,51...,0.312843487,kha,0.707057716
2019,spruce,all,380.388445052,kha,0.027549664
2020,aspen,0...2,16.397674904,kha,0.10564146
2020,aspen,3...4,12.243348306,kha,0.120871217
2020,aspen,5...6,7.650963857,kha,0.157090376
2020,aspen,7...8,6.03087446,kha,0.165813264
2020,aspen,9...10,5.743896407,kha,0.169641374
2020,aspen,11...12,5.455572361,kha,0.163862018
2020,aspen,13...14,2.191150056,kha,0.267317585
2020,aspen,15...16,4.216070077,kha,0.183099218
2020,aspen,17...18,1.971909841,kha,0.300730356
2020,aspen,19...20,1.939433867,kha,0.303473442
2020,aspen,21...22,3.00237641,kha,0.221112007
2020,aspen,23...24,4.846604808,kha,0.185228498
2020,aspen,25...26,5.79797086,kha,0.19472206
2020,aspen,27...28,6.560162407,kha,0.165041673
2020,aspen,29...30,7.376428407,kha,0.14990441
2020,aspen,31...32,6.541537631,kha,0.169852153
2020,aspen,33...34,6.381614979,kha,0.155231562
2020,aspen,35...36,8.04818806,kha,0.145877259
2020,aspen,37...38,5.533342537,kha,0.17891817
2020,aspen,39...40,4.805207723,kha,0.183507546
2020,aspen,41...42,2.870766547,kha,0.215327864
2020,aspen,43...44,1.751433193,kha,0.294400586
2020,aspen,45...46,1.207761911,kha,0.34890718
2020,aspen,47...48,2.191150056,kha,0.276517114
2020,aspen,49...50,0.885349831,kha,0.411973399
2020,aspen,51...,1.878128619,kha,0.311591122
2020,aspen,all,133.518918114,kha,0.043523613
2020,birch,0...2,31.691354504,kha,0.07501387
2020,birch,3...4,26.875331891,kha,0.081586523
2020,birch,5...6,23.741126503,kha,0.088260154
2020,birch,7...8,28.143851262,kha,0.079399447
2020,birch,9...10,34.957357569,kha,0.069649055
2020,birch,11...12,44.37540569,kha,0.063790715
2020,birch,13...14,54.92538628,kha,0.054705149
2020,birch,15...16,59.682826931,kha,0.058814883
2020,birch,17...18,66.456892537,kha,0.060009674
2020,birch,19...20,44.112498986,kha,0.064045293
2020,birch,21...22,48.498539703,kha,0.062924306
2020,birch,23...24,53.1734053,kha,0.060919577
2020,birch,25...26,43.569907628,kha,0.063072861
2020,birch,27...28,26.312159373,kha,0.090866414
2020,birch,29...30,14.835650983,kha,0.107683921
2020,birch,31...32,11.485022573,kha,0.115363073
2020,birch,33...34,5.076675564,kha,0.173213896
2020,birch,35...36,5.627468083,kha,0.159965171
2020,birch,37...38,1.643534703,kha,0.338539898
2020,birch,39...40,1.858674337,kha,0.276242564
2020,birch,41...42,0.892658882,kha,0.411021395
2020,birch,43...44,0.469532155,kha,0.577149135
2020,birch,45...46,0.562468219,kha,0.50951087
2020,birch,47...48,0.313021437,kha,0.707114439
2020,birch,49...50,,kha,0.0
2020,birch,51...,0.313021437,kha,0.70696803
2020,birch,all,629.593772529,kha,0.02238375
2020,black alder,0...2,7.0258757,kha,0.151397466
2020,black alder,3...4,5.194402926,kha,0.191632317
2020,black alder,5...6,4.711410849,kha,0.182950052
2020,black alder,7...8,3.029343207,kha,0.244952704
2020,black alder,9...10,2.321867807,kha,0.250697524
2020,black alder,11...12,4.01694149,kha,0.207410716
2020,black alder,13...14,3.210989547,kha,0.241583652
2020,black alder,15...16,3.941425069,kha,0.203912108
2020,black alder,17...18,5.564269055,kha,0.175521083
2020,black alder,19...20,4.907174456,kha,0.180318592
2020,black alder,21...22,7.747922247,kha,0.16043491
2020,black alder,23...24,9.813347243,kha,0.144494392
2020,black alder,25...26,7.100828683,kha,0.166686946
2020,black alder,27...28,5.741986976,kha,0.175294738
2020,black alder,29...30,5.175324269,kha,0.186661575
2020,black alder,31...32,1.77519152,kha,0.319233647
2020,black alder,33...34,1.018196129,kha,0.384339207
2020,black alder,35...36,0.626042873,kha,0.500064835
2020,black alder,37...38,0.615791421,kha,0.500085456
2020,black alder,39...40,0.469532155,kha,0.577242706
2020,black alder,41...42,0.156510718,kha,0.999865887
2020,black alder,43...44,,kha,0.0
2020,black alder,45...46,0.156510718,kha,0.999784855
2020,black alder,47...48,0.039331143,kha,0.999721829
2020,black alder,49...50,,kha,0.0
2020,black alder,51...,,kha,0.0
2020,black alder,all,84.360216202,kha,0.058675236
2020,grey alder,0...2,19.105842467,kha,0.097187779
2020,grey alder,3...4,19.919666899,kha,0.091888667
2020,grey alder,5...6,17.162605389,kha,0.101798552
2020,grey alder,7...8,16.981240768,kha,0.113068902
2020,grey alder,9...10,15.42305136,kha,0.099797097
2020,grey alder,11...12,15.590063947,kha,0.101259036
2020,grey alder,13...14,18.442628298,kha,0.095680503
2020,grey alder,15...16,17.146469134,kha,0.098741326
2020,grey alder,17...18,18.443442154,kha,0.091601076
2020,grey alder,19...20,14.096137839,kha,0.106483642
2020,grey alder,21...22,11.343975114,kha,0.118440652
2020,grey alder,23...24,6.015786826,kha,0.172144141
2020,grey alder,25...26,3.999490545,kha,0.211101518
2020,grey alder,27...28,1.117267413,kha,0.370012528
2020,grey alder,29...30,0.626042873,kha,0.500325775
2020,grey alder,31...32,,kha,0.0
2020,grey alder,33...34,0.131046424,kha,1.000225926
2020,grey alder,35...36,0.156510718,kha,1.000009916
2020,grey alder,37...38,,kha,0.0
2020,grey alder,39...40,,kha,0.0
2020,grey alder,41...42,,kha,0.0
2020,grey alder,43...44,,kha,0.0
2020,grey alder,45...46,,kha,0.0
2020,grey alder,47...48,,kha,0.0
2020,grey alder,49...50,,kha,0.0
2020,grey alder,51...,,kha,0.0
2020,grey alder,all,195.701268169,kha,0.036999402
2020,pine,0...2,9.66348823,kha,0.133310459
2020,pine,3...4,10.484778224,kha,0.14315002
2020,pine,5...6,11.938653239,kha,0.140844582
2020,pine,7...8,14.683366054,kha,0.119718997
2020,pine,9...10,19.780607126,kha,0.099152676
2020,pine,11...12,31.302253208,kha,0.088893843
2020,pine,13...14,28.039896843,kha,0.090103335
2020,pine,15...16,27.115012405,kha,0.091560374
2020,pine,17...18,34.002313515,kha,0.074806066
2020,pine,19...20,40.161824134,kha,0.06526449
2020,pine,21...22,45.818669279,kha,0.063356263
2020,pine,23...24,58.870661512,kha,0.060672212
2020,pine,25...26,79.95994866,kha,0.052559089
2020,pine,27...28,77.940428258,kha,0.05402125
2020,pine,29...30,66.036849071,kha,0.056110838
2020,pine,31...32,37.298444892,kha,0.069888341
2020,pine,33...34,22.880223646,kha,0.087607552
2020,pine,35...36,19.165347842,kha,0.099496796
2020,pine,37...38,14.967386055,kha,0.109236034
2020,pine,39...40,9.379609089,kha,0.127748272
2020,pine,41...42,3.819894496,kha,0.200961765
2020,pine,43...44,1.899664494,kha,0.28215309
2020,pine,45...46,1.174691196,kha,0.346320885
2020,pine,47...48,1.095575028,kha,0.428168306
2020,pine,49...50,0.344542695,kha,0.595960846
2020,pine,51...,0.705174692,kha,0.484105697
2020,pine,all,668.529303883,kha,0.026228765
2020,spruce,0...2,13.658064339,kha,0.115239482
2020,spruce,3...4,14.900383816,kha,0.106310393
2020,spruce,5...6,13.970178013,kha,0.113526202
2020,spruce,7...8,11.936274276,kha,0.115200257
2020,spruce,9...10,11.615474257,kha,0.111872022
2020,spruce,11...12,18.010032673,kha,0.096855992
2020,spruce,13...14,19.328776334,kha,0.100848356
2020,spruce,15...16,21.647028743,kha,0.086760518
2020,spruce,17...18,24.515478932,kha,0.084033424
2020,spruce,19...20,21.811192836,kha,0.094958409
2020,spruce,21...22,29.648654865,kha,0.080800404
2020,spruce,23...24,26.890263013,kha,0.088498011
2020,spruce,25...26,33.699042696,kha,0.071255476
2020,spruce,27...28,35.698201053,kha,0.071892219
2020,spruce,29...30,21.606852442,kha,0.089188516
2020,spruce,31...32,14.194583081,kha,0.106700791
2020,spruce,33...34,12.541829896,kha,0.113061807
2020,spruce,35...36,8.349752912,kha,0.141520969
2020,spruce,37...38,9.077621659,kha,0.135307465
2020,spruce,39...40,5.421202608,kha,0.19724845
2020,spruce,41...42,2.755903331,kha,0.247743375
2020,spruce,43...44,1.565107183,kha,0.32402319
2020,spruce,45...46,1.565107183,kha,0.32397318
2020,spruce,47...48,1.144124653,kha,0.339014871
2020,spruce,49...50,0.313021437,kha,0.706961664
2020,spruce,51...,0.313021437,kha,0.707057154
2020,spruce,all,376.177173667,kha,0.028603207
2021,aspen,0...2,16.285455427,kha,0.106510799
2021,aspen,3...4,12.268786569,kha,0.120959692
2021,aspen,5...6,8.087126599,kha,0.149713044
2021,aspen,7...8,4.985603026,kha,0.181218005
2021,aspen,9...10,6.200656877,kha,0.174218548
2021,aspen,11...12,6.091110652,kha,0.163509688
2021,aspen,13...14,2.030948257,kha,0.277406175
2021,aspen,15...16,3.947819712,kha,0.187854196
2021,aspen,17...18,1.96833256,kha,0.279009679
2021,aspen,19...20,2.145712456,kha,0.283307924
2021,aspen,21...22,2.528249371,kha,0.24716421
2021,aspen,23...24,4.745904263,kha,0.190890236
2021,aspen,25...26,5.006318698,kha,0.208801878
2021,aspen,27...28,5.740069058,kha,0.170259379
2021,aspen,29...30,7.749973566,kha,0.142745819
2021,aspen,31...32,7.037157596,kha,0.156894503
2021,aspen,33...34,6.370037962,kha,0.15912518
2021,aspen,35...36,7.65511266,kha,0.147764564
2021,aspen,37...38,5.811511568,kha,0.177975243
2021,aspen,39...40,4.326076013,kha,0.196910099
2021,aspen,41...42,2.838297057,kha,0.228670563
2021,aspen,43...44,2.06070946,kha,0.268292692
2021,aspen,45...46,1.658753555,kha,0.298452756
2021,aspen,47...48,1.326193589,kha,0.33804595
2021,aspen,49...50,1.039970489,kha,0.380982184
2021,aspen,51...,1.874721468,kha,0.311683222
2021,aspen,all,131.780608504,kha,0.042983636
2021,birch,0...2,36.155565771,kha,0.070870466
2021,birch,3...4,25.79643298,kha,0.082642269
2021,birch,5...6,24.087921193,kha,0.088305099
2021,birch,7...8,30.113525953,kha,0.076337637
2021,birch,9...10,34.591204443,kha,0.069945526
2021,birch,11...12,45.842642162,kha,0.064562596
2021,birch,13...14,54.669549475,kha,0.057399421
2021,birch,15...16,59.604675625,kha,0.05999583
2021,birch,17...18,62.509947106,kha,0.062532145
2021,birch,19...20,42.94932203,kha,0.063318211
2021,birch,21...22,48.942322259,kha,0.0639701
2021,birch,23...24,51.041791585,kha,0.060910487
2021,birch,25...26,43.431094202,kha,0.062384553
2021,birch,27...28,26.967243405,kha,0.087937326
2021,birch,29...30,15.038078253,kha,0.107207398
2021,birch,31...32,10.661947176,kha,0.119822146
2021,birch,33...34,6.547277254,kha,0.152290142
2021,birch,35...36,5.617259179,kha,0.159911165
2021,birch,37...38,2.359196363,kha,0.273080357
2021,birch,39...40,1.855302478,kha,0.282504246
2021,birch,41...42,0.641076629,kha,0.465912215
2021,birch,43...44,0.312453578,kha,0.70712096
2021,birch,45...46,0.468680367,kha,0.577367632
2021,birch,47...48,0.248994256,kha,0.729639292
2021,birch,49...50,,kha,0.0
2021,birch,51...,0.312453578,kha,0.706981174
2021,birch,all,630.765957298,kha,0.022749196
2021,black alder,0...2,7.765018206,kha,0.149839468
2021,black alder,3...4,5.444206765,kha,0.186368377
2021,black alder,5...6,4.24546299,kha,0.188301786
2021,black alder,7...8,3.804981559,kha,0.213287615
2021,black alder,9...10,2.005202082,kha,0.268015027
2021,black alder,11...12,4.478334642,kha,0.185716931
2021,black alder,13...14,3.437770491,kha,0.233075547
2021,black alder,15...16,2.616720602,kha,0.254765235
2021,black alder,17...18,5.71040159,kha,0.177049169
2021,black alder,19...20,4.867495573,kha,0.181224206
2021,black alder,21...22,8.254648585,kha,0.157740906
2021,black alder,23...24,9.037079212,kha,0.142983734
2021,black alder,25...26,7.021441181,kha,0.156458477
2021,black alder,27...28,5.871627637,kha,0.172246386
2021,black alder,29...30,4.736249448,kha,0.196552729
2021,black alder,31...32,2.182238279,kha,0.263154245
2021,black alder,33...34,1.56226789,kha,0.37403402
2021,black alder,35...36,0.624907156,kha,0.50006497
2021,black alder,37...38,0.458447512,kha,0.577670655
2021,black alder,39...40,0.781133945,kha,0.447031046
2021,black alder,41...42,0.312453578,kha,0.706917628
2021,black alder,43...44,,kha,0.0
2021,black alder,45...46,,kha,0.0
2021,black alder,47...48,0.039259792,kha,0.999605622
2021,black alder,49...50,,kha,0.0
2021,black alder,51...,,kha,0.0
2021,black alder,all,85.257348714,kha,0.058929333
2021,grey alder,0...2,19.190586304,kha,0.097864074
2021,grey alder,3...4,22.813173086,kha,0.089941514
2021,grey alder,5...6,18.219855528,kha,0.098355939
2021,grey alder,7...8,16.785599869,kha,0.104949591
2021,grey alder,9...10,17.432519379,kha,0.094906342
2021,grey alder,11...12,17.063230495,kha,0.096186504
2021,grey alder,13...14,16.714219849,kha,0.099668939
2021,grey alder,15...16,17.155951095,kha,0.096192341
2021,grey alder,17...18,20.876210866,kha,0.086842325
2021,grey alder,19...20,13.829882758,kha,0.110759569
2021,grey alder,21...22,11.68795099,kha,0.113740337
2021,grey alder,23...24,6.193564181,kha,0.160930179
2021,grey alder,25...26,4.068442416,kha,0.205098702
2021,grey alder,27...28,1.275966676,kha,0.346930177
2021,grey alder,29...30,0.937360734,kha,0.373010131
2021,grey alder,31...32,,kha,0.0
2021,grey alder,33...34,,kha,0.0
2021,grey alder,35...36,0.156226789,kha,1.000010025
2021,grey alder,37...38,,kha,0.0
2021,grey alder,39...40,,kha,0.0
2021,grey alder,41...42,,kha,0.0
2021,grey alder,43...44,,kha,0.0
2021,grey alder,45...46,,kha,0.0
2021,grey alder,47...48,,kha,0.0
2021,grey alder,49...50,,kha,0.0
2021,grey alder,51...,,kha,0.0
2021,grey alder,all,204.400741013,kha,0.03739542
2021,pine,0...2,9.460797509,kha,0.128781814
2021,pine,3...4,9.917229696,kha,0.140600717
2021,pine,5...6,12.881820489,kha,0.133359323
2021,pine,7...8,15.195242402,kha,0.124035137
2021,pine,9...10,20.256662289,kha,0.097809102
2021,pine,11...12,33.276415409,kha,0.086070377
2021,pine,13...14,26.411404112,kha,0.091339771
2021,pine,15...16,28.674458509,kha,0.091167653
2021,pine,17...18,34.554709865,kha,0.07349801
2021,pine,19...20,37.90444656,kha,0.066570176
2021,pine,21...22,44.031473752,kha,0.063206521
2021,pine,23...24,57.769167081,kha,0.060567601
2021,pine,25...26,76.42384863,kha,0.053105275
2021,pine,27...28,77.669866631,kha,0.051617295
2021,pine,29...30,63.903755649,kha,0.060041415
2021,pine,31...32,38.217712518,kha,0.070069376
2021,pine,33...34,24.345086111,kha,0.085920131
2021,pine,35...36,19.265934484,kha,0.100926882
2021,pine,37...38,16.25520992,kha,0.101301243
2021,pine,39...40,8.961652918,kha,0.131263257
2021,pine,41...42,4.6696031,kha,0.184884612
2021,pine,43...44,1.621134144,kha,0.301444975
2021,pine,45...46,1.48762273,kha,0.319706321
2021,pine,47...48,1.249814312,kha,0.394798334
2021,pine,49...50,0.656371231,kha,0.459016953
2021,pine,51...,0.70389542,kha,0.484134612
2021,pine,all,665.765335472,kha,0.026301606
2021,spruce,0...2,15.033782016,kha,0.11062092
2021,spruce,3...4,14.368130914,kha,0.106787165
2021,spruce,5...6,14.62873282,kha,0.115907437
2021,spruce,7...8,12.930797587,kha,0.111436624
2021,spruce,9...10,12.068347598,kha,0.113318832
2021,spruce,11...12,17.33151876,kha,0.099732496
2021,spruce,13...14,18.206466892,kha,0.100323927
2021,spruce,15...16,19.917462685,kha,0.095991179
2021,spruce,17...18,22.806439712,kha,0.086485148
2021,spruce,19...20,20.290063576,kha,0.097937251
2021,spruce,21...22,28.778942986,kha,0.082395323
2021,spruce,23...24,26.737183835,kha,0.083788931
2021,spruce,25...26,32.274111199,kha,0.073184419
2021,spruce,27...28,33.629737915,kha,0.07328891
2021,spruce,29...30,21.08991349,kha,0.087686593
2021,spruce,31...32,14.023072805,kha,0.109708024
2021,spruce,33...34,11.966222147,kha,0.117658568
2021,spruce,35...36,9.082541208,kha,0.135497054
2021,spruce,37...38,8.976103896,kha,0.133351234
2021,spruce,39...40,6.192501839,kha,0.185857267
2021,spruce,41...42,2.223154075,kha,0.257949606
2021,spruce,43...44,1.56226789,kha,0.346356097
2021,spruce,45...46,1.56226789,kha,0.323915444
2021,spruce,47...48,0.829595495,kha,0.415717318
2021,spruce,49...50,0.312453578,kha,0.707120958
2021,spruce,51...,0.312453578,kha,0.707057424
2021,spruce,all,367.134266385,kha,0.029249247
2022,aspen,0...2,16.761396642,kha,0.100928084
2022,aspen,3...4,11.521891902,kha,0.121322351
2022,aspen,5...6,8.239081856,kha,0.145037682
2022,aspen,7...8,5.240238626,kha,0.177598789
2022,aspen,9...10,6.627094708,kha,0.163826075
2022,aspen,11...12,7.649412722,kha,0.146709751
2022,aspen,13...14,2.342187533,kha,0.274908706
2022,aspen,15...16,3.321190693,kha,0.199530584
2022,aspen,17...18,2.123458447,kha,0.26865524
2022,aspen,19...20,1.676163086,kha,0.296704165
2022,aspen,21...22,2.839230957,kha,0.233340729
2022,aspen,23...24,3.887250576,kha,0.217879307
2022,aspen,25...26,4.351425301,kha,0.189434252
2022,aspen,27...28,5.921221844,kha,0.1676227
2022,aspen,29...30,8.82722076,kha,0.130800186
2022,aspen,31...32,6.504192321,kha,0.161257995
2022,aspen,33...34,6.366737142,kha,0.158094065
2022,aspen,35...36,7.182708435,kha,0.147262659
2022,aspen,37...38,5.693342611,kha,0.192657966
2022,aspen,39...40,4.948417674,kha,0.186027789
2022,aspen,41...42,2.451661378,kha,0.249308484
2022,aspen,43...44,2.535480463,kha,0.236895002
2022,aspen,45...46,1.709718826,kha,0.290995355
2022,aspen,47...48,1.325506383,kha,0.338144941
2022,aspen,49...50,0.883285762,kha,0.412038277
2022,aspen,51...,1.873750026,kha,0.300390007
2022,aspen,all,132.803266673,kha,0.040960095
2022,birch,0...2,40.358530058,kha,0.068400619
2022,birch,3...4,24.681300796,kha,0.08498991
2022,birch,5...6,22.382943399,kha,0.089396643
2022,birch,7...8,29.272425569,kha,0.074219459
2022,birch,9...10,32.377338664,kha,0.073885519
2022,birch,11...12,47.623886483,kha,0.063348933
2022,birch,13...14,52.322642581,kha,0.061890892
2022,birch,15...16,60.040603325,kha,0.058810863
2022,birch,17...18,61.626404816,kha,0.061668006
2022,birch,19...20,43.85785192,kha,0.062535521
2022,birch,21...22,47.138866289,kha,0.067181323
2022,birch,23...24,47.296573583,kha,0.063967289
2022,birch,25...26,43.077450648,kha,0.062233906
2022,birch,27...28,29.621973636,kha,0.083300732
2022,birch,29...30,15.021791503,kha,0.113355096
2022,birch,31...32,11.450689401,kha,0.117887302
2022,birch,33...34,7.190468883,kha,0.140620954
2022,birch,35...36,5.926640104,kha,0.156010335
2022,birch,37...38,3.119294127,kha,0.236263004
2022,birch,39...40,1.249166684,kha,0.3422432
2022,birch,41...42,0.796890272,kha,0.422776664
2022,birch,43...44,0.468437507,kha,0.577366933
2022,birch,45...46,0.468437507,kha,0.577366932
2022,birch,47...48,0.248865233,kha,0.729638782
2022,birch,49...50,,kha,0.0
2022,birch,51...,0.312291671,kha,0.706980674
2022,birch,all,627.931764658,kha,0.023119296
2022,black alder,0...2,7.807291777,kha,0.152552952
2022,black alder,3...4,5.285239856,kha,0.190291763
2022,black alder,5...6,3.775590689,kha,0.201372168
2022,black alder,7...8,4.505666157,kha,0.205591556
2022,black alder,9...10,2.410017284,kha,0.246423364
2022,black alder,11...12,4.149606808,kha,0.196138715
2022,black alder,13...14,3.204768358,kha,0.23145409
2022,black alder,15...16,3.962778316,kha,0.209217389
2022,black alder,17...18,5.903187,kha,0.17556176
2022,black alder,19...20,5.299371054,kha,0.175631383
2022,black alder,21...22,7.896357361,kha,0.162898247
2022,black alder,23...24,7.627083868,kha,0.15377883
2022,black alder,25...26,7.285171332,kha,0.14570916
2022,black alder,27...28,5.994220022,kha,0.188239379
2022,black alder,29...30,4.429857354,kha,0.187802848
2022,black alder,31...32,2.649544996,kha,0.239535956
2022,black alder,33...34,1.249166684,kha,0.432739301
2022,black alder,35...36,0.780729178,kha,0.447256076
2022,black alder,37...38,0.61435579,kha,0.500143333
2022,black alder,39...40,0.780729178,kha,0.447150765
2022,black alder,41...42,0.312291671,kha,0.707018782
2022,black alder,43...44,,kha,0.0
2022,black alder,45...46,,kha,0.0
2022,black alder,47...48,0.039239448,kha,0.999605428
2022,black alder,49...50,,kha,0.0
2022,black alder,51...,,kha,0.0
2022,black alder,all,85.96226418,kha,0.058454736
2022,grey alder,0...2,21.983366205,kha,0.091970196
2022,grey alder,3...4,23.947821348,kha,0.087724532
2022,grey alder,5...6,19.008959799,kha,0.095651563
2022,grey alder,7...8,19.775573393,kha,0.095734828
2022,grey alder,9...10,17.18275618,kha,0.095135178
2022,grey alder,11...12,18.061857234,kha,0.090842922
2022,grey alder,13...14,16.713834621,kha,0.102452936
2022,grey alder,15...16,17.709654687,kha,0.097506393
2022,grey alder,17...18,20.972602983,kha,0.089473349
2022,grey alder,19...20,13.54312167,kha,0.108036067
2022,grey alder,21...22,10.381605709,kha,0.121119602
2022,grey alder,23...24,6.798964429,kha,0.156114249
2022,grey alder,25...26,3.66341552,kha,0.215915055
2022,grey alder,27...28,1.119159662,kha,0.369888544
2022,grey alder,29...30,0.468437507,kha,0.577242488
2022,grey alder,31...32,0.156145836,kha,1.000153291
2022,grey alder,33...34,,kha,0.0
2022,grey alder,35...36,0.156145836,kha,1.000009621
2022,grey alder,37...38,,kha,0.0
2022,grey alder,39...40,,kha,0.0
2022,grey alder,41...42,,kha,0.0
2022,grey alder,43...44,,kha,0.0
2022,grey alder,45...46,,kha,0.0
2022,grey alder,47...48,,kha,0.0
2022,grey alder,49...50,,kha,0.0
2022,grey alder,51...,,kha,0.0
2022,grey alder,all,211.643422617,kha,0.03678557
2022,pine,0...2,11.45971463,kha,0.120627897
2022,pine,3...4,10.753716849,kha,0.124749041
2022,pine,5...6,12.328775507,kha,0.137586999
2022,pine,7...8,13.033961329,kha,0.123753076
2022,pine,9...10,20.957597368,kha,0.098487374
2022,pine,11...12,31.957056533,kha,0.081672363
2022,pine,13...14,28.091728833,kha,0.088718017
2022,pine,15...16,28.458093807,kha,0.089733883
2022,pine,17...18,34.912319461,kha,0.071944511
2022,pine,19...20,36.715850705,kha,0.067666677
2022,pine,21...22,41.655008931,kha,0.067639541
2022,pine,23...24,53.177509801,kha,0.060823664
2022,pine,25...26,75.473589271,kha,0.053787581
2022,pine,27...28,75.719394046,kha,0.052199839
2022,pine,29...30,61.005943724,kha,0.063161264
2022,pine,31...32,41.8413846,kha,0.068436459
2022,pine,33...34,24.382422052,kha,0.080585528
2022,pine,35...36,20.834601293,kha,0.098258083
2022,pine,37...38,15.963225975,kha,0.104930581
2022,pine,39...40,8.583820631,kha,0.140849447
2022,pine,41...42,4.629833326,kha,0.189341934
2022,pine,43...44,2.282227532,kha,0.256536629
2022,pine,45...46,1.345649196,kha,0.334109931
2022,pine,47...48,1.249166684,kha,0.353377355
2022,pine,49...50,0.812176949,kha,0.43046178
2022,pine,51...,0.703530677,kha,0.484133722
2022,pine,all,658.328299711,kha,0.026203819
2022,spruce,0...2,16.543854264,kha,0.106806477
2022,spruce,3...4,13.40062298,kha,0.109291523
2022,spruce,5...6,14.498172058,kha,0.115661096
2022,spruce,7...8,13.362820074,kha,0.109935949
2022,spruce,9...10,12.312942319,kha,0.117317653
2022,spruce,11...12,17.71685301,kha,0.098340657
2022,spruce,13...14,18.198235006,kha,0.098111297
2022,spruce,15...16,20.168670534,kha,0.094251971
2022,spruce,17...18,23.609703155,kha,0.086463308
2022,spruce,19...20,19.663648058,kha,0.098719182
2022,spruce,21...22,26.853476743,kha,0.084818184
2022,spruce,23...24,27.971590227,kha,0.078742426
2022,spruce,25...26,32.738129232,kha,0.073086165
2022,spruce,27...28,29.505457614,kha,0.075060151
2022,spruce,29...30,21.043415119,kha,0.087484582
2022,spruce,31...32,13.1927148,kha,0.114100948
2022,spruce,33...34,10.726094651,kha,0.126025659
2022,spruce,35...36,9.063297649,kha,0.128340919
2022,spruce,37...38,8.32010593,kha,0.142991002
2022,spruce,39...40,5.982634001,kha,0.182342857
2022,spruce,41...42,2.222002083,kha,0.248272873
2022,spruce,43...44,1.717604191,kha,0.327505253
2022,spruce,45...46,1.40531252,kha,0.333335254
2022,spruce,47...48,0.67301978,kha,0.456566466
2022,spruce,49...50,0.156145836,kha,1.000009621
2022,spruce,51...,0.468437507,kha,0.577315085
2022,spruce,all,361.514959342,kha,0.029342877
2023,aspen,0...2,19.136953182,kha,0.095097796
2023,aspen,3...4,11.665091939,kha,0.118080002
2023,aspen,5...6,8.365962352,kha,0.147254348
2023,aspen,7...8,5.543299054,kha,0.171863412
2023,aspen,9...10,6.406955581,kha,0.167146309
2023,aspen,11...12,8.028141285,kha,0.145708307
2023,aspen,13...14,3.442622869,kha,0.22369016
2023,aspen,15...16,3.003896639,kha,0.207566059
2023,aspen,17...18,2.494179817,kha,0.249887506
2023,aspen,19...20,2.546214643,kha,0.233136285
2023,aspen,21...22,2.366851937,kha,0.255137266
2023,aspen,23...24,4.036674147,kha,0.209498453
2023,aspen,25...26,4.459905285,kha,0.1857128
2023,aspen,27...28,5.672357271,kha,0.166392694
2023,aspen,29...30,8.588209363,kha,0.133015224
2023,aspen,31...32,5.869833958,kha,0.170290063
2023,aspen,33...34,6.703108257,kha,0.153233306
2023,aspen,35...36,7.014880734,kha,0.142990831
2023,aspen,37...38,5.839763502,kha,0.188455125
2023,aspen,39...40,4.886955635,kha,0.190427382
2023,aspen,41...42,2.812593048,kha,0.256498388
2023,aspen,43...44,2.553307467,kha,0.2436118
2023,aspen,45...46,2.340678638,kha,0.253865093
2023,aspen,47...48,1.291003062,kha,0.332808687
2023,aspen,49...50,0.881817274,kha,0.411983903
2023,aspen,51...,1.714748624,kha,0.327701698
2023,aspen,all,137.666005563,kha,0.041162385
2023,birch,0...2,42.898941941,kha,0.065218753
2023,birch,3...4,26.36362096,kha,0.082031634
2023,birch,5...6,20.518635268,kha,0.093279932
2023,birch,7...8,30.682932446,kha,0.074038852
2023,birch,9...10,31.57528763,kha,0.074703132
2023,birch,11...12,49.684747847,kha,0.062052854
2023,birch,13...14,56.390194398,kha,0.059910896
2023,birch,15...16,59.456726128,kha,0.058077199
2023,birch,17...18,61.568018166,kha,0.060995611
2023,birch,19...20,45.325732136,kha,0.061930007
2023,birch,21...22,46.631544391,kha,0.063887319
2023,birch,23...24,44.936188015,kha,0.065743593
2023,birch,25...26,43.614568896,kha,0.061104391
2023,birch,27...28,32.462186795,kha,0.080043739
2023,birch,29...30,14.061499907,kha,0.111102946
2023,birch,31...32,12.257303759,kha,0.115578791
2023,birch,33...34,6.976408011,kha,0.142927437
2023,birch,35...36,5.636519025,kha,0.15728727
2023,birch,37...38,3.581766926,kha,0.218870992
2023,birch,39...40,0.935317431,kha,0.390762101
2023,birch,41...42,0.951451657,kha,0.389637679
2023,birch,43...44,0.623544954,kha,0.500018849
2023,birch,45...46,0.467658716,kha,0.577366592
2023,birch,47...48,0.53104206,kha,0.50948035
2023,birch,49...50,,kha,0.0
2023,birch,51...,0.155886239,kha,0.999812172
2023,birch,all,638.287723701,kha,0.022381044
2023,black alder,0...2,6.554813679,kha,0.16455507
2023,black alder,3...4,6.69787048,kha,0.1692886
2023,black alder,5...6,3.919213866,kha,0.180588413
2023,black alder,7...8,4.357207431,kha,0.20775905
2023,black alder,9...10,2.772171746,kha,0.232850095
2023,black alder,11...12,4.755621479,kha,0.190135012
2023,black alder,13...14,3.597043777,kha,0.214943641
2023,black alder,15...16,3.851247466,kha,0.21534329
2023,black alder,17...18,5.113941587,kha,0.181757847
2023,black alder,19...20,5.223934917,kha,0.171661202
2023,black alder,21...22,8.107128842,kha,0.154182319
2023,black alder,23...24,7.777445036,kha,0.145878033
2023,black alder,25...26,7.294680944,kha,0.14220231
2023,black alder,27...28,6.521064308,kha,0.183771148
2023,black alder,29...30,4.719580581,kha,0.18436119
2023,black alder,31...32,2.887605505,kha,0.221451834
2023,black alder,33...34,1.247089908,kha,0.432728987
2023,black alder,35...36,0.623544954,kha,0.500018848
2023,black alder,37...38,0.613334406,kha,0.500143082
2023,black alder,39...40,0.779431193,kha,0.447158488
2023,black alder,41...42,0.311772477,kha,0.707018676
2023,black alder,43...44,,kha,0.0
2023,black alder,45...46,,kha,0.0
2023,black alder,47...48,,kha,0.0
2023,black alder,49...50,0.039174212,kha,0.999605913
2023,black alder,51...,,kha,0.0
2023,black alder,all,87.764918794,kha,0.05745347
2023,grey alder,0...2,23.01989232,kha,0.088211368
2023,grey alder,3...4,25.88536198,kha,0.083856734
2023,grey alder,5...6,16.605999801,kha,0.103725689
2023,grey alder,7...8,17.621037455,kha,0.097817712
2023,grey alder,9...10,19.878067537,kha,0.093447188
2023,grey alder,11...12,18.037269301,kha,0.089955549
2023,grey alder,13...14,17.650172593,kha,0.097596848
2023,grey alder,15...16,18.564538914,kha,0.094529174
2023,grey alder,17...18,22.145869358,kha,0.085509377
2023,grey alder,19...20,13.278140381,kha,0.112886448
2023,grey alder,21...22,10.386123295,kha,0.125393716
2023,grey alder,23...24,6.658602736,kha,0.156120954
2023,grey alder,25...26,3.422622665,kha,0.208940248
2023,grey alder,27...28,1.584957742,kha,0.30889618
2023,grey alder,29...30,0.467658716,kha,0.577325185
2023,grey alder,31...32,0.155886239,kha,0.999865972
2023,grey alder,33...34,,kha,0.0
2023,grey alder,35...36,0.155886239,kha,1.000009424
2023,grey alder,37...38,,kha,0.0
2023,grey alder,39...40,,kha,0.0
2023,grey alder,41...42,,kha,0.0
2023,grey alder,43...44,,kha,0.0
2023,grey alder,45...46,,kha,0.0
2023,grey alder,47...48,,kha,0.0
2023,grey alder,49...50,,kha,0.0
2023,grey alder,51...,,kha,0.0
2023,grey alder,all,215.51808727,kha,0.035354417
2023,pine,0...2,12.64028507,kha,0.113737355
2023,pine,3...4,9.011409323,kha,0.127747429
2023,pine,5...6,12.303103136,kha,0.136420051
2023,pine,7...8,13.931599904,kha,0.121017398
2023,pine,9...10,20.307050877,kha,0.096509828
2023,pine,11...12,32.893227834,kha,0.081366201
2023,pine,13...14,26.788333017,kha,0.088991918
2023,pine,15...16,28.16812888,kha,0.088728056
2023,pine,17...18,35.864372774,kha,0.073019062
2023,pine,19...20,34.855523804,kha,0.069201327
2023,pine,21...22,38.73748086,kha,0.071761132
2023,pine,23...24,50.733612815,kha,0.061196402
2023,pine,25...26,75.069184988,kha,0.054247611
2023,pine,27...28,76.413236137,kha,0.050728498
2023,pine,29...30,60.059584979,kha,0.063055486
2023,pine,31...32,41.472177554,kha,0.067736009
2023,pine,33...34,25.362160997,kha,0.080938009
2023,pine,35...36,21.216647079,kha,0.099450995
2023,pine,37...38,14.726884727,kha,0.107061114
2023,pine,39...40,8.881322257,kha,0.135809055
2023,pine,41...42,4.778022332,kha,0.186806987
2023,pine,43...44,2.594866738,kha,0.24485298
2023,pine,45...46,1.311283861,kha,0.336286518
2023,pine,47...48,1.337955997,kha,0.359059997
2023,pine,49...50,0.779431193,kha,0.446785416
2023,pine,51...,0.733756525,kha,0.44939441
2023,pine,all,650.970643658,kha,0.026147167
2023,spruce,0...2,16.881918444,kha,0.102783606
2023,spruce,3...4,13.376442243,kha,0.106780075
2023,spruce,5...6,14.741631566,kha,0.114539722
2023,spruce,7...8,13.042159793,kha,0.113511873
2023,spruce,9...10,12.480610796,kha,0.119757982
2023,spruce,11...12,18.554016593,kha,0.097559217
2023,spruce,13...14,17.246754596,kha,0.099935695
2023,spruce,15...16,20.798700485,kha,0.093557613
2023,spruce,17...18,23.929488522,kha,0.083585023
2023,spruce,19...20,19.425077716,kha,0.098588136
2023,spruce,21...22,25.419308893,kha,0.085633143
2023,spruce,23...24,28.035376159,kha,0.07671908
2023,spruce,25...26,32.228014488,kha,0.076686569
2023,spruce,27...28,28.401552933,kha,0.077727029
2023,spruce,29...30,19.006725818,kha,0.0932975
2023,spruce,31...32,13.418375641,kha,0.110424967
2023,spruce,33...34,11.214378058,kha,0.124011311
2023,spruce,35...36,9.80404408,kha,0.126029592
2023,spruce,37...38,7.994501035,kha,0.142107025
2023,spruce,39...40,5.785016255,kha,0.185370501
2023,spruce,41...42,1.906535463,kha,0.27703872
2023,spruce,43...44,1.714748624,kha,0.327661904
2023,spruce,45...46,1.247089908,kha,0.353542011
2023,spruce,47...48,0.671900865,kha,0.456451944
2023,spruce,49...50,0.467658716,kha,0.577439051
2023,spruce,51...,0.467658716,kha,0.577314832
2023,spruce,all,358.259686405,kha,0.029805301
2024,aspen,0...2,22.610736478,kha,0.090402281
2024,aspen,3...4,12.263921759,kha,0.120067297
2024,aspen,5...6,7.977872988,kha,0.152165442
2024,aspen,7...8,6.927195863,kha,0.158431003
2024,aspen,9...10,7.004904191,kha,0.159883503
2024,aspen,11...12,7.649660219,kha,0.154085707
2024,aspen,13...14,3.876055826,kha,0.204567664
2024,aspen,15...16,2.828826511,kha,0.216714721
2024,aspen,17...18,2.340142378,kha,0.26238483
2024,aspen,19...20,2.392218347,kha,0.23962848
2024,aspen,21...22,2.340142378,kha,0.258015758
2024,aspen,23...24,3.600418256,kha,0.216419905
2024,aspen,25...26,4.436707137,kha,0.1858559
2024,aspen,27...28,5.121292389,kha,0.177063514
2024,aspen,29...30,8.493577964,kha,0.134533646
2024,aspen,31...32,5.817983977,kha,0.174761339
2024,aspen,33...34,6.708408152,kha,0.156626509
2024,aspen,35...36,7.245767245,kha,0.15083579
2024,aspen,37...38,5.744222689,kha,0.191945338
2024,aspen,39...40,5.241809721,kha,0.198254986
2024,aspen,41...42,2.502797875,kha,0.272868647
2024,aspen,43...44,2.609851588,kha,0.231781794
2024,aspen,45...46,2.68188117,kha,0.25258989
2024,aspen,47...48,1.136014317,kha,0.352719739
2024,aspen,49...50,1.092066443,kha,0.377877841
2024,aspen,51...,2.130590429,kha,0.287580105
2024,aspen,all,142.775066289,kha,0.042736219
2024,birch,0...2,44.251671151,kha,0.065291559
2024,birch,3...4,28.473573183,kha,0.080415257
2024,birch,5...6,21.953515291,kha,0.088152602
2024,birch,7...8,31.734592789,kha,0.072438629
2024,birch,9...10,30.918195118,kha,0.072995072
2024,birch,11...12,48.013621634,kha,0.061175542
2024,birch,13...14,54.557751791,kha,0.06079522
2024,birch,15...16,58.523185455,kha,0.057121699
2024,birch,17...18,59.099281706,kha,0.060022131
2024,birch,19...20,50.596764397,kha,0.060134864
2024,birch,21...22,46.146515636,kha,0.063289765
2024,birch,23...24,45.352864149,kha,0.065319753
2024,birch,25...26,44.555343627,kha,0.059650942
2024,birch,27...28,31.940400511,kha,0.07982527
2024,birch,29...30,14.723801422,kha,0.106698618
2024,birch,31...32,12.049065487,kha,0.113044524
2024,birch,33...34,7.758352032,kha,0.139673465
2024,birch,35...36,5.460628634,kha,0.16771276
2024,birch,37...38,4.364646353,kha,0.195129249
2024,birch,39...40,1.248075935,kha,0.35343448
2024,birch,41...42,1.108213426,kha,0.363228707
2024,birch,43...44,0.780047459,kha,0.447234975
2024,birch,45...46,0.468028476,kha,0.577366829
2024,birch,47...48,0.531461935,kha,0.509480533
2024,birch,49...50,,kha,0.0
2024,birch,51...,0.156009492,kha,0.999821114
2024,birch,all,644.765607089,kha,0.021930952
2024,black alder,0...2,5.467929879,kha,0.186904068
2024,black alder,3...4,7.446426654,kha,0.158679076
2024,black alder,5...6,4.271118662,kha,0.179522449
2024,black alder,7...8,4.713623985,kha,0.19662491
2024,black alder,9...10,2.377413046,kha,0.250546023
2024,black alder,11...12,5.188657287,kha,0.167584378
2024,black alder,13...14,3.482631089,kha,0.226934157
2024,black alder,15...16,4.166311486,kha,0.212883747
2024,black alder,17...18,4.939354119,kha,0.182232873
2024,black alder,19...20,4.838041555,kha,0.177620975
2024,black alder,21...22,7.177481891,kha,0.16972121
2024,black alder,23...24,7.216234649,kha,0.137990485
2024,black alder,25...26,8.019511921,kha,0.136865768
2024,black alder,27...28,7.852300948,kha,0.164499413
2024,black alder,29...30,5.19134065,kha,0.173068108
2024,black alder,31...32,2.733879134,kha,0.227007863
2024,black alder,33...34,2.028123395,kha,0.307505731
2024,black alder,35...36,0.312018984,kha,0.707152025
2024,black alder,37...38,0.624037968,kha,0.499978742
2024,black alder,39...40,1.092066443,kha,0.378033852
2024,black alder,41...42,0.312018984,kha,0.707018782
2024,black alder,43...44,,kha,0.0
2024,black alder,45...46,,kha,0.0
2024,black alder,47...48,,kha,0.0
2024,black alder,49...50,0.039205185,kha,0.999605702
2024,black alder,51...,,kha,0.0
2024,black alder,all,89.489727915,kha,0.057150403
2024,grey alder,0...2,23.20329173,kha,0.088927882
2024,grey alder,3...4,24.86711736,kha,0.085388565
2024,grey alder,5...6,17.221638195,kha,0.1029522
2024,grey alder,7...8,19.414804031,kha,0.089546748
2024,grey alder,9...10,18.492819136,kha,0.102210575
2024,grey alder,11...12,19.476115762,kha,0.089336846
2024,grey alder,13...14,16.512309838,kha,0.098433237
2024,grey alder,15...16,18.392692244,kha,0.10049778
2024,grey alder,17...18,23.228627671,kha,0.084507719
2024,grey alder,19...20,10.760614295,kha,0.119039382
2024,grey alder,21...22,10.238325718,kha,0.123758611
2024,grey alder,23...24,7.599924393,kha,0.151513215
2024,grey alder,25...26,3.918771225,kha,0.195294342
2024,grey alder,27...28,1.898229892,kha,0.283097285
2024,grey alder,29...30,0.312018984,kha,0.707037818
2024,grey alder,31...32,0.156009492,kha,0.999865985
2024,grey alder,33...34,,kha,0.0
2024,grey alder,35...36,0.156009492,kha,1.000009561
2024,grey alder,37...38,,kha,0.0
2024,grey alder,39...40,,kha,0.0
2024,grey alder,41...42,,kha,0.0
2024,grey alder,43...44,,kha,0.0
2024,grey alder,45...46,,kha,0.0
2024,grey alder,47...48,,kha,0.0
2024,grey alder,49...50,,kha,0.0
2024,grey alder,51...,,kha,0.0
2024,grey alder,all,215.849319457,kha,0.035918746
2024,pine,0...2,11.289080848,kha,0.118655368
2024,pine,3...4,10.138136422,kha,0.131627731
2024,pine,5...6,13.10743388,kha,0.127200813
2024,pine,7...8,14.292996811,kha,0.12108227
2024,pine,9...10,18.386763883,kha,0.102430307
2024,pine,11...12,28.52694403,kha,0.082259262
2024,pine,13...14,28.062566177,kha,0.088220942
2024,pine,15...16,29.144101979,kha,0.088183606
2024,pine,17...18,37.968794489,kha,0.071185149
2024,pine,19...20,34.232445163,kha,0.071252298
2024,pine,21...22,38.88397737,kha,0.074336147
2024,pine,23...24,45.940910727,kha,0.063028194
2024,pine,25...26,75.411649779,kha,0.054787667
2024,pine,27...28,76.012941563,kha,0.05254862
2024,pine,29...30,60.321694079,kha,0.064047816
2024,pine,31...32,42.735461702,kha,0.066659676
2024,pine,33...34,28.065202737,kha,0.078865239
2024,pine,35...36,22.145843793,kha,0.093951337
2024,pine,37...38,13.847246491,kha,0.11064704
2024,pine,39...40,8.083382207,kha,0.141499586
2024,pine,41...42,5.118733833,kha,0.183677021
2024,pine,43...44,3.220956369,kha,0.219913209
2024,pine,45...46,1.859227519,kha,0.275171872
2024,pine,47...48,1.651032852,kha,0.320425258
2024,pine,49...50,0.780047459,kha,0.446777302
2024,pine,51...,0.89034617,kha,0.410100368
2024,pine,all,650.117918333,kha,0.026689752
2024,spruce,0...2,17.092805557,kha,0.105380291
2024,spruce,3...4,15.005445358,kha,0.109229456
2024,spruce,5...6,14.610101705,kha,0.110159849
2024,spruce,7...8,14.814598947,kha,0.109013303
2024,spruce,9...10,11.162026718,kha,0.123476325
2024,spruce,11...12,19.683795597,kha,0.09141247
2024,spruce,13...14,17.756657147,kha,0.100098771
2024,spruce,15...16,20.106659325,kha,0.095473049
2024,spruce,17...18,23.91794001,kha,0.087236666
2024,spruce,19...20,18.091687531,kha,0.098619725
2024,spruce,21...22,21.906338021,kha,0.091949165
2024,spruce,23...24,29.509944238,kha,0.076007211
2024,spruce,25...26,31.067402596,kha,0.077359369
2024,spruce,27...28,29.693286592,kha,0.07397006
2024,spruce,29...30,20.839373505,kha,0.091315592
2024,spruce,31...32,12.812825555,kha,0.111629937
2024,spruce,33...34,11.127174197,kha,0.122036367
2024,spruce,35...36,10.123814751,kha,0.124595772
2024,spruce,37...38,8.312840968,kha,0.137747505
2024,spruce,39...40,5.285663989,kha,0.189419708
2024,spruce,41...42,1.565648857,kha,0.309862188
2024,spruce,43...44,1.560094919,kha,0.346313416
2024,spruce,45...46,1.092066443,kha,0.377932113
2024,spruce,47...48,0.672432112,kha,0.456443117
2024,spruce,49...50,0.468028476,kha,0.57743935
2024,spruce,51...,0.468028476,kha,0.577315024
2024,spruce,all,358.746681587,kha,0.030020412
