YEAR,OWNER,TYPE,DOMINANT_SPECIES,QUALITY_CLASS,AREA,UNIT,RELATIVE_ERROR_PERCENT
1999,State Forest Management Centre,production,aspen,1,19.0788779,kha,0.290256794
1999,State Forest Management Centre,production,aspen,1A,7.710203159,kha,0.420728744
1999,State Forest Management Centre,production,aspen,2,4.568806221,kha,0.703738004
1999,State Forest Management Centre,production,aspen,3,1.142201555,kha,0.998147748
1999,State Forest Management Centre,production,aspen,4,,kha,0.0
1999,State Forest Management Centre,production,aspen,5,,kha,0.0
1999,State Forest Management Centre,production,aspen,5A-5B,,kha,0.0
1999,State Forest Management Centre,production,aspen,all,32.500088835,kha,0.248929147
1999,State Forest Management Centre,production,birch,1,50.071260682,kha,0.240896736
1999,State Forest Management Centre,production,birch,1A,8.781816658,kha,0.471599158
1999,State Forest Management Centre,production,birch,2,65.388183539,kha,0.207595316
1999,State Forest Management Centre,production,birch,3,38.374317214,kha,0.19030954
1999,State Forest Management Centre,production,birch,4,9.137612443,kha,0.427489389
1999,State Forest Management Centre,production,birch,5,1.142201555,kha,0.998147748
1999,State Forest Management Centre,production,birch,5A-5B,,kha,0.0
1999,State Forest Management Centre,production,birch,all,172.895392091,kha,0.170359563
1999,State Forest Management Centre,production,black alder,1,1.142201555,kha,0.998147748
1999,State Forest Management Centre,production,black alder,1A,,kha,0.0
1999,State Forest Management Centre,production,black alder,2,9.137612443,kha,0.388888468
1999,State Forest Management Centre,production,black alder,3,1.142201555,kha,0.997093491
1999,State Forest Management Centre,production,black alder,4,1.142201555,kha,0.998147748
1999,State Forest Management Centre,production,black alder,5,,kha,0.0
1999,State Forest Management Centre,production,black alder,5A-5B,,kha,0.0
1999,State Forest Management Centre,production,black alder,all,12.564217109,kha,0.368303451
1999,State Forest Management Centre,production,grey alder,1,6.181252157,kha,0.415240778
1999,State Forest Management Centre,production,grey alder,1A,,kha,0.0
1999,State Forest Management Centre,production,grey alder,2,3.558414725,kha,0.516203309
1999,State Forest Management Centre,production,grey alder,3,,kha,0.0
1999,State Forest Management Centre,production,grey alder,4,,kha,0.0
1999,State Forest Management Centre,production,grey alder,5,,kha,0.0
1999,State Forest Management Centre,production,grey alder,5A-5B,,kha,0.0
1999,State Forest Management Centre,production,grey alder,all,9.739666882,kha,0.351818505
1999,State Forest Management Centre,production,other,1,2.110445814,kha,0.706208864
1999,State Forest Management Centre,production,other,1A,2.284403111,kha,0.702990348
1999,State Forest Management Centre,production,other,2,3.426604666,kha,0.742397007
1999,State Forest Management Centre,production,other,3,1.142201555,kha,0.997093491
1999,State Forest Management Centre,production,other,4,,kha,0.0
1999,State Forest Management Centre,production,other,5,,kha,0.0
1999,State Forest Management Centre,production,other,5A-5B,,kha,0.0
1999,State Forest Management Centre,production,other,all,8.963655146,kha,0.500227867
1999,State Forest Management Centre,production,pine,1,44.29766026,kha,0.285058518
1999,State Forest Management Centre,production,pine,1A,3.728260097,kha,0.531495356
1999,State Forest Management Centre,production,pine,2,66.186011325,kha,0.204833161
1999,State Forest Management Centre,production,pine,3,75.559259949,kha,0.208362375
1999,State Forest Management Centre,production,pine,4,39.614748103,kha,0.237754038
1999,State Forest Management Centre,production,pine,5,22.125243668,kha,0.307864552
1999,State Forest Management Centre,production,pine,5A-5B,14.19539515,kha,0.397050971
1999,State Forest Management Centre,production,pine,all,265.706578552,kha,0.149755904
1999,State Forest Management Centre,production,spruce,1,59.559186342,kha,0.21481421
1999,State Forest Management Centre,production,spruce,1A,23.479323612,kha,0.276105416
1999,State Forest Management Centre,production,spruce,2,35.525323875,kha,0.232635837
1999,State Forest Management Centre,production,spruce,3,11.749370519,kha,0.330448244
1999,State Forest Management Centre,production,spruce,4,5.011180884,kha,0.542690963
1999,State Forest Management Centre,production,spruce,5,,kha,0.0
1999,State Forest Management Centre,production,spruce,5A-5B,,kha,0.0
1999,State Forest Management Centre,production,spruce,all,135.324385231,kha,0.168519888
1999,State Forest Management Centre,protected,aspen,1,4.568806221,kha,0.787223795
1999,State Forest Management Centre,protected,aspen,1A,,kha,0.0
1999,State Forest Management Centre,protected,aspen,2,,kha,0.0
1999,State Forest Management Centre,protected,aspen,3,,kha,0.0
1999,State Forest Management Centre,protected,aspen,4,,kha,0.0
1999,State Forest Management Centre,protected,aspen,5,,kha,0.0
1999,State Forest Management Centre,protected,aspen,5A-5B,,kha,0.0
1999,State Forest Management Centre,protected,aspen,all,4.568806221,kha,0.787223795
1999,State Forest Management Centre,protected,birch,1,2.284403111,kha,0.703738004
1999,State Forest Management Centre,protected,birch,1A,,kha,0.0
1999,State Forest Management Centre,protected,birch,2,10.279813998,kha,0.504602113
1999,State Forest Management Centre,protected,birch,3,6.523569963,kha,0.625817696
1999,State Forest Management Centre,protected,birch,4,6.853209332,kha,0.465960103
1999,State Forest Management Centre,protected,birch,5,1.142201555,kha,0.997093491
1999,State Forest Management Centre,protected,birch,5A-5B,,kha,0.0
1999,State Forest Management Centre,protected,birch,all,27.083197959,kha,0.385692842
1999,State Forest Management Centre,protected,black alder,1,2.284403111,kha,0.998147748
1999,State Forest Management Centre,protected,black alder,1A,,kha,0.0
1999,State Forest Management Centre,protected,black alder,2,1.142201555,kha,0.997093491
1999,State Forest Management Centre,protected,black alder,3,0.507594371,kha,0.998147748
1999,State Forest Management Centre,protected,black alder,4,1.142201555,kha,0.998147748
1999,State Forest Management Centre,protected,black alder,5,,kha,0.0
1999,State Forest Management Centre,protected,black alder,5A-5B,,kha,0.0
1999,State Forest Management Centre,protected,black alder,all,5.076400593,kha,0.556399057
1999,State Forest Management Centre,protected,grey alder,1,0.820214937,kha,0.998147748
1999,State Forest Management Centre,protected,grey alder,1A,,kha,0.0
1999,State Forest Management Centre,protected,grey alder,2,,kha,0.0
1999,State Forest Management Centre,protected,grey alder,3,,kha,0.0
1999,State Forest Management Centre,protected,grey alder,4,,kha,0.0
1999,State Forest Management Centre,protected,grey alder,5,,kha,0.0
1999,State Forest Management Centre,protected,grey alder,5A-5B,,kha,0.0
1999,State Forest Management Centre,protected,grey alder,all,0.820214937,kha,0.998147748
1999,State Forest Management Centre,protected,pine,1,8.126192965,kha,0.686520444
1999,State Forest Management Centre,protected,pine,1A,,kha,0.0
1999,State Forest Management Centre,protected,pine,2,13.034461489,kha,0.491451733
1999,State Forest Management Centre,protected,pine,3,14.03377363,kha,0.315545968
1999,State Forest Management Centre,protected,pine,4,10.800201027,kha,0.455859036
1999,State Forest Management Centre,protected,pine,5,10.139780087,kha,0.41130401
1999,State Forest Management Centre,protected,pine,5A-5B,7.903006782,kha,0.461030441
1999,State Forest Management Centre,protected,pine,all,64.03741598,kha,0.26904159
1999,State Forest Management Centre,protected,spruce,1,2.600564501,kha,0.709059362
1999,State Forest Management Centre,protected,spruce,1A,,kha,0.0
1999,State Forest Management Centre,protected,spruce,2,5.394846386,kha,0.646126228
1999,State Forest Management Centre,protected,spruce,3,3.540824822,kha,0.840685972
1999,State Forest Management Centre,protected,spruce,4,,kha,0.0
1999,State Forest Management Centre,protected,spruce,5,,kha,0.0
1999,State Forest Management Centre,protected,spruce,5A-5B,,kha,0.0
1999,State Forest Management Centre,protected,spruce,all,11.536235709,kha,0.498858419
1999,all,production,aspen,1,43.035070661,kha,0.183712372
1999,all,production,aspen,1A,28.631452167,kha,0.225787201
1999,all,production,aspen,2,28.386449934,kha,0.244625333
1999,all,production,aspen,3,5.711007777,kha,0.525140983
1999,all,production,aspen,4,,kha,0.0
1999,all,production,aspen,5,,kha,0.0
1999,all,production,aspen,5A-5B,,kha,0.0
1999,all,production,aspen,all,105.763980539,kha,0.127409801
1999,all,production,birch,1,135.160593528,kha,0.133840517
1999,all,production,birch,1A,31.099521288,kha,0.26425264
1999,all,production,birch,2,222.132046097,kha,0.108782274
1999,all,production,birch,3,150.726173663,kha,0.122680279
1999,all,production,birch,4,34.184150808,kha,0.237166602
1999,all,production,birch,5,9.137612443,kha,0.389564007
1999,all,production,birch,5A-5B,,kha,0.0
1999,all,production,birch,all,582.440097827,kha,0.077769247
1999,all,production,black alder,1,7.995410887,kha,0.468280078
1999,all,production,black alder,1A,,kha,0.0
1999,all,production,black alder,2,28.687991144,kha,0.232184834
1999,all,production,black alder,3,4.860410278,kha,0.572254834
1999,all,production,black alder,4,2.061102707,kha,0.707975939
1999,all,production,black alder,5,,kha,0.0
1999,all,production,black alder,5A-5B,,kha,0.0
1999,all,production,black alder,all,43.604915017,kha,0.191129111
1999,all,production,grey alder,1,93.649905063,kha,0.166377126
1999,all,production,grey alder,1A,2.284403111,kha,0.703738004
1999,all,production,grey alder,2,89.799315179,kha,0.141197937
1999,all,production,grey alder,3,6.47719658,kha,0.382409607
1999,all,production,grey alder,4,,kha,0.0
1999,all,production,grey alder,5,,kha,0.0
1999,all,production,grey alder,5A-5B,,kha,0.0
1999,all,production,grey alder,all,192.210819933,kha,0.123103956
1999,all,production,other,1,9.18695555,kha,0.338942204
1999,all,production,other,1A,3.426604666,kha,0.572913544
1999,all,production,other,2,6.390389262,kha,0.477028132
1999,all,production,other,3,9.137612443,kha,0.389479628
1999,all,production,other,4,1.142201555,kha,0.998147748
1999,all,production,other,5,1.142201555,kha,0.997884288
1999,all,production,other,5A-5B,,kha,0.0
1999,all,production,other,all,30.425965031,kha,0.227280837
1999,all,production,pine,1,109.680818112,kha,0.16754351
1999,all,production,pine,1A,15.128573821,kha,0.269849105
1999,all,production,pine,2,138.813582542,kha,0.130148115
1999,all,production,pine,3,168.595688556,kha,0.138249264
1999,all,production,pine,4,75.776392464,kha,0.160196326
1999,all,production,pine,5,40.400468553,kha,0.235742122
1999,all,production,pine,5A-5B,23.333007592,kha,0.32180493
1999,all,production,pine,all,571.728531641,kha,0.090437093
1999,all,production,spruce,1,153.808861441,kha,0.117518298
1999,all,production,spruce,1A,56.654682007,kha,0.167246971
1999,all,production,spruce,2,84.87208611,kha,0.156183412
1999,all,production,spruce,3,23.521356629,kha,0.247899678
1999,all,production,spruce,4,6.349041565,kha,0.469867007
1999,all,production,spruce,5,,kha,0.0
1999,all,production,spruce,5A-5B,,kha,0.0
1999,all,production,spruce,all,325.206027752,kha,0.097689494
1999,all,protected,aspen,1,5.711007777,kha,0.659254222
1999,all,protected,aspen,1A,,kha,0.0
1999,all,protected,aspen,2,6.853209332,kha,0.846621659
1999,all,protected,aspen,3,,kha,0.0
1999,all,protected,aspen,4,,kha,0.0
1999,all,protected,aspen,5,,kha,0.0
1999,all,protected,aspen,5A-5B,,kha,0.0
1999,all,protected,aspen,all,12.564217109,kha,0.548053836
1999,all,protected,birch,1,5.253213393,kha,0.448027091
1999,all,protected,birch,1A,,kha,0.0
1999,all,protected,birch,2,15.990821775,kha,0.44646254
1999,all,protected,birch,3,14.976775234,kha,0.367791473
1999,all,protected,birch,4,7.995410887,kha,0.422456977
1999,all,protected,birch,5,3.426604666,kha,0.572913544
1999,all,protected,birch,5A-5B,,kha,0.0
1999,all,protected,birch,all,47.642825955,kha,0.3030106
1999,all,protected,black alder,1,3.426604666,kha,0.742397007
1999,all,protected,black alder,1A,,kha,0.0
1999,all,protected,black alder,2,3.426604666,kha,0.572301271
1999,all,protected,black alder,3,1.649795927,kha,0.75516873
1999,all,protected,black alder,4,3.426604666,kha,0.998147748
1999,all,protected,black alder,5,1.142201555,kha,0.998147748
1999,all,protected,black alder,5A-5B,,kha,0.0
1999,all,protected,black alder,all,13.07181148,kha,0.514100764
1999,all,protected,grey alder,1,0.820214937,kha,0.998147748
1999,all,protected,grey alder,1A,,kha,0.0
1999,all,protected,grey alder,2,0.965617195,kha,0.845692827
1999,all,protected,grey alder,3,,kha,0.0
1999,all,protected,grey alder,4,,kha,0.0
1999,all,protected,grey alder,5,,kha,0.0
1999,all,protected,grey alder,5A-5B,,kha,0.0
1999,all,protected,grey alder,all,1.785832132,kha,0.645750445
1999,all,protected,pine,1,10.410596076,kha,0.55620096
1999,all,protected,pine,1A,,kha,0.0
1999,all,protected,pine,2,21.314052123,kha,0.367416555
1999,all,protected,pine,3,30.024595404,kha,0.310762212
1999,all,protected,pine,4,14.226805693,kha,0.387089269
1999,all,protected,pine,5,15.850787864,kha,0.35090725
1999,all,protected,pine,5A-5B,13.614014558,kha,0.382040384
1999,all,protected,pine,all,105.440851719,kha,0.239992945
1999,all,protected,spruce,1,3.742766057,kha,0.577152917
1999,all,protected,spruce,1A,0.338662761,kha,0.997093491
1999,all,protected,spruce,2,7.679249497,kha,0.540519322
1999,all,protected,spruce,3,4.683026377,kha,0.679663268
1999,all,protected,spruce,4,,kha,0.0
1999,all,protected,spruce,5,,kha,0.0
1999,all,protected,spruce,5A-5B,,kha,0.0
1999,all,protected,spruce,all,16.443704691,kha,0.38666882
1999,other,production,aspen,1,23.956192761,kha,0.235871543
1999,other,production,aspen,1A,20.921249008,kha,0.258743916
1999,other,production,aspen,2,23.817643712,kha,0.261825538
1999,other,production,aspen,3,4.568806221,kha,0.608803403
1999,other,production,aspen,4,,kha,0.0
1999,other,production,aspen,5,,kha,0.0
1999,other,production,aspen,5A-5B,,kha,0.0
1999,other,production,aspen,all,73.263891703,kha,0.151511732
1999,other,production,birch,1,85.089332846,kha,0.161693489
1999,other,production,birch,1A,22.31770463,kha,0.2824686
1999,other,production,birch,2,156.743862558,kha,0.128740531
1999,other,production,birch,3,112.351856449,kha,0.157729851
1999,other,production,birch,4,25.046538366,kha,0.275353291
1999,other,production,birch,5,7.995410887,kha,0.423167694
1999,other,production,birch,5A-5B,,kha,0.0
1999,other,production,birch,all,409.544705736,kha,0.091585945
1999,other,production,black alder,1,6.853209332,kha,0.521846528
1999,other,production,black alder,1A,,kha,0.0
1999,other,production,black alder,2,19.550378702,kha,0.262121865
1999,other,production,black alder,3,3.718208723,kha,0.685033176
1999,other,production,black alder,4,0.918901151,kha,0.997093491
1999,other,production,black alder,5,,kha,0.0
1999,other,production,black alder,5A-5B,,kha,0.0
1999,other,production,black alder,all,31.040697908,kha,0.213729031
1999,other,production,grey alder,1,87.468652906,kha,0.174532561
1999,other,production,grey alder,1A,2.284403111,kha,0.703738004
1999,other,production,grey alder,2,86.240900454,kha,0.144859014
1999,other,production,grey alder,3,6.47719658,kha,0.382409607
1999,other,production,grey alder,4,,kha,0.0
1999,other,production,grey alder,5,,kha,0.0
1999,other,production,grey alder,5A-5B,,kha,0.0
1999,other,production,grey alder,all,182.47115305,kha,0.128092178
1999,other,production,other,1,7.076509736,kha,0.390108242
1999,other,production,other,1A,1.142201555,kha,0.998147748
1999,other,production,other,2,2.963784596,kha,0.576402267
1999,other,production,other,3,7.995410887,kha,0.423433905
1999,other,production,other,4,1.142201555,kha,0.998147748
1999,other,production,other,5,1.142201555,kha,0.997884288
1999,other,production,other,5A-5B,,kha,0.0
1999,other,production,other,all,21.462309885,kha,0.253376828
1999,other,production,pine,1,65.383157852,kha,0.1906506
1999,other,production,pine,1A,11.400313724,kha,0.317869434
1999,other,production,pine,2,72.627571217,kha,0.154075738
1999,other,production,pine,3,93.036428607,kha,0.182999605
1999,other,production,pine,4,36.161644361,kha,0.232697976
1999,other,production,pine,5,18.275224885,kha,0.368608435
1999,other,production,pine,5A-5B,9.137612443,kha,0.555223426
1999,other,production,pine,all,306.021953089,kha,0.117932365
1999,other,production,spruce,1,94.2496751,kha,0.142190794
1999,other,production,spruce,1A,33.175358395,kha,0.21317847
1999,other,production,spruce,2,49.346762235,kha,0.204078777
1999,other,production,spruce,3,11.77198611,kha,0.329949553
1999,other,production,spruce,4,1.337860682,kha,0.864048739
1999,other,production,spruce,5,,kha,0.0
1999,other,production,spruce,5A-5B,,kha,0.0
1999,other,production,spruce,all,189.881642521,kha,0.113468964
1999,other,protected,aspen,1,1.142201555,kha,0.997093491
1999,other,protected,aspen,1A,,kha,0.0
1999,other,protected,aspen,2,6.853209332,kha,0.846621659
1999,other,protected,aspen,3,,kha,0.0
1999,other,protected,aspen,4,,kha,0.0
1999,other,protected,aspen,5,,kha,0.0
1999,other,protected,aspen,5A-5B,,kha,0.0
1999,other,protected,aspen,all,7.995410887,kha,0.738590778
1999,other,protected,birch,1,2.968810283,kha,0.58598702
1999,other,protected,birch,1A,,kha,0.0
1999,other,protected,birch,2,5.711007777,kha,0.524439517
1999,other,protected,birch,3,8.453205271,kha,0.445885783
1999,other,protected,birch,4,1.142201555,kha,0.997093491
1999,other,protected,birch,5,2.284403111,kha,0.703738004
1999,other,protected,birch,5A-5B,,kha,0.0
1999,other,protected,birch,all,20.559627996,kha,0.315966545
1999,other,protected,black alder,1,1.142201555,kha,0.997093491
1999,other,protected,black alder,1A,,kha,0.0
1999,other,protected,black alder,2,2.284403111,kha,0.702990329
1999,other,protected,black alder,3,1.142201555,kha,0.998147748
1999,other,protected,black alder,4,2.284403111,kha,0.998147748
1999,other,protected,black alder,5,1.142201555,kha,0.998147748
1999,other,protected,black alder,5A-5B,,kha,0.0
1999,other,protected,black alder,all,7.995410887,kha,0.651128903
1999,other,protected,grey alder,1,,kha,0.0
1999,other,protected,grey alder,1A,,kha,0.0
1999,other,protected,grey alder,2,0.965617195,kha,0.845692827
1999,other,protected,grey alder,3,,kha,0.0
1999,other,protected,grey alder,4,,kha,0.0
1999,other,protected,grey alder,5,,kha,0.0
1999,other,protected,grey alder,5A-5B,,kha,0.0
1999,other,protected,grey alder,all,0.965617195,kha,0.845692827
1999,other,protected,pine,1,2.284403111,kha,0.703738022
1999,other,protected,pine,1A,,kha,0.0
1999,other,protected,pine,2,8.279590634,kha,0.556951679
1999,other,protected,pine,3,15.990821775,kha,0.50109926
1999,other,protected,pine,4,3.426604666,kha,0.572913544
1999,other,protected,pine,5,5.711007777,kha,0.524038289
1999,other,protected,pine,5A-5B,5.711007777,kha,0.660210745
1999,other,protected,pine,all,41.403435739,kha,0.422094202
1999,other,protected,spruce,1,1.142201555,kha,0.997093517
1999,other,protected,spruce,1A,0.338662761,kha,0.997093491
1999,other,protected,spruce,2,2.284403111,kha,0.703738004
1999,other,protected,spruce,3,1.142201555,kha,0.998147748
1999,other,protected,spruce,4,,kha,0.0
1999,other,protected,spruce,5,,kha,0.0
1999,other,protected,spruce,5A-5B,,kha,0.0
1999,other,protected,spruce,all,4.907468982,kha,0.465427434
2000,State Forest Management Centre,production,aspen,1,15.557185243,kha,0.213646932
2000,State Forest Management Centre,production,aspen,1A,7.366227821,kha,0.293541163
2000,State Forest Management Centre,production,aspen,2,5.978729021,kha,0.371180751
2000,State Forest Management Centre,production,aspen,3,1.950660407,kha,0.503768071
2000,State Forest Management Centre,production,aspen,4,,kha,0.0
2000,State Forest Management Centre,production,aspen,5,,kha,0.0
2000,State Forest Management Centre,production,aspen,5A-5B,,kha,0.0
2000,State Forest Management Centre,production,aspen,all,30.852802493,kha,0.168445975
2000,State Forest Management Centre,production,birch,1,51.803412125,kha,0.167096002
2000,State Forest Management Centre,production,birch,1A,17.723165552,kha,0.247776126
2000,State Forest Management Centre,production,birch,2,57.789372666,kha,0.152551987
2000,State Forest Management Centre,production,birch,3,35.544489175,kha,0.139056157
2000,State Forest Management Centre,production,birch,4,6.590324994,kha,0.332224892
2000,State Forest Management Centre,production,birch,5,1.121165852,kha,0.705290169
2000,State Forest Management Centre,production,birch,5A-5B,,kha,0.0
2000,State Forest Management Centre,production,birch,all,170.571930363,kha,0.116778048
2000,State Forest Management Centre,production,black alder,1,3.848682078,kha,0.421090367
2000,State Forest Management Centre,production,black alder,1A,,kha,0.0
2000,State Forest Management Centre,production,black alder,2,10.806244946,kha,0.295084792
2000,State Forest Management Centre,production,black alder,3,2.332641613,kha,0.460671242
2000,State Forest Management Centre,production,black alder,4,0.560582926,kha,0.99897456
2000,State Forest Management Centre,production,black alder,5,,kha,0.0
2000,State Forest Management Centre,production,black alder,5A-5B,,kha,0.0
2000,State Forest Management Centre,production,black alder,all,17.548151563,kha,0.240624494
2000,State Forest Management Centre,production,grey alder,1,3.594289546,kha,0.384528933
2000,State Forest Management Centre,production,grey alder,1A,,kha,0.0
2000,State Forest Management Centre,production,grey alder,2,3.433906771,kha,0.369982273
2000,State Forest Management Centre,production,grey alder,3,,kha,0.0
2000,State Forest Management Centre,production,grey alder,4,,kha,0.0
2000,State Forest Management Centre,production,grey alder,5,,kha,0.0
2000,State Forest Management Centre,production,grey alder,5A-5B,,kha,0.0
2000,State Forest Management Centre,production,grey alder,all,7.028196317,kha,0.282652869
2000,State Forest Management Centre,production,other,1,1.596371998,kha,0.577618667
2000,State Forest Management Centre,production,other,1A,1.121165852,kha,0.705655845
2000,State Forest Management Centre,production,other,2,2.463986193,kha,0.562388961
2000,State Forest Management Centre,production,other,3,0.661039386,kha,0.860641041
2000,State Forest Management Centre,production,other,4,,kha,0.0
2000,State Forest Management Centre,production,other,5,,kha,0.0
2000,State Forest Management Centre,production,other,5A-5B,,kha,0.0
2000,State Forest Management Centre,production,other,all,5.842563429,kha,0.403540954
2000,State Forest Management Centre,production,pine,1,41.318156962,kha,0.186487261
2000,State Forest Management Centre,production,pine,1A,9.8149101,kha,0.299675673
2000,State Forest Management Centre,production,pine,2,68.12652182,kha,0.131583893
2000,State Forest Management Centre,production,pine,3,63.147928796,kha,0.144795669
2000,State Forest Management Centre,production,pine,4,37.74836489,kha,0.178100236
2000,State Forest Management Centre,production,pine,5,24.45486956,kha,0.206311265
2000,State Forest Management Centre,production,pine,5A-5B,17.125864445,kha,0.249002293
2000,State Forest Management Centre,production,pine,all,261.736616572,kha,0.10027923
2000,State Forest Management Centre,production,spruce,1,56.176743763,kha,0.15331519
2000,State Forest Management Centre,production,spruce,1A,24.529539205,kha,0.181286915
2000,State Forest Management Centre,production,spruce,2,32.445362527,kha,0.149875572
2000,State Forest Management Centre,production,spruce,3,14.769285941,kha,0.219445373
2000,State Forest Management Centre,production,spruce,4,6.383525952,kha,0.356922861
2000,State Forest Management Centre,production,spruce,5,0.560582926,kha,0.999619951
2000,State Forest Management Centre,production,spruce,5A-5B,,kha,0.0
2000,State Forest Management Centre,production,spruce,all,134.865040315,kha,0.113518143
2000,State Forest Management Centre,protected,aspen,1,2.80291463,kha,0.661622091
2000,State Forest Management Centre,protected,aspen,1A,,kha,0.0
2000,State Forest Management Centre,protected,aspen,2,0.560582926,kha,0.998457947
2000,State Forest Management Centre,protected,aspen,3,,kha,0.0
2000,State Forest Management Centre,protected,aspen,4,,kha,0.0
2000,State Forest Management Centre,protected,aspen,5,,kha,0.0
2000,State Forest Management Centre,protected,aspen,5A-5B,,kha,0.0
2000,State Forest Management Centre,protected,aspen,all,3.363497555,kha,0.575273447
2000,State Forest Management Centre,protected,birch,1,2.445991481,kha,0.464301536
2000,State Forest Management Centre,protected,birch,1A,1.121165852,kha,0.706112677
2000,State Forest Management Centre,protected,birch,2,13.453990222,kha,0.463041822
2000,State Forest Management Centre,protected,birch,3,9.053750603,kha,0.453765955
2000,State Forest Management Centre,protected,birch,4,6.890405034,kha,0.334262374
2000,State Forest Management Centre,protected,birch,5,0.560582926,kha,0.99897456
2000,State Forest Management Centre,protected,birch,5A-5B,0.560582926,kha,0.999619951
2000,State Forest Management Centre,protected,birch,all,34.086469043,kha,0.337151055
2000,State Forest Management Centre,protected,black alder,1,1.121165852,kha,0.99897456
2000,State Forest Management Centre,protected,black alder,1A,,kha,0.0
2000,State Forest Management Centre,protected,black alder,2,1.121165852,kha,0.705655845
2000,State Forest Management Centre,protected,black alder,3,0.479915043,kha,0.706172541
2000,State Forest Management Centre,protected,black alder,4,0.560582926,kha,0.99897456
2000,State Forest Management Centre,protected,black alder,5,,kha,0.0
2000,State Forest Management Centre,protected,black alder,5A-5B,,kha,0.0
2000,State Forest Management Centre,protected,black alder,all,3.282829672,kha,0.461269259
2000,State Forest Management Centre,protected,grey alder,1,0.402554599,kha,0.99897456
2000,State Forest Management Centre,protected,grey alder,1A,,kha,0.0
2000,State Forest Management Centre,protected,grey alder,2,0.242900582,kha,0.999619951
2000,State Forest Management Centre,protected,grey alder,3,,kha,0.0
2000,State Forest Management Centre,protected,grey alder,4,,kha,0.0
2000,State Forest Management Centre,protected,grey alder,5,,kha,0.0
2000,State Forest Management Centre,protected,grey alder,5A-5B,,kha,0.0
2000,State Forest Management Centre,protected,grey alder,all,0.645455181,kha,0.727342323
2000,State Forest Management Centre,protected,pine,1,6.026939153,kha,0.485832116
2000,State Forest Management Centre,protected,pine,1A,0.560582926,kha,0.999619951
2000,State Forest Management Centre,protected,pine,2,13.034393902,kha,0.306413328
2000,State Forest Management Centre,protected,pine,3,16.041753124,kha,0.256912552
2000,State Forest Management Centre,protected,pine,4,16.332751721,kha,0.273951912
2000,State Forest Management Centre,protected,pine,5,10.958162919,kha,0.292780163
2000,State Forest Management Centre,protected,pine,5A-5B,10.154343062,kha,0.290059077
2000,State Forest Management Centre,protected,pine,all,73.108926807,kha,0.204575191
2000,State Forest Management Centre,protected,spruce,1,4.667861907,kha,0.46854988
2000,State Forest Management Centre,protected,spruce,1A,,kha,0.0
2000,State Forest Management Centre,protected,spruce,2,3.208328202,kha,0.562247276
2000,State Forest Management Centre,protected,spruce,3,4.5407217,kha,0.547628726
2000,State Forest Management Centre,protected,spruce,4,,kha,0.0
2000,State Forest Management Centre,protected,spruce,5,,kha,0.0
2000,State Forest Management Centre,protected,spruce,5A-5B,,kha,0.0
2000,State Forest Management Centre,protected,spruce,all,12.416911809,kha,0.324329724
2000,all,production,aspen,1,44.976521136,kha,0.12246441
2000,all,production,aspen,1A,20.646717627,kha,0.181697577
2000,all,production,aspen,2,32.299442792,kha,0.167552899
2000,all,production,aspen,3,6.99590674,kha,0.28592968
2000,all,production,aspen,4,,kha,0.0
2000,all,production,aspen,5,,kha,0.0
2000,all,production,aspen,5A-5B,,kha,0.0
2000,all,production,aspen,all,104.918588296,kha,0.092661256
2000,all,production,birch,1,127.609191272,kha,0.092170863
2000,all,production,birch,1A,35.291273867,kha,0.177446145
2000,all,production,birch,2,211.701282996,kha,0.074376767
2000,all,production,birch,3,159.966037755,kha,0.086024263
2000,all,production,birch,4,44.649308883,kha,0.154661612
2000,all,production,birch,5,8.911474657,kha,0.299667702
2000,all,production,birch,5A-5B,1.681748778,kha,0.574675217
2000,all,production,birch,all,589.810318206,kha,0.052504887
2000,all,production,black alder,1,8.667396851,kha,0.311803941
2000,all,production,black alder,1A,,kha,0.0
2000,all,production,black alder,2,34.501748874,kha,0.161568053
2000,all,production,black alder,3,8.087529872,kha,0.264413365
2000,all,production,black alder,4,1.572154816,kha,0.57754926
2000,all,production,black alder,5,,kha,0.0
2000,all,production,black alder,5A-5B,,kha,0.0
2000,all,production,black alder,all,52.828830413,kha,0.136240351
2000,all,production,grey alder,1,73.752251773,kha,0.122387617
2000,all,production,grey alder,1A,3.363497555,kha,0.404881347
2000,all,production,grey alder,2,79.707492369,kha,0.095068286
2000,all,production,grey alder,3,9.839575749,kha,0.270216596
2000,all,production,grey alder,4,,kha,0.0
2000,all,production,grey alder,5,,kha,0.0
2000,all,production,grey alder,5A-5B,,kha,0.0
2000,all,production,grey alder,all,166.662817446,kha,0.083315649
2000,all,production,other,1,5.288090857,kha,0.313631976
2000,all,production,other,1A,1.681748778,kha,0.575572328
2000,all,production,other,2,6.843035777,kha,0.302292813
2000,all,production,other,3,11.312114978,kha,0.262948745
2000,all,production,other,4,1.121165852,kha,0.705290169
2000,all,production,other,5,0.560582926,kha,0.998328752
2000,all,production,other,5A-5B,,kha,0.0
2000,all,production,other,all,26.806739167,kha,0.170623442
2000,all,production,pine,1,98.352032019,kha,0.112021264
2000,all,production,pine,1A,22.333119243,kha,0.174121825
2000,all,production,pine,2,160.628366482,kha,0.085487539
2000,all,production,pine,3,171.268622824,kha,0.092168729
2000,all,production,pine,4,82.846140113,kha,0.127517671
2000,all,production,pine,5,45.757020744,kha,0.149741633
2000,all,production,pine,5A-5B,28.112841326,kha,0.199895163
2000,all,production,pine,all,609.298142751,kha,0.060285925
2000,all,production,spruce,1,147.644481102,kha,0.085349183
2000,all,production,spruce,1A,58.573572121,kha,0.113628579
2000,all,production,spruce,2,91.946643332,kha,0.102202458
2000,all,production,spruce,3,35.194236963,kha,0.145425973
2000,all,production,spruce,4,10.228340008,kha,0.261689553
2000,all,production,spruce,5,0.560582926,kha,0.999619951
2000,all,production,spruce,5A-5B,,kha,0.0
2000,all,production,spruce,all,344.147856452,kha,0.065327573
2000,all,protected,aspen,1,4.484663407,kha,0.46523349
2000,all,protected,aspen,1A,,kha,0.0
2000,all,protected,aspen,2,4.484663407,kha,0.659941458
2000,all,protected,aspen,3,,kha,0.0
2000,all,protected,aspen,4,,kha,0.0
2000,all,protected,aspen,5,,kha,0.0
2000,all,protected,aspen,5A-5B,,kha,0.0
2000,all,protected,aspen,all,8.969326815,kha,0.402392798
2000,all,protected,birch,1,4.463641548,kha,0.291844298
2000,all,protected,birch,1A,1.121165852,kha,0.706112677
2000,all,protected,birch,2,19.68038478,kha,0.323269955
2000,all,protected,birch,3,15.591997443,kha,0.299500949
2000,all,protected,birch,4,8.572153812,kha,0.290406135
2000,all,protected,birch,5,2.80291463,kha,0.445495367
2000,all,protected,birch,5A-5B,1.121165852,kha,0.706569209
2000,all,protected,birch,all,53.353423915,kha,0.224547411
2000,all,protected,black alder,1,1.681748778,kha,0.743994103
2000,all,protected,black alder,1A,,kha,0.0
2000,all,protected,black alder,2,2.242331704,kha,0.498221099
2000,all,protected,black alder,3,1.040497969,kha,0.628284473
2000,all,protected,black alder,4,1.681748778,kha,0.99897456
2000,all,protected,black alder,5,0.560582926,kha,0.99897456
2000,all,protected,black alder,5A-5B,,kha,0.0
2000,all,protected,black alder,all,7.206910154,kha,0.466983931
2000,all,protected,grey alder,1,1.523720451,kha,0.581849828
2000,all,protected,grey alder,1A,,kha,0.0
2000,all,protected,grey alder,2,1.277400313,kha,0.571574194
2000,all,protected,grey alder,3,0.560582926,kha,0.999619951
2000,all,protected,grey alder,4,,kha,0.0
2000,all,protected,grey alder,5,,kha,0.0
2000,all,protected,grey alder,5A-5B,,kha,0.0
2000,all,protected,grey alder,all,3.36170369,kha,0.378983729
2000,all,protected,pine,1,8.269270857,kha,0.380968264
2000,all,protected,pine,1A,0.560582926,kha,0.999619951
2000,all,protected,pine,2,20.46144497,kha,0.236535814
2000,all,protected,pine,3,25.011079939,kha,0.234891015
2000,all,protected,pine,4,18.575083425,kha,0.25091402
2000,all,protected,pine,5,16.003409252,kha,0.24628379
2000,all,protected,pine,5A-5B,15.199589395,kha,0.276300707
2000,all,protected,pine,all,104.080460764,kha,0.176365034
2000,all,protected,spruce,1,6.910193611,kha,0.372584074
2000,all,protected,spruce,1A,0.166212838,kha,0.99897456
2000,all,protected,spruce,2,7.132408683,kha,0.378026069
2000,all,protected,spruce,3,5.101304626,kha,0.49923182
2000,all,protected,spruce,4,,kha,0.0
2000,all,protected,spruce,5,,kha,0.0
2000,all,protected,spruce,5A-5B,,kha,0.0
2000,all,protected,spruce,all,19.310119757,kha,0.257171159
2000,other,production,aspen,1,29.419335893,kha,0.153190062
2000,other,production,aspen,1A,13.280489806,kha,0.225349105
2000,other,production,aspen,2,26.32071377,kha,0.190330003
2000,other,production,aspen,3,5.045246333,kha,0.348146973
2000,other,production,aspen,4,,kha,0.0
2000,other,production,aspen,5,,kha,0.0
2000,other,production,aspen,5A-5B,,kha,0.0
2000,other,production,aspen,all,74.065785803,kha,0.115138578
2000,other,production,birch,1,75.805779147,kha,0.110494384
2000,other,production,birch,1A,17.568108315,kha,0.207365459
2000,other,production,birch,2,153.91191033,kha,0.085833668
2000,other,production,birch,3,124.42154858,kha,0.10455235
2000,other,production,birch,4,38.058983889,kha,0.171773037
2000,other,production,birch,5,7.790308805,kha,0.328459475
2000,other,production,birch,5A-5B,1.681748778,kha,0.574675217
2000,other,production,birch,all,419.238387843,kha,0.062471073
2000,other,production,black alder,1,4.818714773,kha,0.434295062
2000,other,production,black alder,1A,,kha,0.0
2000,other,production,black alder,2,23.695503928,kha,0.189691866
2000,other,production,black alder,3,5.754888259,kha,0.323961107
2000,other,production,black alder,4,1.01157189,kha,0.708750337
2000,other,production,black alder,5,,kha,0.0
2000,other,production,black alder,5A-5B,,kha,0.0
2000,other,production,black alder,all,35.28067885,kha,0.162040085
2000,other,production,grey alder,1,70.157962227,kha,0.12662922
2000,other,production,grey alder,1A,3.363497555,kha,0.404881347
2000,other,production,grey alder,2,76.273585598,kha,0.097991793
2000,other,production,grey alder,3,9.839575749,kha,0.270216596
2000,other,production,grey alder,4,,kha,0.0
2000,other,production,grey alder,5,,kha,0.0
2000,other,production,grey alder,5A-5B,,kha,0.0
2000,other,production,grey alder,all,159.634621129,kha,0.086538146
2000,other,production,other,1,3.691718859,kha,0.375390441
2000,other,production,other,1A,0.560582926,kha,0.99897456
2000,other,production,other,2,4.379049584,kha,0.354005237
2000,other,production,other,3,10.651075592,kha,0.274535849
2000,other,production,other,4,1.121165852,kha,0.705290169
2000,other,production,other,5,0.560582926,kha,0.998328752
2000,other,production,other,5A-5B,,kha,0.0
2000,other,production,other,all,20.964175738,kha,0.189974019
2000,other,production,pine,1,57.033875057,kha,0.131244099
2000,other,production,pine,1A,12.518209144,kha,0.215485821
2000,other,production,pine,2,92.501844662,kha,0.111909643
2000,other,production,pine,3,108.120694027,kha,0.119739833
2000,other,production,pine,4,45.097775223,kha,0.175177336
2000,other,production,pine,5,21.302151184,kha,0.215295032
2000,other,production,pine,5A-5B,10.986976881,kha,0.330954022
2000,other,production,pine,all,347.561526179,kha,0.078648134
2000,other,production,spruce,1,91.467737339,kha,0.100708411
2000,other,production,spruce,1A,34.044032915,kha,0.139930173
2000,other,production,spruce,2,59.501280805,kha,0.136074083
2000,other,production,spruce,3,20.424951022,kha,0.199790933
2000,other,production,spruce,4,3.844814056,kha,0.369079922
2000,other,production,spruce,5,,kha,0.0
2000,other,production,spruce,5A-5B,,kha,0.0
2000,other,production,spruce,all,209.282816137,kha,0.078595135
2000,other,protected,aspen,1,1.681748778,kha,0.575273454
2000,other,protected,aspen,1A,,kha,0.0
2000,other,protected,aspen,2,3.924080481,kha,0.74108091
2000,other,protected,aspen,3,,kha,0.0
2000,other,protected,aspen,4,,kha,0.0
2000,other,protected,aspen,5,,kha,0.0
2000,other,protected,aspen,5A-5B,,kha,0.0
2000,other,protected,aspen,all,5.605829259,kha,0.54590129
2000,other,protected,birch,1,2.017650067,kha,0.425089309
2000,other,protected,birch,1A,,kha,0.0
2000,other,protected,birch,2,6.226394558,kha,0.349472912
2000,other,protected,birch,3,6.53824684,kha,0.405215974
2000,other,protected,birch,4,1.681748778,kha,0.575647025
2000,other,protected,birch,5,2.242331704,kha,0.49859313
2000,other,protected,birch,5A-5B,0.560582926,kha,0.999619951
2000,other,protected,birch,all,19.266954872,kha,0.253502475
2000,other,protected,black alder,1,0.560582926,kha,0.99900684
2000,other,protected,black alder,1A,,kha,0.0
2000,other,protected,black alder,2,1.121165852,kha,0.70604416
2000,other,protected,black alder,3,0.560582926,kha,0.99897456
2000,other,protected,black alder,4,1.121165852,kha,0.99897456
2000,other,protected,black alder,5,0.560582926,kha,0.99897456
2000,other,protected,black alder,5A-5B,,kha,0.0
2000,other,protected,black alder,all,3.924080481,kha,0.653213164
2000,other,protected,grey alder,1,1.121165852,kha,0.705747235
2000,other,protected,grey alder,1A,,kha,0.0
2000,other,protected,grey alder,2,1.034499731,kha,0.665981709
2000,other,protected,grey alder,3,0.560582926,kha,0.999619951
2000,other,protected,grey alder,4,,kha,0.0
2000,other,protected,grey alder,5,,kha,0.0
2000,other,protected,grey alder,5A-5B,,kha,0.0
2000,other,protected,grey alder,all,2.716248509,kha,0.436859664
2000,other,protected,pine,1,2.242331704,kha,0.498010715
2000,other,protected,pine,1A,,kha,0.0
2000,other,protected,pine,2,7.427051069,kha,0.355480836
2000,other,protected,pine,3,8.969326815,kha,0.448647722
2000,other,protected,pine,4,2.242331704,kha,0.497427605
2000,other,protected,pine,5,5.045246333,kha,0.374449088
2000,other,protected,pine,5A-5B,5.045246333,kha,0.455722937
2000,other,protected,pine,all,30.971533957,kha,0.297344025
2000,other,protected,spruce,1,2.242331704,kha,0.611013214
2000,other,protected,spruce,1A,0.166212838,kha,0.99897456
2000,other,protected,spruce,2,3.924080481,kha,0.472064992
2000,other,protected,spruce,3,0.560582926,kha,0.99897456
2000,other,protected,spruce,4,,kha,0.0
2000,other,protected,spruce,5,,kha,0.0
2000,other,protected,spruce,5A-5B,,kha,0.0
2000,other,protected,spruce,all,6.893207948,kha,0.343413428
2001,State Forest Management Centre,production,aspen,1,15.431853734,kha,0.166530381
2001,State Forest Management Centre,production,aspen,1A,8.191282041,kha,0.258825523
2001,State Forest Management Centre,production,aspen,2,5.486093246,kha,0.299601617
2001,State Forest Management Centre,production,aspen,3,1.301718263,kha,0.50518352
2001,State Forest Management Centre,production,aspen,4,,kha,0.0
2001,State Forest Management Centre,production,aspen,5,,kha,0.0
2001,State Forest Management Centre,production,aspen,5A-5B,,kha,0.0
2001,State Forest Management Centre,production,aspen,all,30.410947284,kha,0.14221107
2001,State Forest Management Centre,production,birch,1,58.177270819,kha,0.121318551
2001,State Forest Management Centre,production,birch,1A,15.567947393,kha,0.204498823
2001,State Forest Management Centre,production,birch,2,68.705675269,kha,0.11989548
2001,State Forest Management Centre,production,birch,3,35.342041762,kha,0.121263303
2001,State Forest Management Centre,production,birch,4,9.774988758,kha,0.210109164
2001,State Forest Management Centre,production,birch,5,1.122267664,kha,0.622782854
2001,State Forest Management Centre,production,birch,5A-5B,,kha,0.0
2001,State Forest Management Centre,production,birch,all,188.690191665,kha,0.090265589
2001,State Forest Management Centre,production,black alder,1,4.064666433,kha,0.335380023
2001,State Forest Management Centre,production,black alder,1A,,kha,0.0
2001,State Forest Management Centre,production,black alder,2,11.061182319,kha,0.229129874
2001,State Forest Management Centre,production,black alder,3,2.304801101,kha,0.385987014
2001,State Forest Management Centre,production,black alder,4,0.374089221,kha,0.999800807
2001,State Forest Management Centre,production,black alder,5,,kha,0.0
2001,State Forest Management Centre,production,black alder,5A-5B,,kha,0.0
2001,State Forest Management Centre,production,black alder,all,17.804739073,kha,0.192598845
2001,State Forest Management Centre,production,grey alder,1,4.697326124,kha,0.271153109
2001,State Forest Management Centre,production,grey alder,1A,0.374089221,kha,0.99936968
2001,State Forest Management Centre,production,grey alder,2,3.413788597,kha,0.311782048
2001,State Forest Management Centre,production,grey alder,3,,kha,0.0
2001,State Forest Management Centre,production,grey alder,4,,kha,0.0
2001,State Forest Management Centre,production,grey alder,5,,kha,0.0
2001,State Forest Management Centre,production,grey alder,5A-5B,,kha,0.0
2001,State Forest Management Centre,production,grey alder,all,8.485203942,kha,0.215341541
2001,State Forest Management Centre,production,other,1,1.813472318,kha,0.446763276
2001,State Forest Management Centre,production,other,1A,0.748178442,kha,0.70548245
2001,State Forest Management Centre,production,other,2,1.981251333,kha,0.482507296
2001,State Forest Management Centre,production,other,3,0.44112601,kha,0.860550981
2001,State Forest Management Centre,production,other,4,,kha,0.0
2001,State Forest Management Centre,production,other,5,,kha,0.0
2001,State Forest Management Centre,production,other,5A-5B,,kha,0.0
2001,State Forest Management Centre,production,other,all,4.984028103,kha,0.336176056
2001,State Forest Management Centre,production,pine,1,40.469495672,kha,0.145437311
2001,State Forest Management Centre,production,pine,1A,8.794239047,kha,0.260350264
2001,State Forest Management Centre,production,pine,2,67.443610464,kha,0.107939356
2001,State Forest Management Centre,production,pine,3,56.128047475,kha,0.123085808
2001,State Forest Management Centre,production,pine,4,34.267208612,kha,0.14610121
2001,State Forest Management Centre,production,pine,5,21.522138482,kha,0.168359385
2001,State Forest Management Centre,production,pine,5A-5B,15.91753377,kha,0.213814624
2001,State Forest Management Centre,production,pine,all,244.542273522,kha,0.07928231
2001,State Forest Management Centre,production,spruce,1,61.650053286,kha,0.117222135
2001,State Forest Management Centre,production,spruce,1A,27.601088326,kha,0.140969081
2001,State Forest Management Centre,production,spruce,2,29.351489201,kha,0.129648647
2001,State Forest Management Centre,production,spruce,3,13.290230352,kha,0.196527292
2001,State Forest Management Centre,production,spruce,4,5.0188184,kha,0.321317231
2001,State Forest Management Centre,production,spruce,5,0.748178442,kha,0.706459137
2001,State Forest Management Centre,production,spruce,5A-5B,,kha,0.0
2001,State Forest Management Centre,production,spruce,all,137.659858008,kha,0.090131105
2001,State Forest Management Centre,protected,aspen,1,2.244535327,kha,0.575659251
2001,State Forest Management Centre,protected,aspen,1A,0.86661509,kha,0.623667988
2001,State Forest Management Centre,protected,aspen,2,0.374089221,kha,0.999283431
2001,State Forest Management Centre,protected,aspen,3,,kha,0.0
2001,State Forest Management Centre,protected,aspen,4,,kha,0.0
2001,State Forest Management Centre,protected,aspen,5,,kha,0.0
2001,State Forest Management Centre,protected,aspen,5A-5B,,kha,0.0
2001,State Forest Management Centre,protected,aspen,all,3.485239638,kha,0.423390344
2001,State Forest Management Centre,protected,birch,1,1.632263499,kha,0.464797218
2001,State Forest Management Centre,protected,birch,1A,0.748178442,kha,0.706398134
2001,State Forest Management Centre,protected,birch,2,10.848587414,kha,0.386384057
2001,State Forest Management Centre,protected,birch,3,6.789943818,kha,0.411673338
2001,State Forest Management Centre,protected,birch,4,6.094474547,kha,0.279993384
2001,State Forest Management Centre,protected,birch,5,0.374089221,kha,0.998852084
2001,State Forest Management Centre,protected,birch,5A-5B,0.374089221,kha,0.999714592
2001,State Forest Management Centre,protected,birch,all,26.861626163,kha,0.288711182
2001,State Forest Management Centre,protected,black alder,1,0.748178442,kha,0.999800798
2001,State Forest Management Centre,protected,black alder,1A,,kha,0.0
2001,State Forest Management Centre,protected,black alder,2,1.122267664,kha,0.575409661
2001,State Forest Management Centre,protected,black alder,3,0.320257782,kha,0.706989217
2001,State Forest Management Centre,protected,black alder,4,0.374089221,kha,1.000145564
2001,State Forest Management Centre,protected,black alder,5,,kha,0.0
2001,State Forest Management Centre,protected,black alder,5A-5B,,kha,0.0
2001,State Forest Management Centre,protected,black alder,all,2.564793109,kha,0.420515693
2001,State Forest Management Centre,protected,grey alder,1,0.26863347,kha,1.000145568
2001,State Forest Management Centre,protected,grey alder,1A,,kha,0.0
2001,State Forest Management Centre,protected,grey alder,2,0.16209286,kha,0.999714592
2001,State Forest Management Centre,protected,grey alder,3,,kha,0.0
2001,State Forest Management Centre,protected,grey alder,4,,kha,0.0
2001,State Forest Management Centre,protected,grey alder,5,,kha,0.0
2001,State Forest Management Centre,protected,grey alder,5A-5B,,kha,0.0
2001,State Forest Management Centre,protected,grey alder,all,0.430726329,kha,0.728394177
2001,State Forest Management Centre,protected,pine,1,5.875781988,kha,0.361138478
2001,State Forest Management Centre,protected,pine,1A,0.374089221,kha,0.999714592
2001,State Forest Management Centre,protected,pine,2,13.610749997,kha,0.238639997
2001,State Forest Management Centre,protected,pine,3,15.378246749,kha,0.237210855
2001,State Forest Management Centre,protected,pine,4,15.767561401,kha,0.21999436
2001,State Forest Management Centre,protected,pine,5,13.678722008,kha,0.242681047
2001,State Forest Management Centre,protected,pine,5A-5B,11.917061048,kha,0.266703878
2001,State Forest Management Centre,protected,pine,all,76.602212412,kha,0.162325469
2001,State Forest Management Centre,protected,spruce,1,4.985412233,kha,0.383421686
2001,State Forest Management Centre,protected,spruce,1A,,kha,0.0
2001,State Forest Management Centre,protected,spruce,2,2.889165873,kha,0.455062367
2001,State Forest Management Centre,protected,spruce,3,3.778301134,kha,0.461236503
2001,State Forest Management Centre,protected,spruce,4,,kha,0.0
2001,State Forest Management Centre,protected,spruce,5,,kha,0.0
2001,State Forest Management Centre,protected,spruce,5A-5B,,kha,0.0
2001,State Forest Management Centre,protected,spruce,all,11.65287924,kha,0.272072888
2001,all,production,aspen,1,45.871306617,kha,0.0950575
2001,all,production,aspen,1A,21.044613591,kha,0.1704258
2001,all,production,aspen,2,31.026211826,kha,0.135585501
2001,all,production,aspen,3,5.416699696,kha,0.265934435
2001,all,production,aspen,4,,kha,0.0
2001,all,production,aspen,5,,kha,0.0
2001,all,production,aspen,5A-5B,,kha,0.0
2001,all,production,aspen,all,103.35883173,kha,0.076155955
2001,all,production,birch,1,133.383943392,kha,0.070898611
2001,all,production,birch,1A,31.796274488,kha,0.14734044
2001,all,production,birch,2,223.765208542,kha,0.059307513
2001,all,production,birch,3,154.954601246,kha,0.070106524
2001,all,production,birch,4,45.172021636,kha,0.123718312
2001,all,production,birch,5,11.558159849,kha,0.214772363
2001,all,production,birch,5A-5B,1.122267664,kha,0.576307684
2001,all,production,birch,all,601.752476816,kha,0.041858219
2001,all,production,black alder,1,8.571394098,kha,0.245065814
2001,all,production,black alder,1A,,kha,0.0
2001,all,production,black alder,2,35.527851878,kha,0.12592019
2001,all,production,black alder,3,10.770140905,kha,0.197650391
2001,all,production,black alder,4,2.171400884,kha,0.40767077
2001,all,production,black alder,5,,kha,0.0
2001,all,production,black alder,5A-5B,,kha,0.0
2001,all,production,black alder,all,57.040787765,kha,0.105555239
2001,all,production,grey alder,1,73.84386554,kha,0.092369372
2001,all,production,grey alder,1A,3.944546384,kha,0.316178418
2001,all,production,grey alder,2,80.668262975,kha,0.078931091
2001,all,production,grey alder,3,11.42139283,kha,0.213082259
2001,all,production,grey alder,4,0.748178442,kha,0.706093036
2001,all,production,grey alder,5,,kha,0.0
2001,all,production,grey alder,5A-5B,,kha,0.0
2001,all,production,grey alder,all,170.626246171,kha,0.063781972
2001,all,production,other,1,7.087943292,kha,0.225163917
2001,all,production,other,1A,1.636228845,kha,0.463605275
2001,all,production,other,2,5.965338948,kha,0.25400773
2001,all,production,other,3,9.045178097,kha,0.242791795
2001,all,production,other,4,2.244535327,kha,0.406410385
2001,all,production,other,5,0.748178442,kha,0.705543531
2001,all,production,other,5A-5B,,kha,0.0
2001,all,production,other,all,26.72740295,kha,0.139098631
2001,all,production,pine,1,97.361433337,kha,0.091733466
2001,all,production,pine,1A,21.732638487,kha,0.14621141
2001,all,production,pine,2,161.93207599,kha,0.069846326
2001,all,production,pine,3,156.11154698,kha,0.074140847
2001,all,production,pine,4,78.049788063,kha,0.099666439
2001,all,production,pine,5,44.731681214,kha,0.116441034
2001,all,production,pine,5A-5B,25.868007782,kha,0.165339367
2001,all,production,pine,all,585.787171852,kha,0.048124984
2001,all,production,spruce,1,149.997021251,kha,0.0643257
2001,all,production,spruce,1A,60.247592796,kha,0.092526201
2001,all,production,spruce,2,93.412397882,kha,0.083977303
2001,all,production,spruce,3,34.504231542,kha,0.121015317
2001,all,production,spruce,4,8.332725175,kha,0.23311447
2001,all,production,spruce,5,0.748178442,kha,0.706459137
2001,all,production,spruce,5A-5B,,kha,0.0
2001,all,production,spruce,all,347.242147089,kha,0.051793879
2001,all,protected,aspen,1,3.740892212,kha,0.397815405
2001,all,protected,aspen,1A,0.86661509,kha,0.623667988
2001,all,protected,aspen,2,2.992713769,kha,0.660619041
2001,all,protected,aspen,3,,kha,0.0
2001,all,protected,aspen,4,,kha,0.0
2001,all,protected,aspen,5,,kha,0.0
2001,all,protected,aspen,5A-5B,,kha,0.0
2001,all,protected,aspen,all,7.600221071,kha,0.334161872
2001,all,protected,birch,1,3.726863866,kha,0.253225242
2001,all,protected,birch,1A,0.748178442,kha,0.706398134
2001,all,protected,birch,2,15.131647134,kha,0.282083486
2001,all,protected,birch,3,11.527147853,kha,0.272845251
2001,all,protected,birch,4,7.590831432,kha,0.244520384
2001,all,protected,birch,5,2.244535327,kha,0.406684219
2001,all,protected,birch,5A-5B,0.748178442,kha,0.706703096
2001,all,protected,birch,all,41.717382496,kha,0.193822268
2001,all,protected,black alder,1,1.122267664,kha,0.74486697
2001,all,protected,black alder,1A,,kha,0.0
2001,all,protected,black alder,2,1.870446106,kha,0.44503804
2001,all,protected,black alder,3,0.694347003,kha,0.62971019
2001,all,protected,black alder,4,1.122267664,kha,1.000145564
2001,all,protected,black alder,5,0.374089221,kha,1.000145564
2001,all,protected,black alder,5A-5B,,kha,0.0
2001,all,protected,black alder,all,5.183417658,kha,0.440249713
2001,all,protected,grey alder,1,1.764990354,kha,0.540172914
2001,all,protected,grey alder,1A,,kha,0.0
2001,all,protected,grey alder,2,1.600615551,kha,0.448189089
2001,all,protected,grey alder,3,1.122267664,kha,0.744510114
2001,all,protected,grey alder,4,,kha,0.0
2001,all,protected,grey alder,5,,kha,0.0
2001,all,protected,grey alder,5A-5B,,kha,0.0
2001,all,protected,grey alder,all,4.487873569,kha,0.323375137
2001,all,protected,pine,1,7.372138873,kha,0.309127209
2001,all,protected,pine,1A,0.748178442,kha,0.706672612
2001,all,protected,pine,2,20.037079092,kha,0.192475243
2001,all,protected,pine,3,23.234120394,kha,0.184623095
2001,all,protected,pine,4,18.760275171,kha,0.195408178
2001,all,protected,pine,5,17.045524999,kha,0.214722576
2001,all,protected,pine,5A-5B,15.283864038,kha,0.249404615
2001,all,protected,pine,all,102.481181009,kha,0.138332784
2001,all,protected,spruce,1,6.481769118,kha,0.326291084
2001,all,protected,spruce,1A,0.110917454,kha,0.998852084
2001,all,protected,spruce,2,5.881879642,kha,0.325395547
2001,all,protected,spruce,3,4.152390355,kha,0.429084497
2001,all,protected,spruce,4,,kha,0.0
2001,all,protected,spruce,5,,kha,0.0
2001,all,protected,spruce,5A-5B,,kha,0.0
2001,all,protected,spruce,all,16.626956569,kha,0.224828104
2001,other,production,aspen,1,30.439452883,kha,0.120460628
2001,other,production,aspen,1A,12.853331551,kha,0.220164584
2001,other,production,aspen,2,25.54011858,kha,0.157242836
2001,other,production,aspen,3,4.114981433,kha,0.312810846
2001,other,production,aspen,4,,kha,0.0
2001,other,production,aspen,5,,kha,0.0
2001,other,production,aspen,5A-5B,,kha,0.0
2001,other,production,aspen,all,72.947884446,kha,0.094630646
2001,other,production,birch,1,75.206672573,kha,0.086576869
2001,other,production,birch,1A,16.228327095,kha,0.18201195
2001,other,production,birch,2,155.059533272,kha,0.067519625
2001,other,production,birch,3,119.612559484,kha,0.084364514
2001,other,production,birch,4,35.397032878,kha,0.146977304
2001,other,production,birch,5,10.435892185,kha,0.228794741
2001,other,production,birch,5A-5B,1.122267664,kha,0.576307684
2001,other,production,birch,all,413.062285151,kha,0.049679736
2001,other,production,black alder,1,4.506727665,kha,0.346613203
2001,other,production,black alder,1A,,kha,0.0
2001,other,production,black alder,2,24.46666956,kha,0.148827482
2001,other,production,black alder,3,8.465339804,kha,0.218290362
2001,other,production,black alder,4,1.797311663,kha,0.446873745
2001,other,production,black alder,5,,kha,0.0
2001,other,production,black alder,5A-5B,,kha,0.0
2001,other,production,black alder,all,39.236048692,kha,0.123243505
2001,other,production,grey alder,1,69.146539416,kha,0.097334941
2001,other,production,grey alder,1A,3.570457163,kha,0.333703112
2001,other,production,grey alder,2,77.254474378,kha,0.080966233
2001,other,production,grey alder,3,11.42139283,kha,0.213082259
2001,other,production,grey alder,4,0.748178442,kha,0.706093036
2001,other,production,grey alder,5,,kha,0.0
2001,other,production,grey alder,5A-5B,,kha,0.0
2001,other,production,grey alder,all,162.141042229,kha,0.066830312
2001,other,production,other,1,5.274470974,kha,0.262306388
2001,other,production,other,1A,0.888050402,kha,0.615585544
2001,other,production,other,2,3.984087614,kha,0.297167989
2001,other,production,other,3,8.604052087,kha,0.251666666
2001,other,production,other,4,2.244535327,kha,0.406410385
2001,other,production,other,5,0.748178442,kha,0.705543531
2001,other,production,other,5A-5B,,kha,0.0
2001,other,production,other,all,21.743374847,kha,0.15491152
2001,other,production,pine,1,56.891937664,kha,0.105290498
2001,other,production,pine,1A,12.938399439,kha,0.176446518
2001,other,production,pine,2,94.488465527,kha,0.091582737
2001,other,production,pine,3,99.983499506,kha,0.094853063
2001,other,production,pine,4,43.782579451,kha,0.134320599
2001,other,production,pine,5,23.209542732,kha,0.160766017
2001,other,production,pine,5A-5B,9.950474012,kha,0.261872386
2001,other,production,pine,all,341.244898331,kha,0.063594569
2001,other,production,spruce,1,88.346967965,kha,0.076554946
2001,other,production,spruce,1A,32.64650447,kha,0.11877995
2001,other,production,spruce,2,64.060908681,kha,0.106304838
2001,other,production,spruce,3,21.21400119,kha,0.15409801
2001,other,production,spruce,4,3.313906775,kha,0.327778607
2001,other,production,spruce,5,,kha,0.0
2001,other,production,spruce,5A-5B,,kha,0.0
2001,other,production,spruce,all,209.582289081,kha,0.063249326
2001,other,protected,aspen,1,1.496356885,kha,0.498565323
2001,other,protected,aspen,1A,,kha,0.0
2001,other,protected,aspen,2,2.618624548,kha,0.741611722
2001,other,protected,aspen,3,,kha,0.0
2001,other,protected,aspen,4,,kha,0.0
2001,other,protected,aspen,5,,kha,0.0
2001,other,protected,aspen,5A-5B,,kha,0.0
2001,other,protected,aspen,all,4.114981433,kha,0.504995419
2001,other,protected,birch,1,2.094600367,kha,0.370871496
2001,other,protected,birch,1A,,kha,0.0
2001,other,protected,birch,2,4.28305972,kha,0.340902962
2001,other,protected,birch,3,4.737204035,kha,0.381743998
2001,other,protected,birch,4,1.496356885,kha,0.498759763
2001,other,protected,birch,5,1.870446106,kha,0.446014986
2001,other,protected,birch,5A-5B,0.374089221,kha,0.999714592
2001,other,protected,birch,all,14.855756334,kha,0.229477077
2001,other,protected,black alder,1,0.374089221,kha,0.999304994
2001,other,protected,black alder,1A,,kha,0.0
2001,other,protected,black alder,2,0.748178442,kha,0.706047254
2001,other,protected,black alder,3,0.374089221,kha,1.000145564
2001,other,protected,black alder,4,0.748178442,kha,1.000145564
2001,other,protected,black alder,5,0.374089221,kha,1.000145564
2001,other,protected,black alder,5A-5B,,kha,0.0
2001,other,protected,black alder,all,2.618624548,kha,0.654302302
2001,other,protected,grey alder,1,1.496356885,kha,0.611448311
2001,other,protected,grey alder,1A,,kha,0.0
2001,other,protected,grey alder,2,1.438522691,kha,0.486039004
2001,other,protected,grey alder,3,1.122267664,kha,0.744510114
2001,other,protected,grey alder,4,,kha,0.0
2001,other,protected,grey alder,5,,kha,0.0
2001,other,protected,grey alder,5A-5B,,kha,0.0
2001,other,protected,grey alder,all,4.057147239,kha,0.349448448
2001,other,protected,pine,1,1.496356885,kha,0.498824566
2001,other,protected,pine,1A,0.374089221,kha,0.999671493
2001,other,protected,pine,2,6.426329095,kha,0.312664943
2001,other,protected,pine,3,7.855873645,kha,0.37651716
2001,other,protected,pine,4,2.992713769,kha,0.39361896
2001,other,protected,pine,5,3.366802991,kha,0.375094533
2001,other,protected,pine,5A-5B,3.366802991,kha,0.457201132
2001,other,protected,pine,all,25.878968596,kha,0.252903345
2001,other,protected,spruce,1,1.496356885,kha,0.611377835
2001,other,protected,spruce,1A,0.110917454,kha,0.998852084
2001,other,protected,spruce,2,2.992713769,kha,0.432004171
2001,other,protected,spruce,3,0.374089221,kha,0.999800798
2001,other,protected,spruce,4,,kha,0.0
2001,other,protected,spruce,5,,kha,0.0
2001,other,protected,spruce,5A-5B,,kha,0.0
2001,other,protected,spruce,all,4.974077329,kha,0.327097879
2002,State Forest Management Centre,production,aspen,1,16.728758401,kha,0.161538889
2002,State Forest Management Centre,production,aspen,1A,8.578362087,kha,0.211419139
2002,State Forest Management Centre,production,aspen,2,4.349402775,kha,0.289076596
2002,State Forest Management Centre,production,aspen,3,0.966129819,kha,0.506242733
2002,State Forest Management Centre,production,aspen,4,,kha,0.0
2002,State Forest Management Centre,production,aspen,5,,kha,0.0
2002,State Forest Management Centre,production,aspen,5A-5B,,kha,0.0
2002,State Forest Management Centre,production,aspen,all,30.622653081,kha,0.121882126
2002,State Forest Management Centre,production,birch,1,58.338115282,kha,0.103224399
2002,State Forest Management Centre,production,birch,1A,16.860724232,kha,0.167260658
2002,State Forest Management Centre,production,birch,2,72.93567965,kha,0.09369976
2002,State Forest Management Centre,production,birch,3,33.863853839,kha,0.105073291
2002,State Forest Management Centre,production,birch,4,10.586724889,kha,0.178366496
2002,State Forest Management Centre,production,birch,5,1.665884677,kha,0.486194039
2002,State Forest Management Centre,production,birch,5A-5B,,kha,0.0
2002,State Forest Management Centre,production,birch,all,194.25098257,kha,0.07133785
2002,State Forest Management Centre,production,black alder,1,4.295233758,kha,0.258524659
2002,State Forest Management Centre,production,black alder,1A,,kha,0.0
2002,State Forest Management Centre,production,black alder,2,9.597800215,kha,0.198931424
2002,State Forest Management Centre,production,black alder,3,2.718251793,kha,0.310986043
2002,State Forest Management Centre,production,black alder,4,0.528724032,kha,0.7078277
2002,State Forest Management Centre,production,black alder,5,,kha,0.0
2002,State Forest Management Centre,production,black alder,5A-5B,,kha,0.0
2002,State Forest Management Centre,production,black alder,all,17.140009798,kha,0.156781051
2002,State Forest Management Centre,production,grey alder,1,4.596925473,kha,0.215977188
2002,State Forest Management Centre,production,grey alder,1A,0.555294892,kha,0.707149641
2002,State Forest Management Centre,production,grey alder,2,3.439524329,kha,0.268658845
2002,State Forest Management Centre,production,grey alder,3,,kha,0.0
2002,State Forest Management Centre,production,grey alder,4,,kha,0.0
2002,State Forest Management Centre,production,grey alder,5,,kha,0.0
2002,State Forest Management Centre,production,grey alder,5A-5B,,kha,0.0
2002,State Forest Management Centre,production,grey alder,all,8.591744694,kha,0.171685175
2002,State Forest Management Centre,production,other,1,1.345951525,kha,0.447173343
2002,State Forest Management Centre,production,other,1A,0.555294892,kha,0.706336217
2002,State Forest Management Centre,production,other,2,1.470476405,kha,0.483347558
2002,State Forest Management Centre,production,other,3,0.327401869,kha,0.861072304
2002,State Forest Management Centre,production,other,4,,kha,0.0
2002,State Forest Management Centre,production,other,5,,kha,0.0
2002,State Forest Management Centre,production,other,5A-5B,,kha,0.0
2002,State Forest Management Centre,production,other,all,3.699124691,kha,0.337239852
2002,State Forest Management Centre,production,pine,1,40.939976653,kha,0.122295849
2002,State Forest Management Centre,production,pine,1A,7.915284456,kha,0.232001439
2002,State Forest Management Centre,production,pine,2,74.793807419,kha,0.094958627
2002,State Forest Management Centre,production,pine,3,60.018687509,kha,0.101520189
2002,State Forest Management Centre,production,pine,4,30.894997461,kha,0.127330984
2002,State Forest Management Centre,production,pine,5,20.233890821,kha,0.146303202
2002,State Forest Management Centre,production,pine,5A-5B,14.86804851,kha,0.185690436
2002,State Forest Management Centre,production,pine,all,249.66469283,kha,0.067558135
2002,State Forest Management Centre,production,spruce,1,62.121394914,kha,0.098124287
2002,State Forest Management Centre,production,spruce,1A,27.903818229,kha,0.113434179
2002,State Forest Management Centre,production,spruce,2,29.034953925,kha,0.116572329
2002,State Forest Management Centre,production,spruce,3,12.52462077,kha,0.174602314
2002,State Forest Management Centre,production,spruce,4,3.724945903,kha,0.321775239
2002,State Forest Management Centre,production,spruce,5,0.555294892,kha,0.706381432
2002,State Forest Management Centre,production,spruce,5A-5B,,kha,0.0
2002,State Forest Management Centre,production,spruce,all,135.865028633,kha,0.075413881
2002,State Forest Management Centre,protected,aspen,1,2.355366581,kha,0.458546756
2002,State Forest Management Centre,protected,aspen,1A,0.643198074,kha,0.624155607
2002,State Forest Management Centre,protected,aspen,2,0.277647446,kha,0.99990255
2002,State Forest Management Centre,protected,aspen,3,,kha,0.0
2002,State Forest Management Centre,protected,aspen,4,,kha,0.0
2002,State Forest Management Centre,protected,aspen,5,,kha,0.0
2002,State Forest Management Centre,protected,aspen,5A-5B,,kha,0.0
2002,State Forest Management Centre,protected,aspen,all,3.276212101,kha,0.367333161
2002,State Forest Management Centre,protected,birch,1,2.883979553,kha,0.387128358
2002,State Forest Management Centre,protected,birch,1A,1.665884677,kha,0.576609399
2002,State Forest Management Centre,protected,birch,2,9.717660618,kha,0.332592449
2002,State Forest Management Centre,protected,birch,3,5.317115184,kha,0.393859046
2002,State Forest Management Centre,protected,birch,4,4.52329337,kha,0.280771421
2002,State Forest Management Centre,protected,birch,5,1.110589785,kha,0.790122841
2002,State Forest Management Centre,protected,birch,5A-5B,0.277647446,kha,0.999327447
2002,State Forest Management Centre,protected,birch,all,25.496170634,kha,0.235762193
2002,State Forest Management Centre,protected,black alder,1,0.832942339,kha,0.745253811
2002,State Forest Management Centre,protected,black alder,1A,,kha,0.0
2002,State Forest Management Centre,protected,black alder,2,0.832942339,kha,0.575925857
2002,State Forest Management Centre,protected,black alder,3,0.237693979,kha,0.706981247
2002,State Forest Management Centre,protected,black alder,4,0.277647446,kha,1.000285765
2002,State Forest Management Centre,protected,black alder,5,,kha,0.0
2002,State Forest Management Centre,protected,black alder,5A-5B,,kha,0.0
2002,State Forest Management Centre,protected,black alder,all,2.181226102,kha,0.388662398
2002,State Forest Management Centre,protected,grey alder,1,0.199378631,kha,1.000285768
2002,State Forest Management Centre,protected,grey alder,1A,,kha,0.0
2002,State Forest Management Centre,protected,grey alder,2,0.120304638,kha,0.999327447
2002,State Forest Management Centre,protected,grey alder,3,,kha,0.0
2002,State Forest Management Centre,protected,grey alder,4,,kha,0.0
2002,State Forest Management Centre,protected,grey alder,5,,kha,0.0
2002,State Forest Management Centre,protected,grey alder,5A-5B,,kha,0.0
2002,State Forest Management Centre,protected,grey alder,all,0.31968327,kha,0.728314321
2002,State Forest Management Centre,protected,pine,1,5.193923012,kha,0.317644881
2002,State Forest Management Centre,protected,pine,1A,0.555294892,kha,0.706833419
2002,State Forest Management Centre,protected,pine,2,13.155963298,kha,0.207471691
2002,State Forest Management Centre,protected,pine,3,17.124294953,kha,0.236183661
2002,State Forest Management Centre,protected,pine,4,15.032998858,kha,0.198219186
2002,State Forest Management Centre,protected,pine,5,11.458232458,kha,0.217824223
2002,State Forest Management Centre,protected,pine,5A-5B,11.192468323,kha,0.229467418
2002,State Forest Management Centre,protected,pine,all,73.713175794,kha,0.143731087
2002,State Forest Management Centre,protected,spruce,1,4.810741771,kha,0.346801342
2002,State Forest Management Centre,protected,spruce,1A,0.277647446,kha,1.00066884
2002,State Forest Management Centre,protected,spruce,2,2.699621649,kha,0.390010797
2002,State Forest Management Centre,protected,spruce,3,2.804239207,kha,0.461320859
2002,State Forest Management Centre,protected,spruce,4,,kha,0.0
2002,State Forest Management Centre,protected,spruce,5,,kha,0.0
2002,State Forest Management Centre,protected,spruce,5A-5B,,kha,0.0
2002,State Forest Management Centre,protected,spruce,all,10.592250074,kha,0.249997853
2002,all,production,aspen,1,50.146710441,kha,0.085798912
2002,all,production,aspen,1A,19.783935369,kha,0.144154416
2002,all,production,aspen,2,31.444850464,kha,0.113799014
2002,all,production,aspen,3,4.345460181,kha,0.255345299
2002,all,production,aspen,4,,kha,0.0
2002,all,production,aspen,5,,kha,0.0
2002,all,production,aspen,5A-5B,,kha,0.0
2002,all,production,aspen,all,105.720956455,kha,0.06369978
2002,all,production,birch,1,136.350522957,kha,0.057762774
2002,all,production,birch,1A,34.154384127,kha,0.113736425
2002,all,production,birch,2,228.007525671,kha,0.049729268
2002,all,production,birch,3,147.003522292,kha,0.063780156
2002,all,production,birch,4,44.736194656,kha,0.107274735
2002,all,production,birch,5,9.966654848,kha,0.200018639
2002,all,production,birch,5A-5B,0.832942339,kha,0.577329003
2002,all,production,birch,all,601.051746889,kha,0.034979926
2002,all,production,black alder,1,8.195402965,kha,0.204043193
2002,all,production,black alder,1A,,kha,0.0
2002,all,production,black alder,2,32.199218575,kha,0.110648127
2002,all,production,black alder,3,11.777665845,kha,0.157787935
2002,all,production,black alder,4,1.862681187,kha,0.378282534
2002,all,production,black alder,5,,kha,0.0
2002,all,production,black alder,5A-5B,,kha,0.0
2002,all,production,black alder,all,54.034968572,kha,0.089072797
2002,all,production,grey alder,1,74.724562146,kha,0.078621723
2002,all,production,grey alder,1A,4.770010891,kha,0.262634167
2002,all,production,grey alder,2,77.863810762,kha,0.071518363
2002,all,production,grey alder,3,11.083574994,kha,0.186388625
2002,all,production,grey alder,4,0.832942339,kha,0.471062183
2002,all,production,grey alder,5,,kha,0.0
2002,all,production,grey alder,5A-5B,,kha,0.0
2002,all,production,grey alder,all,169.274901132,kha,0.054239167
2002,all,production,other,1,6.371231478,kha,0.201371112
2002,all,production,other,1A,1.214402165,kha,0.464479279
2002,all,production,other,2,8.212644871,kha,0.193891704
2002,all,production,other,3,7.268588024,kha,0.231129703
2002,all,production,other,4,2.713892728,kha,0.311102123
2002,all,production,other,5,0.555294892,kha,0.705929152
2002,all,production,other,5A-5B,,kha,0.0
2002,all,production,other,all,26.336054159,kha,0.117851882
2002,all,production,pine,1,97.474660713,kha,0.076415328
2002,all,production,pine,1A,19.613293249,kha,0.12907416
2002,all,production,pine,2,171.075222703,kha,0.058778016
2002,all,production,pine,3,151.31449866,kha,0.063090246
2002,all,production,pine,4,70.213179852,kha,0.086258009
2002,all,production,pine,5,39.650137677,kha,0.104091288
2002,all,production,pine,5A-5B,23.919133139,kha,0.145035579
2002,all,production,pine,all,573.260125993,kha,0.040533101
2002,all,production,spruce,1,147.644082715,kha,0.054657555
2002,all,production,spruce,1A,60.756174656,kha,0.077856066
2002,all,production,spruce,2,91.714336911,kha,0.06767566
2002,all,production,spruce,3,33.177925823,kha,0.104051831
2002,all,production,spruce,4,7.010209311,kha,0.223965862
2002,all,production,spruce,5,0.555294892,kha,0.706381432
2002,all,production,spruce,5A-5B,0.277647446,kha,0.999710886
2002,all,production,spruce,all,341.135671755,kha,0.041417565
2002,all,protected,aspen,1,3.743603812,kha,0.323964853
2002,all,protected,aspen,1A,0.643198074,kha,0.624155607
2002,all,protected,aspen,2,2.22117957,kha,0.660665359
2002,all,protected,aspen,3,,kha,0.0
2002,all,protected,aspen,4,,kha,0.0
2002,all,protected,aspen,5,,kha,0.0
2002,all,protected,aspen,5A-5B,,kha,0.0
2002,all,protected,aspen,all,6.607981455,kha,0.295405497
2002,all,protected,birch,1,6.104467812,kha,0.274141414
2002,all,protected,birch,1A,1.665884677,kha,0.576609399
2002,all,protected,birch,2,13.263468389,kha,0.250555214
2002,all,protected,birch,3,11.054227659,kha,0.232295154
2002,all,protected,birch,4,6.189178048,kha,0.23207415
2002,all,protected,birch,5,2.498827016,kha,0.429353514
2002,all,protected,birch,5A-5B,0.832942339,kha,0.576812452
2002,all,protected,birch,all,41.60899594,kha,0.15827678
2002,all,protected,black alder,1,1.110589785,kha,0.611985007
2002,all,protected,black alder,1A,,kha,0.0
2002,all,protected,black alder,2,1.388237231,kha,0.445657527
2002,all,protected,black alder,3,0.515341425,kha,0.629826032
2002,all,protected,black alder,4,0.832942339,kha,1.000285765
2002,all,protected,black alder,5,0.277647446,kha,1.000285765
2002,all,protected,black alder,5A-5B,,kha,0.0
2002,all,protected,black alder,all,4.124758226,kha,0.416394206
2002,all,protected,grey alder,1,1.309968416,kha,0.54052082
2002,all,protected,grey alder,1A,,kha,0.0
2002,all,protected,grey alder,2,2.020912467,kha,0.404402182
2002,all,protected,grey alder,3,0.832942339,kha,0.744567819
2002,all,protected,grey alder,4,,kha,0.0
2002,all,protected,grey alder,5,,kha,0.0
2002,all,protected,grey alder,5A-5B,,kha,0.0
2002,all,protected,grey alder,all,4.163823222,kha,0.298565552
2002,all,protected,pine,1,6.304512797,kha,0.279658507
2002,all,protected,pine,1A,0.832942339,kha,0.577033892
2002,all,protected,pine,2,19.591442395,kha,0.168037735
2002,all,protected,pine,3,24.620776001,kha,0.192458836
2002,all,protected,pine,4,18.876750104,kha,0.169636202
2002,all,protected,pine,5,15.345296706,kha,0.186048958
2002,all,protected,pine,5A-5B,16.467769801,kha,0.195258469
2002,all,protected,pine,all,102.039490141,kha,0.11831584
2002,all,protected,spruce,1,6.476626449,kha,0.283874565
2002,all,protected,spruce,1A,0.63761736,kha,0.629352601
2002,all,protected,spruce,2,7.141980789,kha,0.263850709
2002,all,protected,spruce,3,3.359534099,kha,0.402309001
2002,all,protected,spruce,4,0.277647446,kha,1.000413475
2002,all,protected,spruce,5,,kha,0.0
2002,all,protected,spruce,5A-5B,,kha,0.0
2002,all,protected,spruce,all,17.893406143,kha,0.197042987
2002,other,production,aspen,1,33.41795204,kha,0.104328142
2002,other,production,aspen,1A,11.205573282,kha,0.193460395
2002,other,production,aspen,2,27.095447689,kha,0.126515131
2002,other,production,aspen,3,3.379330362,kha,0.295245509
2002,other,production,aspen,4,,kha,0.0
2002,other,production,aspen,5,,kha,0.0
2002,other,production,aspen,5A-5B,,kha,0.0
2002,other,production,aspen,all,75.098303374,kha,0.078424156
2002,other,production,birch,1,78.012407675,kha,0.073092622
2002,other,production,birch,1A,17.293659895,kha,0.141384106
2002,other,production,birch,2,155.07184602,kha,0.058140618
2002,other,production,birch,3,113.139668453,kha,0.07747693
2002,other,production,birch,4,34.149469767,kha,0.129371029
2002,other,production,birch,5,8.30077017,kha,0.219643232
2002,other,production,birch,5A-5B,0.832942339,kha,0.577329003
2002,other,production,birch,all,406.800764319,kha,0.043587293
2002,other,production,black alder,1,3.900169207,kha,0.313857198
2002,other,production,black alder,1A,,kha,0.0
2002,other,production,black alder,2,22.60141836,kha,0.132851306
2002,other,production,black alder,3,9.059414052,kha,0.176317878
2002,other,production,black alder,4,1.333957155,kha,0.447953791
2002,other,production,black alder,5,,kha,0.0
2002,other,production,black alder,5A-5B,,kha,0.0
2002,other,production,black alder,all,36.894958774,kha,0.106077646
2002,other,production,grey alder,1,70.127636673,kha,0.082757822
2002,other,production,grey alder,1A,4.214715998,kha,0.28237637
2002,other,production,grey alder,2,74.424286433,kha,0.073414845
2002,other,production,grey alder,3,11.083574994,kha,0.186388625
2002,other,production,grey alder,4,0.832942339,kha,0.471062183
2002,other,production,grey alder,5,,kha,0.0
2002,other,production,grey alder,5A-5B,,kha,0.0
2002,other,production,grey alder,all,160.683156438,kha,0.056917009
2002,other,production,other,1,5.025279953,kha,0.226249273
2002,other,production,other,1A,0.659107273,kha,0.615974502
2002,other,production,other,2,6.742168466,kha,0.211833354
2002,other,production,other,3,6.941186156,kha,0.238738989
2002,other,production,other,4,2.713892728,kha,0.311102123
2002,other,production,other,5,0.555294892,kha,0.705929152
2002,other,production,other,5A-5B,,kha,0.0
2002,other,production,other,all,22.636929468,kha,0.127391312
2002,other,production,pine,1,56.53468406,kha,0.090603808
2002,other,production,pine,1A,11.698008793,kha,0.157710946
2002,other,production,pine,2,96.281415284,kha,0.076484901
2002,other,production,pine,3,91.295811151,kha,0.083187384
2002,other,production,pine,4,39.31818239,kha,0.117708717
2002,other,production,pine,5,19.416246856,kha,0.147573582
2002,other,production,pine,5A-5B,9.051084629,kha,0.231634163
2002,other,production,pine,all,323.595433163,kha,0.054521611
2002,other,production,spruce,1,85.522687801,kha,0.068163279
2002,other,production,spruce,1A,32.852356427,kha,0.10539812
2002,other,production,spruce,2,62.679382987,kha,0.083853593
2002,other,production,spruce,3,20.653305053,kha,0.136315451
2002,other,production,spruce,4,3.285263407,kha,0.308696462
2002,other,production,spruce,5,,kha,0.0
2002,other,production,spruce,5A-5B,0.277647446,kha,0.999710886
2002,other,production,spruce,all,205.270643122,kha,0.051671587
2002,other,protected,aspen,1,1.388237231,kha,0.399788273
2002,other,protected,aspen,1A,,kha,0.0
2002,other,protected,aspen,2,1.943532124,kha,0.741539661
2002,other,protected,aspen,3,,kha,0.0
2002,other,protected,aspen,4,,kha,0.0
2002,other,protected,aspen,5,,kha,0.0
2002,other,protected,aspen,5A-5B,,kha,0.0
2002,other,protected,aspen,all,3.331769355,kha,0.463187442
2002,other,protected,birch,1,3.220488258,kha,0.407012985
2002,other,protected,birch,1A,,kha,0.0
2002,other,protected,birch,2,3.545807771,kha,0.316566396
2002,other,protected,birch,3,5.737112476,kha,0.295366333
2002,other,protected,birch,4,1.665884677,kha,0.407604897
2002,other,protected,birch,5,1.388237231,kha,0.44615174
2002,other,protected,birch,5A-5B,0.555294892,kha,0.706923782
2002,other,protected,birch,all,16.112825306,kha,0.201172279
2002,other,protected,black alder,1,0.277647446,kha,0.999279507
2002,other,protected,black alder,1A,,kha,0.0
2002,other,protected,black alder,2,0.555294892,kha,0.706392729
2002,other,protected,black alder,3,0.277647446,kha,1.000285765
2002,other,protected,black alder,4,0.555294892,kha,1.000285765
2002,other,protected,black alder,5,0.277647446,kha,1.000285765
2002,other,protected,black alder,5A-5B,,kha,0.0
2002,other,protected,black alder,all,1.943532124,kha,0.654525712
2002,other,protected,grey alder,1,1.110589785,kha,0.6117697
2002,other,protected,grey alder,1A,,kha,0.0
2002,other,protected,grey alder,2,1.900607828,kha,0.425473121
2002,other,protected,grey alder,3,0.832942339,kha,0.744567819
2002,other,protected,grey alder,4,,kha,0.0
2002,other,protected,grey alder,5,,kha,0.0
2002,other,protected,grey alder,5A-5B,,kha,0.0
2002,other,protected,grey alder,all,3.844139952,kha,0.317797468
2002,other,protected,pine,1,1.110589785,kha,0.49935757
2002,other,protected,pine,1A,0.277647446,kha,0.999838672
2002,other,protected,pine,2,6.435479097,kha,0.275944114
2002,other,protected,pine,3,7.496481048,kha,0.315647829
2002,other,protected,pine,4,3.843751246,kha,0.317408196
2002,other,protected,pine,5,3.887064247,kha,0.30592582
2002,other,protected,pine,5A-5B,5.275301478,kha,0.310986545
2002,other,protected,pine,all,28.326314348,kha,0.193840196
2002,other,protected,spruce,1,1.665884677,kha,0.469998793
2002,other,protected,spruce,1A,0.359969914,kha,0.804064901
2002,other,protected,spruce,2,4.44235914,kha,0.341410966
2002,other,protected,spruce,3,0.555294892,kha,0.707420571
2002,other,protected,spruce,4,0.277647446,kha,1.000413475
2002,other,protected,spruce,5,,kha,0.0
2002,other,protected,spruce,5A-5B,,kha,0.0
2002,other,protected,spruce,all,7.30115607,kha,0.293670506
2003,State Forest Management Centre,production,aspen,1,17.938450722,kha,0.133943526
2003,State Forest Management Centre,production,aspen,1A,7.205757118,kha,0.203831185
2003,State Forest Management Centre,production,aspen,2,4.818455522,kha,0.228648254
2003,State Forest Management Centre,production,aspen,3,0.762202569,kha,0.506676449
2003,State Forest Management Centre,production,aspen,4,0.132827439,kha,0.999422238
2003,State Forest Management Centre,production,aspen,5,,kha,0.0
2003,State Forest Management Centre,production,aspen,5A-5B,,kha,0.0
2003,State Forest Management Centre,production,aspen,all,30.85769337,kha,0.104707765
2003,State Forest Management Centre,production,birch,1,58.20086997,kha,0.088869049
2003,State Forest Management Centre,production,birch,1A,14.925300581,kha,0.156875158
2003,State Forest Management Centre,production,birch,2,73.536415455,kha,0.077695076
2003,State Forest Management Centre,production,birch,3,32.978135354,kha,0.092123328
2003,State Forest Management Centre,production,birch,4,10.104457495,kha,0.16382077
2003,State Forest Management Centre,production,birch,5,1.314255659,kha,0.486002623
2003,State Forest Management Centre,production,birch,5A-5B,0.21904261,kha,1.000178041
2003,State Forest Management Centre,production,birch,all,191.278477123,kha,0.059081241
2003,State Forest Management Centre,production,black alder,1,3.826696298,kha,0.236256899
2003,State Forest Management Centre,production,black alder,1A,,kha,0.0
2003,State Forest Management Centre,production,black alder,2,9.105228917,kha,0.182851894
2003,State Forest Management Centre,production,black alder,3,3.458748522,kha,0.265657818
2003,State Forest Management Centre,production,black alder,4,0.417122842,kha,0.707894847
2003,State Forest Management Centre,production,black alder,5,,kha,0.0
2003,State Forest Management Centre,production,black alder,5A-5B,,kha,0.0
2003,State Forest Management Centre,production,black alder,all,16.807796579,kha,0.141574246
2003,State Forest Management Centre,production,grey alder,1,6.306521492,kha,0.186190821
2003,State Forest Management Centre,production,grey alder,1A,0.657127829,kha,0.576814958
2003,State Forest Management Centre,production,grey alder,2,4.714213144,kha,0.21496036
2003,State Forest Management Centre,production,grey alder,3,,kha,0.0
2003,State Forest Management Centre,production,grey alder,4,,kha,0.0
2003,State Forest Management Centre,production,grey alder,5,,kha,0.0
2003,State Forest Management Centre,production,grey alder,5A-5B,,kha,0.0
2003,State Forest Management Centre,production,grey alder,all,11.677862465,kha,0.14603322
2003,State Forest Management Centre,production,other,1,1.06185286,kha,0.447527115
2003,State Forest Management Centre,production,other,1A,0.43808522,kha,0.706717293
2003,State Forest Management Centre,production,other,2,1.16009347,kha,0.483610961
2003,State Forest Management Centre,production,other,3,0.477337655,kha,0.653520683
2003,State Forest Management Centre,production,other,4,,kha,0.0
2003,State Forest Management Centre,production,other,5,,kha,0.0
2003,State Forest Management Centre,production,other,5A-5B,,kha,0.0
2003,State Forest Management Centre,production,other,all,3.137369205,kha,0.32163525
2003,State Forest Management Centre,production,pine,1,39.622902444,kha,0.107454546
2003,State Forest Management Centre,production,pine,1A,6.682639557,kha,0.215000859
2003,State Forest Management Centre,production,pine,2,80.892961505,kha,0.078013835
2003,State Forest Management Centre,production,pine,3,61.889985604,kha,0.089915752
2003,State Forest Management Centre,production,pine,4,32.39701531,kha,0.109281524
2003,State Forest Management Centre,production,pine,5,19.905760018,kha,0.126602807
2003,State Forest Management Centre,production,pine,5A-5B,14.577307587,kha,0.167167316
2003,State Forest Management Centre,production,pine,all,255.968572026,kha,0.058342823
2003,State Forest Management Centre,production,spruce,1,58.242816629,kha,0.088226026
2003,State Forest Management Centre,production,spruce,1A,27.451602692,kha,0.105323257
2003,State Forest Management Centre,production,spruce,2,28.946940876,kha,0.101681717
2003,State Forest Management Centre,production,spruce,3,12.563889822,kha,0.156088155
2003,State Forest Management Centre,production,spruce,4,4.033910607,kha,0.275118049
2003,State Forest Management Centre,production,spruce,5,0.43808522,kha,0.706467759
2003,State Forest Management Centre,production,spruce,5A-5B,,kha,0.0
2003,State Forest Management Centre,production,spruce,all,131.677245845,kha,0.068063468
2003,State Forest Management Centre,protected,aspen,1,2.077246782,kha,0.42392481
2003,State Forest Management Centre,protected,aspen,1A,0.50743411,kha,0.625106815
2003,State Forest Management Centre,protected,aspen,2,0.43808522,kha,0.706859844
2003,State Forest Management Centre,protected,aspen,3,,kha,0.0
2003,State Forest Management Centre,protected,aspen,4,,kha,0.0
2003,State Forest Management Centre,protected,aspen,5,,kha,0.0
2003,State Forest Management Centre,protected,aspen,5A-5B,,kha,0.0
2003,State Forest Management Centre,protected,aspen,all,3.022766111,kha,0.33088167
2003,State Forest Management Centre,protected,birch,1,4.246622885,kha,0.293180456
2003,State Forest Management Centre,protected,birch,1A,1.533298269,kha,0.514795628
2003,State Forest Management Centre,protected,birch,2,10.952130491,kha,0.262005352
2003,State Forest Management Centre,protected,birch,3,7.157326797,kha,0.295451218
2003,State Forest Management Centre,protected,birch,4,4.520820424,kha,0.243275266
2003,State Forest Management Centre,protected,birch,5,1.533298269,kha,0.494911525
2003,State Forest Management Centre,protected,birch,5A-5B,0.43808522,kha,0.707216094
2003,State Forest Management Centre,protected,birch,all,30.381582353,kha,0.193108356
2003,State Forest Management Centre,protected,black alder,1,0.657127829,kha,0.745256933
2003,State Forest Management Centre,protected,black alder,1A,,kha,0.0
2003,State Forest Management Centre,protected,black alder,2,1.713088443,kha,0.500063067
2003,State Forest Management Centre,protected,black alder,3,0.406564988,kha,0.630168358
2003,State Forest Management Centre,protected,black alder,4,0.21904261,kha,1.000127669
2003,State Forest Management Centre,protected,black alder,5,,kha,0.0
2003,State Forest Management Centre,protected,black alder,5A-5B,,kha,0.0
2003,State Forest Management Centre,protected,black alder,all,2.99582387,kha,0.391375527
2003,State Forest Management Centre,protected,grey alder,1,0.157294498,kha,1.000127672
2003,State Forest Management Centre,protected,grey alder,1A,,kha,0.0
2003,State Forest Management Centre,protected,grey alder,2,0.094911163,kha,0.999674236
2003,State Forest Management Centre,protected,grey alder,3,,kha,0.0
2003,State Forest Management Centre,protected,grey alder,4,,kha,0.0
2003,State Forest Management Centre,protected,grey alder,5,,kha,0.0
2003,State Forest Management Centre,protected,grey alder,5A-5B,,kha,0.0
2003,State Forest Management Centre,protected,grey alder,all,0.252205661,kha,0.728358007
2003,State Forest Management Centre,protected,pine,1,4.973778637,kha,0.274969074
2003,State Forest Management Centre,protected,pine,1A,0.43808522,kha,0.70714486
2003,State Forest Management Centre,protected,pine,2,13.336124543,kha,0.179697881
2003,State Forest Management Centre,protected,pine,3,18.328697036,kha,0.188920984
2003,State Forest Management Centre,protected,pine,4,15.295219741,kha,0.166790328
2003,State Forest Management Centre,protected,pine,5,12.763393831,kha,0.174026759
2003,State Forest Management Centre,protected,pine,5A-5B,13.578298052,kha,0.170038636
2003,State Forest Management Centre,protected,pine,all,78.713597059,kha,0.112824843
2003,State Forest Management Centre,protected,spruce,1,4.233392711,kha,0.322110312
2003,State Forest Management Centre,protected,spruce,1A,0.43808522,kha,0.707750139
2003,State Forest Management Centre,protected,spruce,2,3.761684451,kha,0.347229292
2003,State Forest Management Centre,protected,spruce,3,3.088500798,kha,0.399907635
2003,State Forest Management Centre,protected,spruce,4,0.43808522,kha,0.707037993
2003,State Forest Management Centre,protected,spruce,5,,kha,0.0
2003,State Forest Management Centre,protected,spruce,5A-5B,0.191092773,kha,0.999119761
2003,State Forest Management Centre,protected,spruce,all,12.150841173,kha,0.221088929
2003,all,production,aspen,1,53.964388757,kha,0.072094511
2003,all,production,aspen,1A,17.008877694,kha,0.135918944
2003,all,production,aspen,2,32.263925021,kha,0.100065173
2003,all,production,aspen,3,4.873741877,kha,0.207394541
2003,all,production,aspen,4,0.132827439,kha,0.999422238
2003,all,production,aspen,5,,kha,0.0
2003,all,production,aspen,5A-5B,,kha,0.0
2003,all,production,aspen,all,108.243760788,kha,0.05646368
2003,all,production,birch,1,139.790584112,kha,0.049272176
2003,all,production,birch,1A,31.173180441,kha,0.10295295
2003,all,production,birch,2,234.130264774,kha,0.041533773
2003,all,production,birch,3,143.507978148,kha,0.055800748
2003,all,production,birch,4,44.043445161,kha,0.094895762
2003,all,production,birch,5,11.020121317,kha,0.168124381
2003,all,production,birch,5A-5B,1.752340878,kha,0.331427913
2003,all,production,birch,all,605.417914832,kha,0.029148071
2003,all,production,black alder,1,8.465449263,kha,0.174806235
2003,all,production,black alder,1A,,kha,0.0
2003,all,production,black alder,2,33.31837424,kha,0.095718936
2003,all,production,black alder,3,14.005869227,kha,0.133468815
2003,all,production,black alder,4,1.90759828,kha,0.333174366
2003,all,production,black alder,5,,kha,0.0
2003,all,production,black alder,5A-5B,,kha,0.0
2003,all,production,black alder,all,57.69729101,kha,0.077472457
2003,all,production,grey alder,1,82.787373421,kha,0.064064509
2003,all,production,grey alder,1A,5.913471433,kha,0.210424662
2003,all,production,grey alder,2,83.358811781,kha,0.060682238
2003,all,production,grey alder,3,11.754812134,kha,0.158342776
2003,all,production,grey alder,4,0.876170439,kha,0.432914907
2003,all,production,grey alder,5,0.21904261,kha,1.000480203
2003,all,production,grey alder,5A-5B,,kha,0.0
2003,all,production,grey alder,all,184.909681818,kha,0.045192696
2003,all,production,other,1,8.463981677,kha,0.170723383
2003,all,production,other,1A,1.83424091,kha,0.339407082
2003,all,production,other,2,10.863900127,kha,0.164006994
2003,all,production,other,3,7.090562609,kha,0.2060106
2003,all,production,other,4,3.017224333,kha,0.283280035
2003,all,production,other,5,0.43808522,kha,0.705914905
2003,all,production,other,5A-5B,,kha,0.0
2003,all,production,other,all,31.707994877,kha,0.103288801
2003,all,production,pine,1,91.936914658,kha,0.067574474
2003,all,production,pine,1A,17.089901556,kha,0.117079755
2003,all,production,pine,2,172.780372533,kha,0.050769405
2003,all,production,pine,3,152.596099837,kha,0.053101957
2003,all,production,pine,4,72.546824752,kha,0.07315272
2003,all,production,pine,5,42.120053909,kha,0.088003764
2003,all,production,pine,5A-5B,23.689304921,kha,0.12915017
2003,all,production,pine,all,572.759472166,kha,0.034332973
2003,all,production,spruce,1,142.545132548,kha,0.048579836
2003,all,production,spruce,1A,59.030888131,kha,0.069578761
2003,all,production,spruce,2,96.824806687,kha,0.056085735
2003,all,production,spruce,3,35.952405431,kha,0.091509351
2003,all,production,spruce,4,7.122608543,kha,0.192608233
2003,all,production,spruce,5,0.43808522,kha,0.706467759
2003,all,production,spruce,5A-5B,0.21904261,kha,0.99992617
2003,all,production,spruce,all,342.13296917,kha,0.036379973
2003,all,protected,aspen,1,3.172459831,kha,0.309880252
2003,all,protected,aspen,1A,0.50743411,kha,0.625106815
2003,all,protected,aspen,2,1.971383488,kha,0.597912377
2003,all,protected,aspen,3,,kha,0.0
2003,all,protected,aspen,4,,kha,0.0
2003,all,protected,aspen,5,,kha,0.0
2003,all,protected,aspen,5A-5B,,kha,0.0
2003,all,protected,aspen,all,5.651277429,kha,0.27862436
2003,all,protected,birch,1,6.787341925,kha,0.23196175
2003,all,protected,birch,1A,1.533298269,kha,0.514795628
2003,all,protected,birch,2,14.625672195,kha,0.202412134
2003,all,protected,birch,3,12.559640395,kha,0.191275376
2003,all,protected,birch,4,6.273161302,kha,0.212733568
2003,all,protected,birch,5,2.628511318,kha,0.343383311
2003,all,protected,birch,5A-5B,0.876170439,kha,0.500028663
2003,all,protected,birch,all,45.283795843,kha,0.136847749
2003,all,protected,black alder,1,0.876170439,kha,0.612133571
2003,all,protected,black alder,1A,,kha,0.0
2003,all,protected,black alder,2,2.370216272,kha,0.395256087
2003,all,protected,black alder,3,0.625607598,kha,0.538948819
2003,all,protected,black alder,4,0.657127829,kha,1.000127669
2003,all,protected,black alder,5,0.21904261,kha,1.000127669
2003,all,protected,black alder,5A-5B,,kha,0.0
2003,all,protected,black alder,all,4.748164749,kha,0.353300691
2003,all,protected,grey alder,1,1.471550157,kha,0.434149052
2003,all,protected,grey alder,1A,,kha,0.0
2003,all,protected,grey alder,2,1.813388054,kha,0.375937426
2003,all,protected,grey alder,3,0.657127829,kha,0.745189336
2003,all,protected,grey alder,4,,kha,0.0
2003,all,protected,grey alder,5,,kha,0.0
2003,all,protected,grey alder,5A-5B,,kha,0.0
2003,all,protected,grey alder,all,3.94206604,kha,0.267324295
2003,all,protected,pine,1,5.849949076,kha,0.242895898
2003,all,protected,pine,1A,0.657127829,kha,0.577135104
2003,all,protected,pine,2,18.632268188,kha,0.15083291
2003,all,protected,pine,3,25.480985852,kha,0.157016655
2003,all,protected,pine,4,19.20381607,kha,0.14373145
2003,all,protected,pine,5,17.144246027,kha,0.15597183
2003,all,protected,pine,5A-5B,18.835320688,kha,0.1531751
2003,all,protected,pine,all,105.803713732,kha,0.096100418
2003,all,protected,spruce,1,5.54764837,kha,0.26960211
2003,all,protected,spruce,1A,0.941116573,kha,0.470670344
2003,all,protected,spruce,2,7.587636004,kha,0.23886181
2003,all,protected,spruce,3,3.964671238,kha,0.330319328
2003,all,protected,spruce,4,0.657127829,kha,0.577425988
2003,all,protected,spruce,5,,kha,0.0
2003,all,protected,spruce,5A-5B,0.191092773,kha,0.999119761
2003,all,protected,spruce,all,18.889292787,kha,0.174593797
2003,other,production,aspen,1,36.025938036,kha,0.087952124
2003,other,production,aspen,1A,9.803120577,kha,0.181152017
2003,other,production,aspen,2,27.445469498,kha,0.112932844
2003,other,production,aspen,3,4.111539307,kha,0.227335585
2003,other,production,aspen,4,,kha,0.0
2003,other,production,aspen,5,,kha,0.0
2003,other,production,aspen,5A-5B,,kha,0.0
2003,other,production,aspen,all,77.386067418,kha,0.069061238
2003,other,production,birch,1,81.589714143,kha,0.061945946
2003,other,production,birch,1A,16.247879859,kha,0.125416426
2003,other,production,birch,2,160.59384932,kha,0.0499568
2003,other,production,birch,3,110.529842794,kha,0.0673434
2003,other,production,birch,4,33.938987666,kha,0.113235526
2003,other,production,birch,5,9.705865658,kha,0.179261622
2003,other,production,birch,5A-5B,1.533298269,kha,0.350620356
2003,other,production,birch,all,414.139437708,kha,0.037042967
2003,other,production,black alder,1,4.638752965,kha,0.245395419
2003,other,production,black alder,1A,,kha,0.0
2003,other,production,black alder,2,24.213145323,kha,0.111210403
2003,other,production,black alder,3,10.547120705,kha,0.147496583
2003,other,production,black alder,4,1.490475438,kha,0.377928408
2003,other,production,black alder,5,,kha,0.0
2003,other,production,black alder,5A-5B,,kha,0.0
2003,other,production,black alder,all,40.889494431,kha,0.089436795
2003,other,production,grey alder,1,76.480851929,kha,0.068300226
2003,other,production,grey alder,1A,5.256343603,kha,0.225802044
2003,other,production,grey alder,2,78.644598637,kha,0.06105377
2003,other,production,grey alder,3,11.754812134,kha,0.158342776
2003,other,production,grey alder,4,0.876170439,kha,0.432914907
2003,other,production,grey alder,5,0.21904261,kha,1.000480203
2003,other,production,grey alder,5A-5B,,kha,0.0
2003,other,production,grey alder,all,173.231819352,kha,0.047327643
2003,other,production,other,1,7.402128818,kha,0.184735996
2003,other,production,other,1A,1.396155691,kha,0.387479356
2003,other,production,other,2,9.703806657,kha,0.174429098
2003,other,production,other,3,6.613224954,kha,0.216014292
2003,other,production,other,4,3.017224333,kha,0.283280035
2003,other,production,other,5,0.43808522,kha,0.705914905
2003,other,production,other,5A-5B,,kha,0.0
2003,other,production,other,all,28.570625672,kha,0.109965496
2003,other,production,pine,1,52.314012214,kha,0.082217159
2003,other,production,pine,1A,10.407261999,kha,0.143059239
2003,other,production,pine,2,91.887411028,kha,0.066760987
2003,other,production,pine,3,90.706114233,kha,0.069122688
2003,other,production,pine,4,40.149809442,kha,0.098612001
2003,other,production,pine,5,22.214293891,kha,0.119916763
2003,other,production,pine,5A-5B,9.111997334,kha,0.198565551
2003,other,production,pine,all,316.790900141,kha,0.045717374
2003,other,production,spruce,1,84.302315919,kha,0.059104058
2003,other,production,spruce,1A,31.579285439,kha,0.091382963
2003,other,production,spruce,2,67.877865811,kha,0.070106967
2003,other,production,spruce,3,23.388515609,kha,0.116134227
2003,other,production,spruce,4,3.088697937,kha,0.278862155
2003,other,production,spruce,5,,kha,0.0
2003,other,production,spruce,5A-5B,0.21904261,kha,0.99992617
2003,other,production,spruce,all,210.455723325,kha,0.044479904
2003,other,protected,aspen,1,1.095213049,kha,0.400016942
2003,other,protected,aspen,1A,,kha,0.0
2003,other,protected,aspen,2,1.533298269,kha,0.741919504
2003,other,protected,aspen,3,,kha,0.0
2003,other,protected,aspen,4,,kha,0.0
2003,other,protected,aspen,5,,kha,0.0
2003,other,protected,aspen,5A-5B,,kha,0.0
2003,other,protected,aspen,all,2.628511318,kha,0.463624318
2003,other,protected,birch,1,2.54071904,kha,0.407485707
2003,other,protected,birch,1A,,kha,0.0
2003,other,protected,birch,2,3.673541705,kha,0.2692031
2003,other,protected,birch,3,5.402313599,kha,0.269974705
2003,other,protected,birch,4,1.752340878,kha,0.353175169
2003,other,protected,birch,5,1.095213049,kha,0.446766674
2003,other,protected,birch,5A-5B,0.43808522,kha,0.707037992
2003,other,protected,birch,all,14.90221349,kha,0.183693722
2003,other,protected,black alder,1,0.21904261,kha,0.99963644
2003,other,protected,black alder,1A,,kha,0.0
2003,other,protected,black alder,2,0.657127829,kha,0.577491414
2003,other,protected,black alder,3,0.21904261,kha,1.000127669
2003,other,protected,black alder,4,0.43808522,kha,1.000127669
2003,other,protected,black alder,5,0.21904261,kha,1.000127669
2003,other,protected,black alder,5A-5B,,kha,0.0
2003,other,protected,black alder,all,1.752340878,kha,0.586385478
2003,other,protected,grey alder,1,1.314255659,kha,0.471140971
2003,other,protected,grey alder,1A,,kha,0.0
2003,other,protected,grey alder,2,1.718476891,kha,0.39290064
2003,other,protected,grey alder,3,0.657127829,kha,0.745189336
2003,other,protected,grey alder,4,,kha,0.0
2003,other,protected,grey alder,5,,kha,0.0
2003,other,protected,grey alder,5A-5B,,kha,0.0
2003,other,protected,grey alder,all,3.689860379,kha,0.281262582
2003,other,protected,pine,1,0.876170439,kha,0.499776734
2003,other,protected,pine,1A,0.21904261,kha,0.999573449
2003,other,protected,pine,2,5.296143646,kha,0.268281027
2003,other,protected,pine,3,7.152288817,kha,0.269080924
2003,other,protected,pine,4,3.908596329,kha,0.264799211
2003,other,protected,pine,5,4.380852196,kha,0.265817661
2003,other,protected,pine,5A-5B,5.257022635,kha,0.263348465
2003,other,protected,pine,all,27.090116673,kha,0.165858979
2003,other,protected,spruce,1,1.314255659,kha,0.470623886
2003,other,protected,spruce,1A,0.503031353,kha,0.628693861
2003,other,protected,spruce,2,3.825951553,kha,0.319228375
2003,other,protected,spruce,3,0.876170439,kha,0.499449026
2003,other,protected,spruce,4,0.21904261,kha,1.000228408
2003,other,protected,spruce,5,,kha,0.0
2003,other,protected,spruce,5A-5B,,kha,0.0
2003,other,protected,spruce,all,6.738451614,kha,0.258788025
2004,State Forest Management Centre,production,aspen,1,19.727921023,kha,0.130640833
2004,State Forest Management Centre,production,aspen,1A,7.660162369,kha,0.197804442
2004,State Forest Management Centre,production,aspen,2,5.310480213,kha,0.207440931
2004,State Forest Management Centre,production,aspen,3,0.750935801,kha,0.506896417
2004,State Forest Management Centre,production,aspen,4,0.130864003,kha,0.999619137
2004,State Forest Management Centre,production,aspen,5,,kha,0.0
2004,State Forest Management Centre,production,aspen,5A-5B,,kha,0.0
2004,State Forest Management Centre,production,aspen,all,33.580363407,kha,0.099906281
2004,State Forest Management Centre,production,birch,1,63.145528313,kha,0.085886796
2004,State Forest Management Centre,production,birch,1A,14.732364687,kha,0.151419893
2004,State Forest Management Centre,production,birch,2,72.533553021,kha,0.075957659
2004,State Forest Management Centre,production,birch,3,30.007607811,kha,0.10409737
2004,State Forest Management Centre,production,birch,4,10.062997235,kha,0.151561756
2004,State Forest Management Centre,production,birch,5,1.079023767,kha,0.547969656
2004,State Forest Management Centre,production,birch,5A-5B,0.64741426,kha,0.577414243
2004,State Forest Management Centre,production,birch,all,192.208489094,kha,0.05865533
2004,State Forest Management Centre,production,black alder,1,4.417544884,kha,0.220990837
2004,State Forest Management Centre,production,black alder,1A,0.431609507,kha,0.706989386
2004,State Forest Management Centre,production,black alder,2,9.618050995,kha,0.178746694
2004,State Forest Management Centre,production,black alder,3,3.651696975,kha,0.254603927
2004,State Forest Management Centre,production,black alder,4,0.410956992,kha,0.707548862
2004,State Forest Management Centre,production,black alder,5,,kha,0.0
2004,State Forest Management Centre,production,black alder,5A-5B,,kha,0.0
2004,State Forest Management Centre,production,black alder,all,18.529859353,kha,0.130439876
2004,State Forest Management Centre,production,grey alder,1,6.927052041,kha,0.180217619
2004,State Forest Management Centre,production,grey alder,1A,1.294828521,kha,0.408004376
2004,State Forest Management Centre,production,grey alder,2,5.022208223,kha,0.205902015
2004,State Forest Management Centre,production,grey alder,3,0.32370713,kha,0.745200225
2004,State Forest Management Centre,production,grey alder,4,,kha,0.0
2004,State Forest Management Centre,production,grey alder,5,,kha,0.0
2004,State Forest Management Centre,production,grey alder,5A-5B,,kha,0.0
2004,State Forest Management Centre,production,grey alder,all,13.567795915,kha,0.138113821
2004,State Forest Management Centre,production,other,1,0.863219014,kha,0.499585664
2004,State Forest Management Centre,production,other,1A,0.215804753,kha,0.999420518
2004,State Forest Management Centre,production,other,2,0.617762687,kha,0.479784481
2004,State Forest Management Centre,production,other,3,0.254476965,kha,0.860745987
2004,State Forest Management Centre,production,other,4,,kha,0.0
2004,State Forest Management Centre,production,other,5,,kha,0.0
2004,State Forest Management Centre,production,other,5A-5B,,kha,0.0
2004,State Forest Management Centre,production,other,all,1.95126342,kha,0.310366795
2004,State Forest Management Centre,production,pine,1,45.596911593,kha,0.096350704
2004,State Forest Management Centre,production,pine,1A,7.466909212,kha,0.208648255
2004,State Forest Management Centre,production,pine,2,88.905969092,kha,0.07347382
2004,State Forest Management Centre,production,pine,3,59.521713312,kha,0.091039818
2004,State Forest Management Centre,production,pine,4,29.265865293,kha,0.111633617
2004,State Forest Management Centre,production,pine,5,19.307964972,kha,0.131275648
2004,State Forest Management Centre,production,pine,5A-5B,16.088265953,kha,0.170809609
2004,State Forest Management Centre,production,pine,all,266.153599427,kha,0.056446618
2004,State Forest Management Centre,production,spruce,1,59.597719746,kha,0.081413938
2004,State Forest Management Centre,production,spruce,1A,31.110499584,kha,0.098767927
2004,State Forest Management Centre,production,spruce,2,27.841942368,kha,0.104742828
2004,State Forest Management Centre,production,spruce,3,11.129396425,kha,0.167583154
2004,State Forest Management Centre,production,spruce,4,3.390767448,kha,0.294544125
2004,State Forest Management Centre,production,spruce,5,0.431609507,kha,0.706568058
2004,State Forest Management Centre,production,spruce,5A-5B,,kha,0.0
2004,State Forest Management Centre,production,spruce,all,133.501935078,kha,0.066844776
2004,State Forest Management Centre,protected,aspen,1,1.614931712,kha,0.381964848
2004,State Forest Management Centre,protected,aspen,1A,0.499933292,kha,0.625263578
2004,State Forest Management Centre,protected,aspen,2,0.431609507,kha,0.706989386
2004,State Forest Management Centre,protected,aspen,3,,kha,0.0
2004,State Forest Management Centre,protected,aspen,4,,kha,0.0
2004,State Forest Management Centre,protected,aspen,5,,kha,0.0
2004,State Forest Management Centre,protected,aspen,5A-5B,,kha,0.0
2004,State Forest Management Centre,protected,aspen,all,2.546474511,kha,0.304045211
2004,State Forest Management Centre,protected,birch,1,4.183849917,kha,0.292312848
2004,State Forest Management Centre,protected,birch,1A,1.510633274,kha,0.51436651
2004,State Forest Management Centre,protected,birch,2,10.790237674,kha,0.243831562
2004,State Forest Management Centre,protected,birch,3,7.491726759,kha,0.26323964
2004,State Forest Management Centre,protected,birch,4,3.806580047,kha,0.282491021
2004,State Forest Management Centre,protected,birch,5,2.589657042,kha,0.448228235
2004,State Forest Management Centre,protected,birch,5A-5B,0.64741426,kha,0.577407079
2004,State Forest Management Centre,protected,birch,all,31.020098973,kha,0.173201017
2004,State Forest Management Centre,protected,black alder,1,0.64741426,kha,0.74520022
2004,State Forest Management Centre,protected,black alder,1A,,kha,0.0
2004,State Forest Management Centre,protected,black alder,2,1.687765816,kha,0.500054612
2004,State Forest Management Centre,protected,black alder,3,0.520456324,kha,0.610781802
2004,State Forest Management Centre,protected,black alder,4,0.743317893,kha,0.519210062
2004,State Forest Management Centre,protected,black alder,5,,kha,0.0
2004,State Forest Management Centre,protected,black alder,5A-5B,,kha,0.0
2004,State Forest Management Centre,protected,black alder,all,3.598954293,kha,0.367844779
2004,State Forest Management Centre,protected,grey alder,1,,kha,0.0
2004,State Forest Management Centre,protected,grey alder,1A,,kha,0.0
2004,State Forest Management Centre,protected,grey alder,2,0.309312953,kha,0.760142834
2004,State Forest Management Centre,protected,grey alder,3,,kha,0.0
2004,State Forest Management Centre,protected,grey alder,4,,kha,0.0
2004,State Forest Management Centre,protected,grey alder,5,,kha,0.0
2004,State Forest Management Centre,protected,grey alder,5A-5B,,kha,0.0
2004,State Forest Management Centre,protected,grey alder,all,0.309312953,kha,0.760142834
2004,State Forest Management Centre,protected,pine,1,5.702640611,kha,0.245500695
2004,State Forest Management Centre,protected,pine,1A,0.64741426,kha,0.576840933
2004,State Forest Management Centre,protected,pine,2,17.080385146,kha,0.168410621
2004,State Forest Management Centre,protected,pine,3,19.710894028,kha,0.173130978
2004,State Forest Management Centre,protected,pine,4,15.932347018,kha,0.147672137
2004,State Forest Management Centre,protected,pine,5,12.721366511,kha,0.169352088
2004,State Forest Management Centre,protected,pine,5A-5B,14.812104543,kha,0.160163857
2004,State Forest Management Centre,protected,pine,all,86.607152117,kha,0.103314004
2004,State Forest Management Centre,protected,spruce,1,4.660174169,kha,0.293995929
2004,State Forest Management Centre,protected,spruce,1A,1.198924888,kha,0.456104902
2004,State Forest Management Centre,protected,spruce,2,3.49027502,kha,0.347801428
2004,State Forest Management Centre,protected,spruce,3,4.31609507,kha,0.323757782
2004,State Forest Management Centre,protected,spruce,4,1.294828521,kha,0.47131617
2004,State Forest Management Centre,protected,spruce,5,0.389419678,kha,0.999916992
2004,State Forest Management Centre,protected,spruce,5A-5B,0.188268067,kha,0.999519838
2004,State Forest Management Centre,protected,spruce,all,15.537985412,kha,0.195391247
2004,all,production,aspen,1,54.896197387,kha,0.072075207
2004,all,production,aspen,1A,15.523612815,kha,0.14047574
2004,all,production,aspen,2,32.979519813,kha,0.097450197
2004,all,production,aspen,3,5.449113186,kha,0.203288097
2004,all,production,aspen,4,0.130864003,kha,0.999619137
2004,all,production,aspen,5,,kha,0.0
2004,all,production,aspen,5A-5B,,kha,0.0
2004,all,production,aspen,all,108.979307203,kha,0.05622071
2004,all,production,birch,1,144.49410126,kha,0.04904538
2004,all,production,birch,1A,30.461790495,kha,0.099644805
2004,all,production,birch,2,234.066842299,kha,0.039743664
2004,all,production,birch,3,136.645196054,kha,0.058534428
2004,all,production,birch,4,41.309561717,kha,0.095078345
2004,all,production,birch,5,9.994004456,kha,0.174918937
2004,all,production,birch,5A-5B,2.589657042,kha,0.276522751
2004,all,production,birch,all,599.561153322,kha,0.029181263
2004,all,production,black alder,1,8.124509457,kha,0.167675356
2004,all,production,black alder,1A,0.431609507,kha,0.706989386
2004,all,production,black alder,2,33.59003146,kha,0.09596857
2004,all,production,black alder,3,14.20362146,kha,0.132596292
2004,all,production,black alder,4,1.705785513,kha,0.353219377
2004,all,production,black alder,5,,kha,0.0
2004,all,production,black alder,5A-5B,,kha,0.0
2004,all,production,black alder,all,58.055557397,kha,0.076642777
2004,all,production,grey alder,1,83.242928654,kha,0.06245345
2004,all,production,grey alder,1A,8.54960166,kha,0.175825046
2004,all,production,grey alder,2,80.646193216,kha,0.06172252
2004,all,production,grey alder,3,11.112585234,kha,0.164725988
2004,all,production,grey alder,4,0.863219014,kha,0.433279401
2004,all,production,grey alder,5,0.215804753,kha,1.000611642
2004,all,production,grey alder,5A-5B,,kha,0.0
2004,all,production,grey alder,all,184.630332532,kha,0.044804651
2004,all,production,other,1,7.682131293,kha,0.181594167
2004,all,production,other,1A,1.958946069,kha,0.322855551
2004,all,production,other,2,10.652834788,kha,0.162531689
2004,all,production,other,3,7.417360441,kha,0.198548392
2004,all,production,other,4,3.188428911,kha,0.289131243
2004,all,production,other,5,0.215804753,kha,0.999892174
2004,all,production,other,5A-5B,,kha,0.0
2004,all,production,other,all,31.115506254,kha,0.104613021
2004,all,production,pine,1,97.379931186,kha,0.06361912
2004,all,production,pine,1A,18.68951171,kha,0.1138947
2004,all,production,pine,2,187.287126433,kha,0.049995977
2004,all,production,pine,3,149.626218844,kha,0.05406556
2004,all,production,pine,4,68.210875906,kha,0.073437213
2004,all,production,pine,5,40.330671355,kha,0.093239188
2004,all,production,pine,5A-5B,25.281375807,kha,0.129238387
2004,all,production,pine,all,586.805711241,kha,0.034373331
2004,all,production,spruce,1,143.125855962,kha,0.046261851
2004,all,production,spruce,1A,60.078187449,kha,0.068281699
2004,all,production,spruce,2,94.872927365,kha,0.056351028
2004,all,production,spruce,3,35.634544114,kha,0.095104247
2004,all,production,spruce,4,7.260060356,kha,0.198823156
2004,all,production,spruce,5,0.64741426,kha,0.576862443
2004,all,production,spruce,5A-5B,0.215804753,kha,0.999817717
2004,all,production,spruce,all,341.83479426,kha,0.035361607
2004,all,protected,aspen,1,2.693955479,kha,0.279224792
2004,all,protected,aspen,1A,0.499933292,kha,0.625263578
2004,all,protected,aspen,2,1.942242781,kha,0.400326919
2004,all,protected,aspen,3,0.215804753,kha,0.999830127
2004,all,protected,aspen,4,,kha,0.0
2004,all,protected,aspen,5,,kha,0.0
2004,all,protected,aspen,5A-5B,,kha,0.0
2004,all,protected,aspen,all,5.351936306,kha,0.230758857
2004,all,protected,birch,1,6.557702205,kha,0.23735636
2004,all,protected,birch,1A,1.510633274,kha,0.51436651
2004,all,protected,birch,2,16.598147844,kha,0.189610043
2004,all,protected,birch,3,13.490192526,kha,0.183793281
2004,all,protected,birch,4,5.964627582,kha,0.225851664
2004,all,protected,birch,5,3.668680809,kha,0.342288428
2004,all,protected,birch,5A-5B,1.079023767,kha,0.447005747
2004,all,protected,birch,all,48.869008007,kha,0.131674091
2004,all,protected,black alder,1,0.863219014,kha,0.612196338
2004,all,protected,black alder,1A,,kha,0.0
2004,all,protected,black alder,2,3.630008597,kha,0.324165607
2004,all,protected,black alder,3,1.815284845,kha,0.42291388
2004,all,protected,black alder,4,0.959122646,kha,0.56022877
2004,all,protected,black alder,5,0.215804753,kha,1.00011551
2004,all,protected,black alder,5A-5B,,kha,0.0
2004,all,protected,black alder,all,7.483439856,kha,0.296125015
2004,all,protected,grey alder,1,1.942242781,kha,0.367906537
2004,all,protected,grey alder,1A,,kha,0.0
2004,all,protected,grey alder,2,2.251555735,kha,0.33441465
2004,all,protected,grey alder,3,0.64741426,kha,0.745200222
2004,all,protected,grey alder,4,,kha,0.0
2004,all,protected,grey alder,5,,kha,0.0
2004,all,protected,grey alder,5A-5B,,kha,0.0
2004,all,protected,grey alder,all,4.841212776,kha,0.231845823
2004,all,protected,pine,1,6.350054871,kha,0.228153121
2004,all,protected,pine,1A,0.863219014,kha,0.499337245
2004,all,protected,pine,2,22.244549736,kha,0.143212132
2004,all,protected,pine,3,25.28601561,kha,0.153970349
2004,all,protected,pine,4,20.4305813,kha,0.12898331
2004,all,protected,pine,5,17.469071087,kha,0.151947387
2004,all,protected,pine,5A-5B,20.20722338,kha,0.143302651
2004,all,protected,pine,all,112.850714998,kha,0.090748916
2004,all,protected,spruce,1,5.95500269,kha,0.251504881
2004,all,protected,spruce,1A,1.846339149,kha,0.35848631
2004,all,protected,spruce,2,7.907086168,kha,0.228979596
2004,all,protected,spruce,3,5.395118837,kha,0.282359324
2004,all,protected,spruce,4,1.726438028,kha,0.395274828
2004,all,protected,spruce,5,0.605224431,kha,0.735512364
2004,all,protected,spruce,5A-5B,0.188268067,kha,0.999519838
2004,all,protected,spruce,all,23.623477369,kha,0.159800188
2004,other,production,aspen,1,35.168276364,kha,0.087854525
2004,other,production,aspen,1A,7.863450447,kha,0.20266523
2004,other,production,aspen,2,27.6690396,kha,0.110185452
2004,other,production,aspen,3,4.698177386,kha,0.221405477
2004,other,production,aspen,4,,kha,0.0
2004,other,production,aspen,5,,kha,0.0
2004,other,production,aspen,5A-5B,,kha,0.0
2004,other,production,aspen,all,75.398943796,kha,0.069714494
2004,other,production,birch,1,81.348572947,kha,0.059246362
2004,other,production,birch,1A,15.729425809,kha,0.122201822
2004,other,production,birch,2,161.533289278,kha,0.049249739
2004,other,production,birch,3,106.637588243,kha,0.069438301
2004,other,production,birch,4,31.246564481,kha,0.116103259
2004,other,production,birch,5,8.914980688,kha,0.184546555
2004,other,production,birch,5A-5B,1.942242781,kha,0.314391578
2004,other,production,birch,all,407.352664228,kha,0.037463218
2004,other,production,black alder,1,3.706964572,kha,0.255255577
2004,other,production,black alder,1A,,kha,0.0
2004,other,production,black alder,2,23.971980466,kha,0.113483085
2004,other,production,black alder,3,10.551924485,kha,0.148997206
2004,other,production,black alder,4,1.294828521,kha,0.407908065
2004,other,production,black alder,5,,kha,0.0
2004,other,production,black alder,5A-5B,,kha,0.0
2004,other,production,black alder,all,39.525698044,kha,0.09310527
2004,other,production,grey alder,1,76.315876613,kha,0.066108085
2004,other,production,grey alder,1A,7.254773139,kha,0.194245778
2004,other,production,grey alder,2,75.623984993,kha,0.062593803
2004,other,production,grey alder,3,10.788878104,kha,0.168247232
2004,other,production,grey alder,4,0.863219014,kha,0.433279401
2004,other,production,grey alder,5,0.215804753,kha,1.000611642
2004,other,production,grey alder,5A-5B,,kha,0.0
2004,other,production,grey alder,all,171.062536617,kha,0.047133813
2004,other,production,other,1,6.818912279,kha,0.19484843
2004,other,production,other,1A,1.743141316,kha,0.341374124
2004,other,production,other,2,10.0350721,kha,0.170084644
2004,other,production,other,3,7.162883475,kha,0.203468948
2004,other,production,other,4,3.188428911,kha,0.289131243
2004,other,production,other,5,0.215804753,kha,0.999892174
2004,other,production,other,5A-5B,,kha,0.0
2004,other,production,other,all,29.164242834,kha,0.109840492
2004,other,production,pine,1,51.783019593,kha,0.078874432
2004,other,production,pine,1A,11.222602498,kha,0.139688189
2004,other,production,pine,2,98.38115734,kha,0.067679717
2004,other,production,pine,3,90.104505532,kha,0.070397753
2004,other,production,pine,4,38.945010613,kha,0.097138169
2004,other,production,pine,5,21.022706383,kha,0.120529104
2004,other,production,pine,5A-5B,9.193109855,kha,0.186180325
2004,other,production,pine,all,320.652111814,kha,0.045903724
2004,other,production,spruce,1,83.528136216,kha,0.056808612
2004,other,production,spruce,1A,28.967687865,kha,0.093119759
2004,other,production,spruce,2,67.030984997,kha,0.070000024
2004,other,production,spruce,3,24.50514769,kha,0.116364002
2004,other,production,spruce,4,3.869292908,kha,0.281133729
2004,other,production,spruce,5,0.215804753,kha,0.999916992
2004,other,production,spruce,5A-5B,0.215804753,kha,0.999817717
2004,other,production,spruce,all,208.332859182,kha,0.04378851
2004,other,protected,aspen,1,1.079023767,kha,0.399991014
2004,other,protected,aspen,1A,,kha,0.0
2004,other,protected,aspen,2,1.510633274,kha,0.473538491
2004,other,protected,aspen,3,0.215804753,kha,0.999830127
2004,other,protected,aspen,4,,kha,0.0
2004,other,protected,aspen,5,,kha,0.0
2004,other,protected,aspen,5A-5B,,kha,0.0
2004,other,protected,aspen,all,2.805461795,kha,0.343771864
2004,other,protected,birch,1,2.373852288,kha,0.435877076
2004,other,protected,birch,1A,,kha,0.0
2004,other,protected,birch,2,5.80791017,kha,0.313026578
2004,other,protected,birch,3,5.998465767,kha,0.276759
2004,other,protected,birch,4,2.158047535,kha,0.315890553
2004,other,protected,birch,5,1.079023767,kha,0.446655867
2004,other,protected,birch,5A-5B,0.431609507,kha,0.706708528
2004,other,protected,birch,all,17.848909034,kha,0.205192043
2004,other,protected,black alder,1,0.215804753,kha,0.999916992
2004,other,protected,black alder,1A,,kha,0.0
2004,other,protected,black alder,2,1.942242781,kha,0.400299372
2004,other,protected,black alder,3,1.294828521,kha,0.526759227
2004,other,protected,black alder,4,0.215804753,kha,1.00011551
2004,other,protected,black alder,5,0.215804753,kha,1.00011551
2004,other,protected,black alder,5A-5B,,kha,0.0
2004,other,protected,black alder,all,3.884485563,kha,0.40798917
2004,other,protected,grey alder,1,1.942242781,kha,0.367906537
2004,other,protected,grey alder,1A,,kha,0.0
2004,other,protected,grey alder,2,1.942242781,kha,0.368382128
2004,other,protected,grey alder,3,0.64741426,kha,0.745200222
2004,other,protected,grey alder,4,,kha,0.0
2004,other,protected,grey alder,5,,kha,0.0
2004,other,protected,grey alder,5A-5B,,kha,0.0
2004,other,protected,grey alder,all,4.531899823,kha,0.24226115
2004,other,protected,pine,1,0.64741426,kha,0.577285299
2004,other,protected,pine,1A,0.215804753,kha,0.999557078
2004,other,protected,pine,2,5.16416459,kha,0.265243628
2004,other,protected,pine,3,5.575121582,kha,0.244780835
2004,other,protected,pine,4,4.498234282,kha,0.250561373
2004,other,protected,pine,5,4.747704577,kha,0.277776754
2004,other,protected,pine,5A-5B,5.395118837,kha,0.250386746
2004,other,protected,pine,all,26.243562881,kha,0.157903324
2004,other,protected,spruce,1,1.294828521,kha,0.470824501
2004,other,protected,spruce,1A,0.64741426,kha,0.576862442
2004,other,protected,spruce,2,4.416811148,kha,0.293217169
2004,other,protected,spruce,3,1.079023767,kha,0.468356203
2004,other,protected,spruce,4,0.431609507,kha,0.707261358
2004,other,protected,spruce,5,0.215804753,kha,0.999916992
2004,other,protected,spruce,5A-5B,,kha,0.0
2004,other,protected,spruce,all,8.085491957,kha,0.234281298
2005,State Forest Management Centre,production,aspen,1,20.25126944,kha,0.126798407
2005,State Forest Management Centre,production,aspen,1A,8.570157302,kha,0.186403647
2005,State Forest Management Centre,production,aspen,2,4.358430675,kha,0.224382528
2005,State Forest Management Centre,production,aspen,3,0.427334831,kha,0.706740827
2005,State Forest Management Centre,production,aspen,4,0.129567921,kha,0.999163559
2005,State Forest Management Centre,production,aspen,5,,kha,0.0
2005,State Forest Management Centre,production,aspen,5A-5B,,kha,0.0
2005,State Forest Management Centre,production,aspen,all,33.736760168,kha,0.100623897
2005,State Forest Management Centre,production,birch,1,62.168436177,kha,0.087546675
2005,State Forest Management Centre,production,birch,1A,12.085840956,kha,0.160676366
2005,State Forest Management Centre,production,birch,2,74.993459557,kha,0.072625881
2005,State Forest Management Centre,production,birch,3,28.343751867,kha,0.108222951
2005,State Forest Management Centre,production,birch,4,9.801757651,kha,0.151898924
2005,State Forest Management Centre,production,birch,5,1.156303952,kha,0.495061753
2005,State Forest Management Centre,production,birch,5A-5B,0.854669662,kha,0.499909524
2005,State Forest Management Centre,production,birch,all,189.404219823,kha,0.058575677
2005,State Forest Management Centre,production,black alder,1,4.188864214,kha,0.233191879
2005,State Forest Management Centre,production,black alder,1A,0.427334831,kha,0.70745315
2005,State Forest Management Centre,production,black alder,2,9.264725969,kha,0.191115519
2005,State Forest Management Centre,production,black alder,3,3.581108617,kha,0.260344092
2005,State Forest Management Centre,production,black alder,4,0.406886859,kha,0.707744861
2005,State Forest Management Centre,production,black alder,5,,kha,0.0
2005,State Forest Management Centre,production,black alder,5A-5B,,kha,0.0
2005,State Forest Management Centre,production,black alder,all,17.86892049,kha,0.147041014
2005,State Forest Management Centre,production,grey alder,1,7.98387528,kha,0.165178912
2005,State Forest Management Centre,production,grey alder,1A,1.495671908,kha,0.377460765
2005,State Forest Management Centre,production,grey alder,2,4.542953855,kha,0.2193303
2005,State Forest Management Centre,production,grey alder,3,0.320501123,kha,0.745069289
2005,State Forest Management Centre,production,grey alder,4,,kha,0.0
2005,State Forest Management Centre,production,grey alder,5,,kha,0.0
2005,State Forest Management Centre,production,grey alder,5A-5B,,kha,0.0
2005,State Forest Management Centre,production,grey alder,all,14.343002167,kha,0.133916763
2005,State Forest Management Centre,production,other,1,0.854669662,kha,0.500047701
2005,State Forest Management Centre,production,other,1A,0.213667415,kha,0.999851852
2005,State Forest Management Centre,production,other,2,0.740827663,kha,0.476470123
2005,State Forest Management Centre,production,other,3,0.213667415,kha,0.999311091
2005,State Forest Management Centre,production,other,4,,kha,0.0
2005,State Forest Management Centre,production,other,5,,kha,0.0
2005,State Forest Management Centre,production,other,5A-5B,,kha,0.0
2005,State Forest Management Centre,production,other,all,2.022832156,kha,0.311757204
2005,State Forest Management Centre,production,pine,1,47.574075662,kha,0.096615416
2005,State Forest Management Centre,production,pine,1A,7.461778951,kha,0.198206066
2005,State Forest Management Centre,production,pine,2,92.412952006,kha,0.074123286
2005,State Forest Management Centre,production,pine,3,56.579879458,kha,0.096216281
2005,State Forest Management Centre,production,pine,4,25.948005971,kha,0.115670187
2005,State Forest Management Centre,production,pine,5,16.791566648,kha,0.145264215
2005,State Forest Management Centre,production,pine,5A-5B,16.330194598,kha,0.172488659
2005,State Forest Management Centre,production,pine,all,263.098453293,kha,0.056959471
2005,State Forest Management Centre,production,spruce,1,59.897813919,kha,0.082024947
2005,State Forest Management Centre,production,spruce,1A,31.194780292,kha,0.098901917
2005,State Forest Management Centre,production,spruce,2,27.486795964,kha,0.108646618
2005,State Forest Management Centre,production,spruce,3,10.325413753,kha,0.169702767
2005,State Forest Management Centre,production,spruce,4,2.288848088,kha,0.328841556
2005,State Forest Management Centre,production,spruce,5,0.213667415,kha,0.999606089
2005,State Forest Management Centre,production,spruce,5A-5B,,kha,0.0
2005,State Forest Management Centre,production,spruce,all,131.407319433,kha,0.067633394
2005,State Forest Management Centre,protected,aspen,1,1.59893737,kha,0.38154043
2005,State Forest Management Centre,protected,aspen,1A,0.70864935,kha,0.530694292
2005,State Forest Management Centre,protected,aspen,2,0.213667415,kha,0.999753554
2005,State Forest Management Centre,protected,aspen,3,,kha,0.0
2005,State Forest Management Centre,protected,aspen,4,,kha,0.0
2005,State Forest Management Centre,protected,aspen,5,,kha,0.0
2005,State Forest Management Centre,protected,aspen,5A-5B,,kha,0.0
2005,State Forest Management Centre,protected,aspen,all,2.521254136,kha,0.326508407
2005,State Forest Management Centre,protected,birch,1,4.356080333,kha,0.286782136
2005,State Forest Management Centre,protected,birch,1A,1.923006739,kha,0.429758485
2005,State Forest Management Centre,protected,birch,2,11.324373021,kha,0.2293623
2005,State Forest Management Centre,protected,birch,3,7.332510164,kha,0.26085849
2005,State Forest Management Centre,protected,birch,4,3.982546957,kha,0.296104426
2005,State Forest Management Centre,protected,birch,5,3.205011232,kha,0.411014982
2005,State Forest Management Centre,protected,birch,5A-5B,0.641002246,kha,0.57749086
2005,State Forest Management Centre,protected,birch,all,32.764530694,kha,0.167755118
2005,State Forest Management Centre,protected,black alder,1,0.854669662,kha,0.612471558
2005,State Forest Management Centre,protected,black alder,1A,,kha,0.0
2005,State Forest Management Centre,protected,black alder,2,1.884717539,kha,0.457496571
2005,State Forest Management Centre,protected,black alder,3,0.641002246,kha,0.577717729
2005,State Forest Management Centre,protected,black alder,4,0.735956046,kha,0.519622634
2005,State Forest Management Centre,protected,black alder,5,,kha,0.0
2005,State Forest Management Centre,protected,black alder,5A-5B,,kha,0.0
2005,State Forest Management Centre,protected,black alder,all,4.116345493,kha,0.326286699
2005,State Forest Management Centre,protected,grey alder,1,,kha,0.0
2005,State Forest Management Centre,protected,grey alder,1A,,kha,0.0
2005,State Forest Management Centre,protected,grey alder,2,0.306249507,kha,0.760187611
2005,State Forest Management Centre,protected,grey alder,3,,kha,0.0
2005,State Forest Management Centre,protected,grey alder,4,,kha,0.0
2005,State Forest Management Centre,protected,grey alder,5,,kha,0.0
2005,State Forest Management Centre,protected,grey alder,5A-5B,,kha,0.0
2005,State Forest Management Centre,protected,grey alder,all,0.306249507,kha,0.760187611
2005,State Forest Management Centre,protected,pine,1,5.85982887,kha,0.242625078
2005,State Forest Management Centre,protected,pine,1A,0.427334831,kha,0.706801664
2005,State Forest Management Centre,protected,pine,2,19.36019085,kha,0.153578417
2005,State Forest Management Centre,protected,pine,3,21.492463456,kha,0.158321644
2005,State Forest Management Centre,protected,pine,4,15.264250595,kha,0.152555388
2005,State Forest Management Centre,protected,pine,5,12.168038811,kha,0.174047992
2005,State Forest Management Centre,protected,pine,5A-5B,15.264784764,kha,0.158566946
2005,State Forest Management Centre,protected,pine,all,89.836892177,kha,0.095682562
2005,State Forest Management Centre,protected,spruce,1,4.083419344,kha,0.30075994
2005,State Forest Management Centre,protected,spruce,1A,1.187050693,kha,0.456257299
2005,State Forest Management Centre,protected,spruce,2,4.096709457,kha,0.315555602
2005,State Forest Management Centre,protected,spruce,3,3.717983963,kha,0.330702912
2005,State Forest Management Centre,protected,spruce,4,1.495671908,kha,0.42798377
2005,State Forest Management Centre,protected,spruce,5,0.385562851,kha,0.999507765
2005,State Forest Management Centre,protected,spruce,5A-5B,0.186403453,kha,0.999556932
2005,State Forest Management Centre,protected,spruce,all,15.152801671,kha,0.195836672
2005,all,production,aspen,1,52.98336542,kha,0.07278637
2005,all,production,aspen,1A,16.347993093,kha,0.139438781
2005,all,production,aspen,2,31.041901257,kha,0.097996088
2005,all,production,aspen,3,5.292648715,kha,0.213650649
2005,all,production,aspen,4,0.129567921,kha,0.999163559
2005,all,production,aspen,5,,kha,0.0
2005,all,production,aspen,5A-5B,,kha,0.0
2005,all,production,aspen,all,105.795476406,kha,0.056790471
2005,all,production,birch,1,146.647682011,kha,0.048575046
2005,all,production,birch,1A,27.420943667,kha,0.10318636
2005,all,production,birch,2,239.123922305,kha,0.039194052
2005,all,production,birch,3,130.266249967,kha,0.056247243
2005,all,production,birch,4,39.756561832,kha,0.091803189
2005,all,production,birch,5,10.346737761,kha,0.166740955
2005,all,production,birch,5A-5B,2.564008986,kha,0.288777265
2005,all,production,birch,all,596.126106528,kha,0.02880454
2005,all,production,black alder,1,8.147971856,kha,0.162874306
2005,all,production,black alder,1A,0.427334831,kha,0.70745315
2005,all,production,black alder,2,33.186011038,kha,0.096463106
2005,all,production,black alder,3,13.171591928,kha,0.141648817
2005,all,production,black alder,4,1.475223937,kha,0.377705857
2005,all,production,black alder,5,,kha,0.0
2005,all,production,black alder,5A-5B,,kha,0.0
2005,all,production,black alder,all,56.408133589,kha,0.080827915
2005,all,production,grey alder,1,83.928753105,kha,0.063158064
2005,all,production,grey alder,1A,10.290585965,kha,0.15318456
2005,all,production,grey alder,2,81.400704345,kha,0.063063784
2005,all,production,grey alder,3,11.781728124,kha,0.157808567
2005,all,production,grey alder,4,0.854669662,kha,0.433379706
2005,all,production,grey alder,5,0.213667415,kha,1.00044144
2005,all,production,grey alder,5A-5B,,kha,0.0
2005,all,production,grey alder,all,188.470108616,kha,0.046274373
2005,all,production,other,1,7.736384313,kha,0.179967316
2005,all,production,other,1A,2.794214259,kha,0.270775388
2005,all,production,other,2,11.312749514,kha,0.156908668
2005,all,production,other,3,5.809937528,kha,0.219489922
2005,all,production,other,4,3.370518012,kha,0.262954497
2005,all,production,other,5,0.427334831,kha,0.706706061
2005,all,production,other,5A-5B,,kha,0.0
2005,all,production,other,all,31.451138458,kha,0.10351551
2005,all,production,pine,1,99.556494708,kha,0.063417209
2005,all,production,pine,1A,19.256797188,kha,0.113113172
2005,all,production,pine,2,193.676392962,kha,0.050206842
2005,all,production,pine,3,139.408950475,kha,0.056992461
2005,all,production,pine,4,62.629509093,kha,0.076988183
2005,all,production,pine,5,37.606063395,kha,0.098348317
2005,all,production,pine,5A-5B,25.731560879,kha,0.128066381
2005,all,production,pine,all,577.865768699,kha,0.03571423
2005,all,production,spruce,1,141.939135909,kha,0.047189607
2005,all,production,spruce,1A,60.570268009,kha,0.067950919
2005,all,production,spruce,2,92.697792037,kha,0.05651638
2005,all,production,spruce,3,33.832119935,kha,0.092226397
2005,all,production,spruce,4,6.29346689,kha,0.209797746
2005,all,production,spruce,5,0.427334831,kha,0.706792974
2005,all,production,spruce,5A-5B,0.213667415,kha,0.999851852
2005,all,production,spruce,all,335.973785027,kha,0.035820295
2005,all,protected,aspen,1,2.239939617,kha,0.317818282
2005,all,protected,aspen,1A,0.922316766,kha,0.469048086
2005,all,protected,aspen,2,1.709339324,kha,0.43243615
2005,all,protected,aspen,3,0.213667415,kha,0.999864139
2005,all,protected,aspen,4,,kha,0.0
2005,all,protected,aspen,5,,kha,0.0
2005,all,protected,aspen,5A-5B,,kha,0.0
2005,all,protected,aspen,all,5.085263122,kha,0.254200281
2005,all,protected,birch,1,7.774758981,kha,0.212053474
2005,all,protected,birch,1A,1.923006739,kha,0.429758485
2005,all,protected,birch,2,17.479233858,kha,0.180311586
2005,all,protected,birch,3,14.711151124,kha,0.174428768
2005,all,protected,birch,4,6.546555943,kha,0.231049124
2005,all,protected,birch,5,4.059680894,kha,0.341188066
2005,all,protected,birch,5A-5B,1.282004493,kha,0.470951068
2005,all,protected,birch,all,53.776392032,kha,0.125776673
2005,all,protected,black alder,1,1.068337077,kha,0.52922319
2005,all,protected,black alder,1A,,kha,0.0
2005,all,protected,black alder,2,4.021391693,kha,0.306266162
2005,all,protected,black alder,3,1.923006739,kha,0.408570726
2005,all,protected,black alder,4,0.949623461,kha,0.560695433
2005,all,protected,black alder,5,0.213667415,kha,1.000539669
2005,all,protected,black alder,5A-5B,,kha,0.0
2005,all,protected,black alder,all,8.176026387,kha,0.269799675
2005,all,protected,grey alder,1,2.564008986,kha,0.311368784
2005,all,protected,grey alder,1A,,kha,0.0
2005,all,protected,grey alder,2,2.015588831,kha,0.354399493
2005,all,protected,grey alder,3,0.427334831,kha,1.000244949
2005,all,protected,grey alder,4,,kha,0.0
2005,all,protected,grey alder,5,,kha,0.0
2005,all,protected,grey alder,5A-5B,,kha,0.0
2005,all,protected,grey alder,all,5.006932647,kha,0.226241709
2005,all,protected,pine,1,6.500831116,kha,0.22589732
2005,all,protected,pine,1A,0.641002246,kha,0.57688072
2005,all,protected,pine,2,23.832207123,kha,0.135855923
2005,all,protected,pine,3,26.798701419,kha,0.145613283
2005,all,protected,pine,4,19.788145317,kha,0.132955452
2005,all,protected,pine,5,16.655054536,kha,0.156287947
2005,all,protected,pine,5A-5B,20.17913532,kha,0.13970494
2005,all,protected,pine,all,114.395077078,kha,0.08641708
2005,all,protected,spruce,1,6.363549802,kha,0.227124576
2005,all,protected,spruce,1A,2.041720355,kha,0.33765334
2005,all,protected,spruce,2,8.683443765,kha,0.222055937
2005,all,protected,spruce,3,4.999988456,kha,0.276904426
2005,all,protected,spruce,4,1.923006739,kha,0.367818607
2005,all,protected,spruce,5,0.599230267,kha,0.735170462
2005,all,protected,spruce,5A-5B,0.186403453,kha,0.999556932
2005,all,protected,spruce,all,24.797342839,kha,0.155109329
2005,other,production,aspen,1,32.73209598,kha,0.09138361
2005,other,production,aspen,1A,7.777835792,kha,0.202788807
2005,other,production,aspen,2,26.683470582,kha,0.108820835
2005,other,production,aspen,3,4.865313884,kha,0.224197913
2005,other,production,aspen,4,,kha,0.0
2005,other,production,aspen,5,,kha,0.0
2005,other,production,aspen,5A-5B,,kha,0.0
2005,other,production,aspen,all,72.058716238,kha,0.071158018
2005,other,production,birch,1,84.479245834,kha,0.055803682
2005,other,production,birch,1A,15.33510271,kha,0.127182132
2005,other,production,birch,2,164.130462748,kha,0.048865595
2005,other,production,birch,3,101.9224981,kha,0.067061975
2005,other,production,birch,4,29.95480418,kha,0.110126294
2005,other,production,birch,5,9.190433809,kha,0.173991884
2005,other,production,birch,5A-5B,1.709339324,kha,0.353742417
2005,other,production,birch,all,406.721886705,kha,0.036876491
2005,other,production,black alder,1,3.959107642,kha,0.234711169
2005,other,production,black alder,1A,,kha,0.0
2005,other,production,black alder,2,23.921285068,kha,0.110052112
2005,other,production,black alder,3,9.590483311,kha,0.162285283
2005,other,production,black alder,4,1.068337077,kha,0.446810747
2005,other,production,black alder,5,,kha,0.0
2005,other,production,black alder,5A-5B,,kha,0.0
2005,other,production,black alder,all,38.539213099,kha,0.095032406
2005,other,production,grey alder,1,75.944877825,kha,0.067609097
2005,other,production,grey alder,1A,8.794914056,kha,0.16688134
2005,other,production,grey alder,2,76.85775049,kha,0.06398073
2005,other,production,grey alder,3,11.461227001,kha,0.161222071
2005,other,production,grey alder,4,0.854669662,kha,0.433379706
2005,other,production,grey alder,5,0.213667415,kha,1.00044144
2005,other,production,grey alder,5A-5B,,kha,0.0
2005,other,production,grey alder,all,174.127106449,kha,0.048716194
2005,other,production,other,1,6.881714651,kha,0.192747495
2005,other,production,other,1A,2.580546844,kha,0.281393946
2005,other,production,other,2,10.571921851,kha,0.164687088
2005,other,production,other,3,5.596270113,kha,0.224815417
2005,other,production,other,4,3.370518012,kha,0.262954497
2005,other,production,other,5,0.427334831,kha,0.706706061
2005,other,production,other,5A-5B,,kha,0.0
2005,other,production,other,all,29.428306302,kha,0.108731071
2005,other,production,pine,1,51.982419045,kha,0.078927173
2005,other,production,pine,1A,11.795018237,kha,0.133062097
2005,other,production,pine,2,101.263440956,kha,0.067375916
2005,other,production,pine,3,82.829071018,kha,0.072269328
2005,other,production,pine,4,36.681503121,kha,0.09881214
2005,other,production,pine,5,20.814496747,kha,0.125219428
2005,other,production,pine,5A-5B,9.401366282,kha,0.179909268
2005,other,production,pine,all,314.767315406,kha,0.046666858
2005,other,production,spruce,1,82.04132199,kha,0.05725276
2005,other,production,spruce,1A,29.375487717,kha,0.092628066
2005,other,production,spruce,2,65.210996073,kha,0.068255383
2005,other,production,spruce,3,23.506706182,kha,0.111113417
2005,other,production,spruce,4,4.004618801,kha,0.282346471
2005,other,production,spruce,5,0.213667415,kha,0.999950141
2005,other,production,spruce,5A-5B,0.213667415,kha,0.999851852
2005,other,production,spruce,all,204.566465594,kha,0.043909783
2005,other,protected,aspen,1,0.641002246,kha,0.576468858
2005,other,protected,aspen,1A,0.213667415,kha,1.000244949
2005,other,protected,aspen,2,1.495671908,kha,0.473275757
2005,other,protected,aspen,3,0.213667415,kha,0.999864139
2005,other,protected,aspen,4,,kha,0.0
2005,other,protected,aspen,5,,kha,0.0
2005,other,protected,aspen,5A-5B,,kha,0.0
2005,other,protected,aspen,all,2.564008986,kha,0.390192436
2005,other,protected,birch,1,3.418678648,kha,0.344889504
2005,other,protected,birch,1A,,kha,0.0
2005,other,protected,birch,2,6.154860837,kha,0.29569211
2005,other,protected,birch,3,7.378640959,kha,0.250270437
2005,other,protected,birch,4,2.564008986,kha,0.311467401
2005,other,protected,birch,5,0.854669662,kha,0.50014596
2005,other,protected,birch,5A-5B,0.641002246,kha,0.744673464
2005,other,protected,birch,all,21.011861339,kha,0.185456753
2005,other,protected,black alder,1,0.213667415,kha,0.999950143
2005,other,protected,black alder,1A,,kha,0.0
2005,other,protected,black alder,2,2.136674155,kha,0.373986481
2005,other,protected,black alder,3,1.282004493,kha,0.527219702
2005,other,protected,black alder,4,0.213667415,kha,1.000539669
2005,other,protected,black alder,5,0.213667415,kha,1.000539669
2005,other,protected,black alder,5A-5B,,kha,0.0
2005,other,protected,black alder,all,4.059680894,kha,0.390448614
2005,other,protected,grey alder,1,2.564008986,kha,0.311368784
2005,other,protected,grey alder,1A,,kha,0.0
2005,other,protected,grey alder,2,1.709339324,kha,0.395162442
2005,other,protected,grey alder,3,0.427334831,kha,1.000244949
2005,other,protected,grey alder,4,,kha,0.0
2005,other,protected,grey alder,5,,kha,0.0
2005,other,protected,grey alder,5A-5B,,kha,0.0
2005,other,protected,grey alder,all,4.700683141,kha,0.235894724
2005,other,protected,pine,1,0.641002246,kha,0.577114918
2005,other,protected,pine,1A,0.213667415,kha,0.999618382
2005,other,protected,pine,2,4.472016273,kha,0.288252948
2005,other,protected,pine,3,5.306237963,kha,0.251197924
2005,other,protected,pine,4,4.523894721,kha,0.247318876
2005,other,protected,pine,5,4.487015725,kha,0.294621342
2005,other,protected,pine,5A-5B,4.914350556,kha,0.257831583
2005,other,protected,pine,all,24.5581849,kha,0.165254437
2005,other,protected,spruce,1,2.280130458,kha,0.329761474
2005,other,protected,spruce,1A,0.854669662,kha,0.499510033
2005,other,protected,spruce,2,4.586734308,kha,0.278388554
2005,other,protected,spruce,3,1.282004493,kha,0.423990431
2005,other,protected,spruce,4,0.427334831,kha,0.706723445
2005,other,protected,spruce,5,0.213667415,kha,0.999950141
2005,other,protected,spruce,5A-5B,,kha,0.0
2005,other,protected,spruce,all,9.644541167,kha,0.217626163
2006,State Forest Management Centre,production,aspen,1,19.688003004,kha,0.129449242
2006,State Forest Management Centre,production,aspen,1A,8.343893276,kha,0.185311465
2006,State Forest Management Centre,production,aspen,2,3.858206051,kha,0.234902858
2006,State Forest Management Centre,production,aspen,3,0.419411252,kha,0.706709567
2006,State Forest Management Centre,production,aspen,4,0.127165492,kha,0.999586493
2006,State Forest Management Centre,production,aspen,5,,kha,0.0
2006,State Forest Management Centre,production,aspen,5A-5B,,kha,0.0
2006,State Forest Management Centre,production,aspen,all,32.436679075,kha,0.102716055
2006,State Forest Management Centre,production,birch,1,60.151060067,kha,0.087569401
2006,State Forest Management Centre,production,birch,1A,12.490863974,kha,0.155869625
2006,State Forest Management Centre,production,birch,2,73.226499445,kha,0.075419146
2006,State Forest Management Centre,production,birch,3,26.483010526,kha,0.107714869
2006,State Forest Management Centre,production,birch,4,7.654255354,kha,0.183855664
2006,State Forest Management Centre,production,birch,5,1.344569563,kha,0.497661456
2006,State Forest Management Centre,production,birch,5A-5B,1.258233757,kha,0.407853203
2006,State Forest Management Centre,production,birch,all,182.608492687,kha,0.059024277
2006,State Forest Management Centre,production,black alder,1,4.111194918,kha,0.241492683
2006,State Forest Management Centre,production,black alder,1A,0.419411252,kha,0.706794867
2006,State Forest Management Centre,production,black alder,2,8.822105986,kha,0.186558875
2006,State Forest Management Centre,production,black alder,3,3.305002609,kha,0.269407392
2006,State Forest Management Centre,production,black alder,4,0.60904805,kha,0.577373372
2006,State Forest Management Centre,production,black alder,5,,kha,0.0
2006,State Forest Management Centre,production,black alder,5A-5B,,kha,0.0
2006,State Forest Management Centre,production,black alder,all,17.266762816,kha,0.145031148
2006,State Forest Management Centre,production,grey alder,1,7.206722577,kha,0.176306157
2006,State Forest Management Centre,production,grey alder,1A,1.677645009,kha,0.363961454
2006,State Forest Management Centre,production,grey alder,2,4.353866269,kha,0.2345545
2006,State Forest Management Centre,production,grey alder,3,0.524264065,kha,0.599600203
2006,State Forest Management Centre,production,grey alder,4,,kha,0.0
2006,State Forest Management Centre,production,grey alder,5,,kha,0.0
2006,State Forest Management Centre,production,grey alder,5A-5B,,kha,0.0
2006,State Forest Management Centre,production,grey alder,all,13.762497921,kha,0.141838301
2006,State Forest Management Centre,production,other,1,0.629116878,kha,0.576550115
2006,State Forest Management Centre,production,other,1A,0.209705626,kha,0.999875941
2006,State Forest Management Centre,production,other,2,0.643041332,kha,0.523059854
2006,State Forest Management Centre,production,other,3,0.209705626,kha,0.999345222
2006,State Forest Management Centre,production,other,4,,kha,0.0
2006,State Forest Management Centre,production,other,5,,kha,0.0
2006,State Forest Management Centre,production,other,5A-5B,,kha,0.0
2006,State Forest Management Centre,production,other,all,1.691569463,kha,0.340422559
2006,State Forest Management Centre,production,pine,1,52.574060266,kha,0.095242082
2006,State Forest Management Centre,production,pine,1A,8.925386007,kha,0.178420997
2006,State Forest Management Centre,production,pine,2,95.577491284,kha,0.077266537
2006,State Forest Management Centre,production,pine,3,57.831212549,kha,0.094221119
2006,State Forest Management Centre,production,pine,4,26.418169546,kha,0.119207425
2006,State Forest Management Centre,production,pine,5,15.870374992,kha,0.147193042
2006,State Forest Management Centre,production,pine,5A-5B,17.495341948,kha,0.175248452
2006,State Forest Management Centre,production,pine,all,274.692036592,kha,0.057873938
2006,State Forest Management Centre,production,spruce,1,57.589317109,kha,0.084517886
2006,State Forest Management Centre,production,spruce,1A,29.213776219,kha,0.105854984
2006,State Forest Management Centre,production,spruce,2,28.564087219,kha,0.1043492
2006,State Forest Management Centre,production,spruce,3,8.96351049,kha,0.177380729
2006,State Forest Management Centre,production,spruce,4,2.450074712,kha,0.31866432
2006,State Forest Management Centre,production,spruce,5,,kha,0.0
2006,State Forest Management Centre,production,spruce,5A-5B,,kha,0.0
2006,State Forest Management Centre,production,spruce,all,126.780765749,kha,0.069010161
2006,State Forest Management Centre,protected,aspen,1,1.569290112,kha,0.381582609
2006,State Forest Management Centre,protected,aspen,1A,0.419411252,kha,0.706419475
2006,State Forest Management Centre,protected,aspen,2,0.209705626,kha,0.999779468
2006,State Forest Management Centre,protected,aspen,3,,kha,0.0
2006,State Forest Management Centre,protected,aspen,4,,kha,0.0
2006,State Forest Management Centre,protected,aspen,5,,kha,0.0
2006,State Forest Management Centre,protected,aspen,5A-5B,,kha,0.0
2006,State Forest Management Centre,protected,aspen,all,2.19840699,kha,0.345388888
2006,State Forest Management Centre,protected,birch,1,4.90442742,kha,0.28079594
2006,State Forest Management Centre,protected,birch,1A,1.887350635,kha,0.430161485
2006,State Forest Management Centre,protected,birch,2,11.114398185,kha,0.225969865
2006,State Forest Management Centre,protected,birch,3,7.615963107,kha,0.216369661
2006,State Forest Management Centre,protected,birch,4,3.069880661,kha,0.363400745
2006,State Forest Management Centre,protected,birch,5,3.355290018,kha,0.412075722
2006,State Forest Management Centre,protected,birch,5A-5B,0.629116878,kha,0.623745754
2006,State Forest Management Centre,protected,birch,all,32.576426905,kha,0.160617366
2006,State Forest Management Centre,protected,black alder,1,0.838822505,kha,0.611756079
2006,State Forest Management Centre,protected,black alder,1A,,kha,0.0
2006,State Forest Management Centre,protected,black alder,2,1.640065761,kha,0.49997125
2006,State Forest Management Centre,protected,black alder,3,0.629116878,kha,0.577469532
2006,State Forest Management Centre,protected,black alder,4,0.722310059,kha,0.519157696
2006,State Forest Management Centre,protected,black alder,5,,kha,0.0
2006,State Forest Management Centre,protected,black alder,5A-5B,,kha,0.0
2006,State Forest Management Centre,protected,black alder,all,3.830315203,kha,0.339291
2006,State Forest Management Centre,protected,grey alder,1,,kha,0.0
2006,State Forest Management Centre,protected,grey alder,1A,,kha,0.0
2006,State Forest Management Centre,protected,grey alder,2,0.300571074,kha,0.76094755
2006,State Forest Management Centre,protected,grey alder,3,,kha,0.0
2006,State Forest Management Centre,protected,grey alder,4,,kha,0.0
2006,State Forest Management Centre,protected,grey alder,5,,kha,0.0
2006,State Forest Management Centre,protected,grey alder,5A-5B,,kha,0.0
2006,State Forest Management Centre,protected,grey alder,all,0.300571074,kha,0.76094755
2006,State Forest Management Centre,protected,pine,1,5.760466756,kha,0.266994746
2006,State Forest Management Centre,protected,pine,1A,0.419411252,kha,0.706939853
2006,State Forest Management Centre,protected,pine,2,18.162163898,kha,0.164458992
2006,State Forest Management Centre,protected,pine,3,21.781284565,kha,0.166728283
2006,State Forest Management Centre,protected,pine,4,14.768602603,kha,0.161953384
2006,State Forest Management Centre,protected,pine,5,11.894167586,kha,0.168321347
2006,State Forest Management Centre,protected,pine,5A-5B,15.245494167,kha,0.148383766
2006,State Forest Management Centre,protected,pine,all,88.031590827,kha,0.099621569
2006,State Forest Management Centre,protected,spruce,1,3.56222753,kha,0.293074908
2006,State Forest Management Centre,protected,spruce,1A,1.584451829,kha,0.383898858
2006,State Forest Management Centre,protected,spruce,2,3.952405818,kha,0.318594595
2006,State Forest Management Centre,protected,spruce,3,3.229634407,kha,0.373149675
2006,State Forest Management Centre,protected,spruce,4,1.467939383,kha,0.439602675
2006,State Forest Management Centre,protected,spruce,5,0.378413802,kha,0.999538244
2006,State Forest Management Centre,protected,spruce,5A-5B,0.182947188,kha,0.99997241
2006,State Forest Management Centre,protected,spruce,all,14.358019958,kha,0.196873021
2006,all,production,aspen,1,53.735598759,kha,0.073230864
2006,all,production,aspen,1A,17.521680975,kha,0.14052625
2006,all,production,aspen,2,29.844004537,kha,0.099611611
2006,all,production,aspen,3,5.194513212,kha,0.216451703
2006,all,production,aspen,4,0.127165492,kha,0.999586493
2006,all,production,aspen,5,,kha,0.0
2006,all,production,aspen,5A-5B,,kha,0.0
2006,all,production,aspen,all,106.422962974,kha,0.056211034
2006,all,production,birch,1,146.42206731,kha,0.048241971
2006,all,production,birch,1A,28.653002404,kha,0.104582787
2006,all,production,birch,2,230.929030826,kha,0.040484947
2006,all,production,birch,3,124.639587424,kha,0.055545436
2006,all,production,birch,4,40.010197763,kha,0.093443891
2006,all,production,birch,5,9.735478841,kha,0.172619647
2006,all,production,birch,5A-5B,2.935878766,kha,0.271882525
2006,all,production,birch,all,583.325243334,kha,0.028645162
2006,all,production,black alder,1,8.467095332,kha,0.165280937
2006,all,production,black alder,1A,0.458668145,kha,0.651843922
2006,all,production,black alder,2,31.888382745,kha,0.097371969
2006,all,production,black alder,3,11.80265205,kha,0.148943874
2006,all,production,black alder,4,1.447870555,kha,0.377405131
2006,all,production,black alder,5,,kha,0.0
2006,all,production,black alder,5A-5B,,kha,0.0
2006,all,production,black alder,all,54.064668827,kha,0.082869308
2006,all,production,grey alder,1,84.56192736,kha,0.065659123
2006,all,production,grey alder,1A,11.954436983,kha,0.141873372
2006,all,production,grey alder,2,82.261058201,kha,0.062359163
2006,all,production,grey alder,3,12.226739738,kha,0.154883689
2006,all,production,grey alder,4,0.629116878,kha,0.623591095
2006,all,production,grey alder,5,0.209705626,kha,0.999779468
2006,all,production,grey alder,5A-5B,,kha,0.0
2006,all,production,grey alder,all,191.842984786,kha,0.04778909
2006,all,production,other,1,7.564962698,kha,0.178645308
2006,all,production,other,1A,3.2931123,kha,0.265432817
2006,all,production,other,2,12.569797172,kha,0.153590381
2006,all,production,other,3,7.799266795,kha,0.196426879
2006,all,production,other,4,3.30802237,kha,0.269856011
2006,all,production,other,5,0.419411252,kha,0.706760747
2006,all,production,other,5A-5B,,kha,0.0
2006,all,production,other,all,34.954572587,kha,0.100795373
2006,all,production,pine,1,109.347622489,kha,0.061925854
2006,all,production,pine,1A,20.867492299,kha,0.112944372
2006,all,production,pine,2,199.815237752,kha,0.051184195
2006,all,production,pine,3,140.63496794,kha,0.059143349
2006,all,production,pine,4,63.029081051,kha,0.079552947
2006,all,production,pine,5,36.509288158,kha,0.105575964
2006,all,production,pine,5A-5B,28.190328881,kha,0.12838072
2006,all,production,pine,all,598.39401857,kha,0.036387364
2006,all,production,spruce,1,137.72989493,kha,0.048503772
2006,all,production,spruce,1A,60.092342492,kha,0.068517207
2006,all,production,spruce,2,92.033151644,kha,0.056868133
2006,all,production,spruce,3,32.250670185,kha,0.096659784
2006,all,production,spruce,4,7.159161341,kha,0.207477431
2006,all,production,spruce,5,0.419411252,kha,0.707442806
2006,all,production,spruce,5A-5B,0.209705626,kha,1.224131512
2006,all,production,spruce,all,329.894337471,kha,0.036406331
2006,all,protected,aspen,1,2.617818243,kha,0.290076212
2006,all,protected,aspen,1A,0.629116878,kha,0.57694035
2006,all,protected,aspen,2,1.887350635,kha,0.400567989
2006,all,protected,aspen,3,0.209705626,kha,1.000273796
2006,all,protected,aspen,4,,kha,0.0
2006,all,protected,aspen,5,,kha,0.0
2006,all,protected,aspen,5A-5B,,kha,0.0
2006,all,protected,aspen,all,5.343991383,kha,0.248152833
2006,all,protected,birch,1,8.259717438,kha,0.206760665
2006,all,protected,birch,1A,1.887350635,kha,0.430161485
2006,all,protected,birch,2,17.712471153,kha,0.17384458
2006,all,protected,birch,3,16.954846667,kha,0.177634194
2006,all,protected,birch,4,5.796053801,kha,0.253156214
2006,all,protected,birch,5,3.984406897,kha,0.358819088
2006,all,protected,birch,5A-5B,1.258233757,kha,0.485640744
2006,all,protected,birch,all,55.853080348,kha,0.124130852
2006,all,protected,black alder,1,1.258233757,kha,0.471055985
2006,all,protected,black alder,1A,,kha,0.0
2006,all,protected,black alder,2,3.946827648,kha,0.306695162
2006,all,protected,black alder,3,2.306761888,kha,0.380875514
2006,all,protected,black alder,4,0.932015685,kha,0.5602499
2006,all,protected,black alder,5,0.209705626,kha,1.000261742
2006,all,protected,black alder,5A-5B,,kha,0.0
2006,all,protected,black alder,all,8.653544604,kha,0.260645544
2006,all,protected,grey alder,1,3.074892626,kha,0.276631604
2006,all,protected,grey alder,1A,,kha,0.0
2006,all,protected,grey alder,2,1.558804831,kha,0.408124886
2006,all,protected,grey alder,3,,kha,0.0
2006,all,protected,grey alder,4,,kha,0.0
2006,all,protected,grey alder,5,,kha,0.0
2006,all,protected,grey alder,5A-5B,,kha,0.0
2006,all,protected,grey alder,all,4.633697456,kha,0.224894695
2006,all,protected,pine,1,6.389583635,kha,0.247215847
2006,all,protected,pine,1A,0.629116878,kha,0.577010008
2006,all,protected,pine,2,22.565982047,kha,0.147785504
2006,all,protected,pine,3,26.989135055,kha,0.151601387
2006,all,protected,pine,4,18.579499065,kha,0.140766272
2006,all,protected,pine,5,16.507691361,kha,0.154850688
2006,all,protected,pine,5A-5B,20.874056085,kha,0.130006546
2006,all,protected,pine,all,112.535064124,kha,0.08807785
2006,all,protected,spruce,1,6.009785775,kha,0.218188266
2006,all,protected,spruce,1A,2.423274333,kha,0.304674355
2006,all,protected,spruce,2,8.663799209,kha,0.222120317
2006,all,protected,spruce,3,4.907279416,kha,0.289986428
2006,all,protected,spruce,4,1.887350635,kha,0.376003844
2006,all,protected,spruce,5,0.588119429,kha,0.735231312
2006,all,protected,spruce,5A-5B,0.182947188,kha,0.99997241
2006,all,protected,spruce,all,24.662555985,kha,0.151367327
2006,other,production,aspen,1,34.047595754,kha,0.08904416
2006,other,production,aspen,1A,9.177787699,kha,0.203061818
2006,other,production,aspen,2,25.985798486,kha,0.108703614
2006,other,production,aspen,3,4.77510196,kha,0.227367395
2006,other,production,aspen,4,,kha,0.0
2006,other,production,aspen,5,,kha,0.0
2006,other,production,aspen,5A-5B,,kha,0.0
2006,other,production,aspen,all,73.986283899,kha,0.069260113
2006,other,production,birch,1,86.271007243,kha,0.054745174
2006,other,production,birch,1A,16.16213843,kha,0.132351462
2006,other,production,birch,2,157.702531381,kha,0.050769547
2006,other,production,birch,3,98.156576898,kha,0.066455508
2006,other,production,birch,4,32.355942409,kha,0.106170786
2006,other,production,birch,5,8.390909278,kha,0.173269394
2006,other,production,birch,5A-5B,1.677645009,kha,0.364623404
2006,other,production,birch,all,400.716750647,kha,0.036799944
2006,other,production,black alder,1,4.355900413,kha,0.230712324
2006,other,production,black alder,1A,0.039256893,kha,0.999441738
2006,other,production,black alder,2,23.066276759,kha,0.109218655
2006,other,production,black alder,3,8.497649441,kha,0.17422855
2006,other,production,black alder,4,0.838822505,kha,0.499492412
2006,other,production,black alder,5,,kha,0.0
2006,other,production,black alder,5A-5B,,kha,0.0
2006,other,production,black alder,all,36.797906012,kha,0.097616997
2006,other,production,grey alder,1,77.355204783,kha,0.06915351
2006,other,production,grey alder,1A,10.276791973,kha,0.153207999
2006,other,production,grey alder,2,77.907191932,kha,0.062710792
2006,other,production,grey alder,3,11.702475673,kha,0.159963825
2006,other,production,grey alder,4,0.629116878,kha,0.623591095
2006,other,production,grey alder,5,0.209705626,kha,0.999779468
2006,other,production,grey alder,5A-5B,,kha,0.0
2006,other,production,grey alder,all,178.080486866,kha,0.049781855
2006,other,production,other,1,6.93584582,kha,0.188023252
2006,other,production,other,1A,3.083406674,kha,0.2753013
2006,other,production,other,2,11.92675584,kha,0.159452827
2006,other,production,other,3,7.589561168,kha,0.200078933
2006,other,production,other,4,3.30802237,kha,0.269856011
2006,other,production,other,5,0.419411252,kha,0.706760747
2006,other,production,other,5A-5B,,kha,0.0
2006,other,production,other,all,33.263003125,kha,0.104448645
2006,other,production,pine,1,56.773562223,kha,0.075974436
2006,other,production,pine,1A,11.942106292,kha,0.144908264
2006,other,production,pine,2,104.237746468,kha,0.06653566
2006,other,production,pine,3,82.803755391,kha,0.07612289
2006,other,production,pine,4,36.610911505,kha,0.102020626
2006,other,production,pine,5,20.638913166,kha,0.138620483
2006,other,production,pine,5A-5B,10.694986933,kha,0.174466092
2006,other,production,pine,all,323.701981978,kha,0.047979612
2006,other,production,spruce,1,80.140577821,kha,0.058791462
2006,other,production,spruce,1A,30.878566273,kha,0.090524118
2006,other,production,spruce,2,63.469064425,kha,0.069548811
2006,other,production,spruce,3,23.287159695,kha,0.114491925
2006,other,production,spruce,4,4.709086629,kha,0.264506862
2006,other,production,spruce,5,0.419411252,kha,0.707442806
2006,other,production,spruce,5A-5B,0.209705626,kha,1.224131512
2006,other,production,spruce,all,203.113571722,kha,0.044632193
2006,other,protected,aspen,1,1.048528131,kha,0.447025611
2006,other,protected,aspen,1A,0.209705626,kha,1.000261742
2006,other,protected,aspen,2,1.677645009,kha,0.433025547
2006,other,protected,aspen,3,0.209705626,kha,1.000273796
2006,other,protected,aspen,4,,kha,0.0
2006,other,protected,aspen,5,,kha,0.0
2006,other,protected,aspen,5A-5B,,kha,0.0
2006,other,protected,aspen,all,3.145584392,kha,0.346440924
2006,other,protected,birch,1,3.355290018,kha,0.355880265
2006,other,protected,birch,1A,,kha,0.0
2006,other,protected,birch,2,6.598072968,kha,0.278854929
2006,other,protected,birch,3,9.338883561,kha,0.26833611
2006,other,protected,birch,4,2.72617314,kha,0.297623558
2006,other,protected,birch,5,0.629116878,kha,0.577566959
2006,other,protected,birch,5A-5B,0.629116878,kha,0.744887456
2006,other,protected,birch,all,23.276653443,kha,0.193455033
2006,other,protected,black alder,1,0.419411252,kha,0.707476895
2006,other,protected,black alder,1A,,kha,0.0
2006,other,protected,black alder,2,2.306761888,kha,0.352539969
2006,other,protected,black alder,3,1.677645009,kha,0.468295508
2006,other,protected,black alder,4,0.209705626,kha,1.000261742
2006,other,protected,black alder,5,0.209705626,kha,1.000261742
2006,other,protected,black alder,5A-5B,,kha,0.0
2006,other,protected,black alder,all,4.823229401,kha,0.351152079
2006,other,protected,grey alder,1,3.074892626,kha,0.276631604
2006,other,protected,grey alder,1A,,kha,0.0
2006,other,protected,grey alder,2,1.258233757,kha,0.47155484
2006,other,protected,grey alder,3,,kha,0.0
2006,other,protected,grey alder,4,,kha,0.0
2006,other,protected,grey alder,5,,kha,0.0
2006,other,protected,grey alder,5A-5B,,kha,0.0
2006,other,protected,grey alder,all,4.333126382,kha,0.234488229
2006,other,protected,pine,1,0.629116878,kha,0.577016971
2006,other,protected,pine,1A,0.209705626,kha,0.999646807
2006,other,protected,pine,2,4.403818149,kha,0.290588064
2006,other,protected,pine,3,5.20785049,kha,0.237830042
2006,other,protected,pine,4,3.810896462,kha,0.26063776
2006,other,protected,pine,5,4.613523775,kha,0.285450254
2006,other,protected,pine,5A-5B,5.628561917,kha,0.237881281
2006,other,protected,pine,all,24.503473297,kha,0.158575537
2006,other,protected,spruce,1,2.447558245,kha,0.319700926
2006,other,protected,spruce,1A,0.838822505,kha,0.499682503
2006,other,protected,spruce,2,4.711393391,kha,0.281919212
2006,other,protected,spruce,3,1.677645009,kha,0.408815178
2006,other,protected,spruce,4,0.419411252,kha,0.706760749
2006,other,protected,spruce,5,0.209705626,kha,1.000020634
2006,other,protected,spruce,5A-5B,,kha,0.0
2006,other,protected,spruce,all,10.304536028,kha,0.205633078
2007,State Forest Management Centre,production,aspen,1,17.17479307,kha,0.128430734
2007,State Forest Management Centre,production,aspen,1A,8.751976426,kha,0.179707262
2007,State Forest Management Centre,production,aspen,2,4.579630678,kha,0.220218098
2007,State Forest Management Centre,production,aspen,3,0.417001054,kha,0.706895948
2007,State Forest Management Centre,production,aspen,4,0.12643472,kha,0.999767014
2007,State Forest Management Centre,production,aspen,5,,kha,0.0
2007,State Forest Management Centre,production,aspen,5A-5B,,kha,0.0
2007,State Forest Management Centre,production,aspen,all,31.049835947,kha,0.104004879
2007,State Forest Management Centre,production,birch,1,59.203599573,kha,0.086199358
2007,State Forest Management Centre,production,birch,1A,12.252304125,kha,0.146825988
2007,State Forest Management Centre,production,birch,2,67.010046959,kha,0.077771781
2007,State Forest Management Centre,production,birch,3,24.467495157,kha,0.113191412
2007,State Forest Management Centre,production,birch,4,8.652771875,kha,0.297566974
2007,State Forest Management Centre,production,birch,5,1.33684283,kha,0.497903335
2007,State Forest Management Centre,production,birch,5A-5B,1.251003163,kha,0.407880587
2007,State Forest Management Centre,production,birch,all,174.174063682,kha,0.061541348
2007,State Forest Management Centre,production,black alder,1,3.801756911,kha,0.267158278
2007,State Forest Management Centre,production,black alder,1A,0.417001054,kha,0.706370137
2007,State Forest Management Centre,production,black alder,2,7.937406567,kha,0.202176185
2007,State Forest Management Centre,production,black alder,3,2.737820422,kha,0.308015134
2007,State Forest Management Centre,production,black alder,4,0.605548081,kha,0.576695138
2007,State Forest Management Centre,production,black alder,5,,kha,0.0
2007,State Forest Management Centre,production,black alder,5A-5B,,kha,0.0
2007,State Forest Management Centre,production,black alder,all,15.499533035,kha,0.161103386
2007,State Forest Management Centre,production,grey alder,1,7.419929108,kha,0.172581279
2007,State Forest Management Centre,production,grey alder,1A,1.6218839,kha,0.365789576
2007,State Forest Management Centre,production,grey alder,2,3.648613274,kha,0.25819487
2007,State Forest Management Centre,production,grey alder,3,0.521251318,kha,0.599803476
2007,State Forest Management Centre,production,grey alder,4,,kha,0.0
2007,State Forest Management Centre,production,grey alder,5,,kha,0.0
2007,State Forest Management Centre,production,grey alder,5A-5B,,kha,0.0
2007,State Forest Management Centre,production,grey alder,all,13.211677601,kha,0.147792901
2007,State Forest Management Centre,production,other,1,0.625501581,kha,0.576586433
2007,State Forest Management Centre,production,other,1A,0.208500527,kha,0.999767014
2007,State Forest Management Centre,production,other,2,0.74359628,kha,0.470637569
2007,State Forest Management Centre,production,other,3,0.208500527,kha,0.999335336
2007,State Forest Management Centre,production,other,4,,kha,0.0
2007,State Forest Management Centre,production,other,5,,kha,0.0
2007,State Forest Management Centre,production,other,5A-5B,,kha,0.0
2007,State Forest Management Centre,production,other,all,1.786098915,kha,0.325487177
2007,State Forest Management Centre,production,pine,1,60.854756948,kha,0.090864277
2007,State Forest Management Centre,production,pine,1A,10.6997675,kha,0.168890999
2007,State Forest Management Centre,production,pine,2,95.558835683,kha,0.075637979
2007,State Forest Management Centre,production,pine,3,55.556716854,kha,0.099943212
2007,State Forest Management Centre,production,pine,4,27.467484141,kha,0.116342547
2007,State Forest Management Centre,production,pine,5,14.883351427,kha,0.142676115
2007,State Forest Management Centre,production,pine,5A-5B,16.769301245,kha,0.183748737
2007,State Forest Management Centre,production,pine,all,281.790213797,kha,0.05685053
2007,State Forest Management Centre,production,spruce,1,52.575868218,kha,0.087424859
2007,State Forest Management Centre,production,spruce,1A,31.202708534,kha,0.104938155
2007,State Forest Management Centre,production,spruce,2,28.667175324,kha,0.098975632
2007,State Forest Management Centre,production,spruce,3,8.286498999,kha,0.172749159
2007,State Forest Management Centre,production,spruce,4,2.644495586,kha,0.306151268
2007,State Forest Management Centre,production,spruce,5,,kha,0.0
2007,State Forest Management Centre,production,spruce,5A-5B,,kha,0.0
2007,State Forest Management Centre,production,spruce,all,123.37674666,kha,0.068245974
2007,State Forest Management Centre,protected,aspen,1,1.671465326,kha,0.42966565
2007,State Forest Management Centre,protected,aspen,1A,1.251003163,kha,0.471266279
2007,State Forest Management Centre,protected,aspen,2,0.208500527,kha,1.000150571
2007,State Forest Management Centre,protected,aspen,3,,kha,0.0
2007,State Forest Management Centre,protected,aspen,4,,kha,0.0
2007,State Forest Management Centre,protected,aspen,5,,kha,0.0
2007,State Forest Management Centre,protected,aspen,5A-5B,,kha,0.0
2007,State Forest Management Centre,protected,aspen,all,3.130969015,kha,0.324817065
2007,State Forest Management Centre,protected,birch,1,5.829111787,kha,0.265486828
2007,State Forest Management Centre,protected,birch,1A,2.085005271,kha,0.387086711
2007,State Forest Management Centre,protected,birch,2,11.259028464,kha,0.223179764
2007,State Forest Management Centre,protected,birch,3,8.614699679,kha,0.204365906
2007,State Forest Management Centre,protected,birch,4,3.886241325,kha,0.316223395
2007,State Forest Management Centre,protected,birch,5,3.336008434,kha,0.39251837
2007,State Forest Management Centre,protected,birch,5A-5B,1.251003163,kha,0.485482374
2007,State Forest Management Centre,protected,birch,all,36.261098122,kha,0.150851424
2007,State Forest Management Centre,protected,black alder,1,0.834002108,kha,0.611443281
2007,State Forest Management Centre,protected,black alder,1A,0.208500527,kha,1.000342295
2007,State Forest Management Centre,protected,black alder,2,1.83914145,kha,0.457325346
2007,State Forest Management Centre,protected,black alder,3,0.625501581,kha,0.577057419
2007,State Forest Management Centre,protected,black alder,4,0.718159216,kha,0.518985152
2007,State Forest Management Centre,protected,black alder,5,,kha,0.0
2007,State Forest Management Centre,protected,black alder,5A-5B,,kha,0.0
2007,State Forest Management Centre,protected,black alder,all,4.225304882,kha,0.313276457
2007,State Forest Management Centre,protected,grey alder,1,,kha,0.0
2007,State Forest Management Centre,protected,grey alder,1A,,kha,0.0
2007,State Forest Management Centre,protected,grey alder,2,0.507344333,kha,0.621391076
2007,State Forest Management Centre,protected,grey alder,3,,kha,0.0
2007,State Forest Management Centre,protected,grey alder,4,,kha,0.0
2007,State Forest Management Centre,protected,grey alder,5,,kha,0.0
2007,State Forest Management Centre,protected,grey alder,5A-5B,,kha,0.0
2007,State Forest Management Centre,protected,grey alder,all,0.507344333,kha,0.621391076
2007,State Forest Management Centre,protected,pine,1,5.518863002,kha,0.275615367
2007,State Forest Management Centre,protected,pine,1A,0.417001054,kha,0.706921381
2007,State Forest Management Centre,protected,pine,2,17.640791748,kha,0.162195995
2007,State Forest Management Centre,protected,pine,3,21.255127535,kha,0.153266804
2007,State Forest Management Centre,protected,pine,4,14.017844889,kha,0.163778777
2007,State Forest Management Centre,protected,pine,5,11.982608693,kha,0.172469824
2007,State Forest Management Centre,protected,pine,5A-5B,16.244693068,kha,0.150755969
2007,State Forest Management Centre,protected,pine,all,87.07692999,kha,0.098279923
2007,State Forest Management Centre,protected,spruce,1,2.916255173,kha,0.2854075
2007,State Forest Management Centre,protected,spruce,1A,1.652199877,kha,0.384597214
2007,State Forest Management Centre,protected,spruce,2,3.929692835,kha,0.329942402
2007,State Forest Management Centre,protected,spruce,3,3.211074918,kha,0.372953664
2007,State Forest Management Centre,protected,spruce,4,1.45950369,kha,0.43966908
2007,State Forest Management Centre,protected,spruce,5,0.376239201,kha,0.99957518
2007,State Forest Management Centre,protected,spruce,5A-5B,0.18189586,kha,0.999767019
2007,State Forest Management Centre,protected,spruce,all,13.726861553,kha,0.201492754
2007,all,production,aspen,1,50.738686673,kha,0.075296709
2007,all,production,aspen,1A,19.078152682,kha,0.133385158
2007,all,production,aspen,2,27.848081003,kha,0.100651771
2007,all,production,aspen,3,5.337446694,kha,0.211616269
2007,all,production,aspen,4,0.12643472,kha,0.999767014
2007,all,production,aspen,5,,kha,0.0
2007,all,production,aspen,5A-5B,,kha,0.0
2007,all,production,aspen,all,103.128801771,kha,0.058208111
2007,all,production,birch,1,149.832252643,kha,0.047086798
2007,all,production,birch,1A,29.170578996,kha,0.104644756
2007,all,production,birch,2,223.775025528,kha,0.041083584
2007,all,production,birch,3,119.346577422,kha,0.054455584
2007,all,production,birch,4,41.370320139,kha,0.101098791
2007,all,production,birch,5,10.305034302,kha,0.162406233
2007,all,production,birch,5A-5B,3.127507907,kha,0.266456712
2007,all,production,birch,all,576.927296937,kha,0.028483024
2007,all,production,black alder,1,9.673444506,kha,0.153746021
2007,all,production,black alder,1A,0.66453288,kha,0.546081761
2007,all,production,black alder,2,32.154158989,kha,0.103384131
2007,all,production,black alder,3,11.603638135,kha,0.146232816
2007,all,production,black alder,4,1.648050716,kha,0.35260776
2007,all,production,black alder,5,,kha,0.0
2007,all,production,black alder,5A-5B,,kha,0.0
2007,all,production,black alder,all,55.743825227,kha,0.087875486
2007,all,production,grey alder,1,80.358104754,kha,0.065708276
2007,all,production,grey alder,1A,12.023245446,kha,0.139184833
2007,all,production,grey alder,2,77.33053115,kha,0.06158704
2007,all,production,grey alder,3,10.824492516,kha,0.159688546
2007,all,production,grey alder,4,0.417001054,kha,0.829135433
2007,all,production,grey alder,5,0.208500527,kha,0.999767014
2007,all,production,grey alder,5A-5B,,kha,0.0
2007,all,production,grey alder,all,181.161875448,kha,0.048405441
2007,all,production,other,1,9.189493932,kha,0.168650335
2007,all,production,other,1A,3.482688555,kha,0.256570047
2007,all,production,other,2,11.621673431,kha,0.159705223
2007,all,production,other,3,7.3374463,kha,0.204738939
2007,all,production,other,4,3.336008434,kha,0.284003673
2007,all,production,other,5,0.417001054,kha,0.706912902
2007,all,production,other,5A-5B,,kha,0.0
2007,all,production,other,all,35.384311706,kha,0.099780981
2007,all,production,pine,1,121.76282748,kha,0.060779327
2007,all,production,pine,1A,24.917063993,kha,0.112656219
2007,all,production,pine,2,199.044298456,kha,0.05134014
2007,all,production,pine,3,142.286243266,kha,0.059804535
2007,all,production,pine,4,66.326686481,kha,0.075259959
2007,all,production,pine,5,36.840291736,kha,0.102441263
2007,all,production,pine,5A-5B,28.547266671,kha,0.130325008
2007,all,production,pine,all,619.724678084,kha,0.035765618
2007,all,production,spruce,1,134.79225477,kha,0.049760398
2007,all,production,spruce,1A,62.708535134,kha,0.067506867
2007,all,production,spruce,2,87.774635304,kha,0.058635631
2007,all,production,spruce,3,29.420946429,kha,0.101681276
2007,all,production,spruce,4,6.706461155,kha,0.213826402
2007,all,production,spruce,5,0.417001054,kha,0.707218027
2007,all,production,spruce,5A-5B,0.208500527,kha,1.224123909
2007,all,production,spruce,all,322.028334374,kha,0.037135091
2007,all,protected,aspen,1,2.713967961,kha,0.315295186
2007,all,protected,aspen,1A,1.668004217,kha,0.432876043
2007,all,protected,aspen,2,2.085005271,kha,0.374190195
2007,all,protected,aspen,3,0.208500527,kha,1.00025842
2007,all,protected,aspen,4,,kha,0.0
2007,all,protected,aspen,5,,kha,0.0
2007,all,protected,aspen,5A-5B,,kha,0.0
2007,all,protected,aspen,all,6.675477976,kha,0.235225444
2007,all,protected,birch,1,9.582121275,kha,0.200547486
2007,all,protected,birch,1A,2.085005271,kha,0.387086711
2007,all,protected,birch,2,18.377632611,kha,0.168667022
2007,all,protected,birch,3,17.274414622,kha,0.175631789
2007,all,protected,birch,4,6.805248704,kha,0.22897287
2007,all,protected,birch,5,4.587011596,kha,0.326058071
2007,all,protected,birch,5A-5B,1.668004217,kha,0.441292093
2007,all,protected,birch,all,60.379438296,kha,0.119078847
2007,all,protected,black alder,1,1.251003163,kha,0.470910083
2007,all,protected,black alder,1A,0.208500527,kha,1.000342295
2007,all,protected,black alder,2,4.341147775,kha,0.285243183
2007,all,protected,black alder,3,2.710506852,kha,0.356761186
2007,all,protected,black alder,4,1.13516027,kha,0.492555096
2007,all,protected,black alder,5,0.208500527,kha,0.999767014
2007,all,protected,black alder,5A-5B,,kha,0.0
2007,all,protected,black alder,all,9.854819114,kha,0.238687732
2007,all,protected,grey alder,1,3.474223433,kha,0.260873967
2007,all,protected,grey alder,1A,,kha,0.0
2007,all,protected,grey alder,2,1.132845914,kha,0.42363574
2007,all,protected,grey alder,3,,kha,0.0
2007,all,protected,grey alder,4,,kha,0.0
2007,all,protected,grey alder,5,,kha,0.0
2007,all,protected,grey alder,5A-5B,,kha,0.0
2007,all,protected,grey alder,all,4.607069347,kha,0.218124258
2007,all,protected,pine,1,6.561365638,kha,0.248606374
2007,all,protected,pine,1A,0.625501581,kha,0.576752708
2007,all,protected,pine,2,22.853304926,kha,0.141553703
2007,all,protected,pine,3,26.970439734,kha,0.130185455
2007,all,protected,pine,4,17.806841568,kha,0.137617643
2007,all,protected,pine,5,17.820623453,kha,0.153692285
2007,all,protected,pine,5A-5B,21.632409239,kha,0.132471947
2007,all,protected,pine,all,114.270486139,kha,0.084786545
2007,all,protected,spruce,1,5.558248752,kha,0.209698696
2007,all,protected,spruce,1A,2.486201985,kha,0.305618461
2007,all,protected,spruce,2,7.988510046,kha,0.225425049
2007,all,protected,spruce,3,4.670578608,kha,0.299715113
2007,all,protected,spruce,4,1.668004217,kha,0.404300319
2007,all,protected,spruce,5,0.584739728,kha,0.735163884
2007,all,protected,spruce,5A-5B,0.18189586,kha,0.999767019
2007,all,protected,spruce,all,23.138179196,kha,0.151725334
2007,other,production,aspen,1,33.563893603,kha,0.08956949
2007,other,production,aspen,1A,10.326176256,kha,0.188219507
2007,other,production,aspen,2,23.268450325,kha,0.112724294
2007,other,production,aspen,3,4.920445639,kha,0.221730455
2007,other,production,aspen,4,,kha,0.0
2007,other,production,aspen,5,,kha,0.0
2007,other,production,aspen,5A-5B,,kha,0.0
2007,other,production,aspen,all,72.078965824,kha,0.069807417
2007,other,production,birch,1,90.628653069,kha,0.052294363
2007,other,production,birch,1A,16.918274871,kha,0.139533416
2007,other,production,birch,2,156.764978569,kha,0.05082412
2007,other,production,birch,3,94.879082265,kha,0.064515363
2007,other,production,birch,4,32.717548264,kha,0.111112619
2007,other,production,birch,5,8.968191473,kha,0.167978171
2007,other,production,birch,5A-5B,1.876504744,kha,0.351383409
2007,other,production,birch,all,402.753233255,kha,0.035968472
2007,other,production,black alder,1,5.871687594,kha,0.187944338
2007,other,production,black alder,1A,0.247531826,kha,0.857078815
2007,other,production,black alder,2,24.216752423,kha,0.115185358
2007,other,production,black alder,3,8.865817714,kha,0.160666041
2007,other,production,black alder,4,1.042502636,kha,0.446767504
2007,other,production,black alder,5,,kha,0.0
2007,other,production,black alder,5A-5B,,kha,0.0
2007,other,production,black alder,all,40.244292192,kha,0.10173111
2007,other,production,grey alder,1,72.938175646,kha,0.069908419
2007,other,production,grey alder,1A,10.401361546,kha,0.149560411
2007,other,production,grey alder,2,73.681917876,kha,0.061765438
2007,other,production,grey alder,3,10.303241198,kha,0.165410384
2007,other,production,grey alder,4,0.417001054,kha,0.829135433
2007,other,production,grey alder,5,0.208500527,kha,0.999767014
2007,other,production,grey alder,5A-5B,,kha,0.0
2007,other,production,grey alder,all,167.950197847,kha,0.050311336
2007,other,production,other,1,8.563992351,kha,0.176269626
2007,other,production,other,1A,3.274188028,kha,0.265489563
2007,other,production,other,2,10.878077151,kha,0.167719006
2007,other,production,other,3,7.128945773,kha,0.20881686
2007,other,production,other,4,3.336008434,kha,0.284003673
2007,other,production,other,5,0.417001054,kha,0.706912902
2007,other,production,other,5A-5B,,kha,0.0
2007,other,production,other,all,33.59821279,kha,0.10376325
2007,other,production,pine,1,60.908070532,kha,0.07523846
2007,other,production,pine,1A,14.217296493,kha,0.139101531
2007,other,production,pine,2,103.485462773,kha,0.068381142
2007,other,production,pine,3,86.729526412,kha,0.07666856
2007,other,production,pine,4,38.85920234,kha,0.095121982
2007,other,production,pine,5,21.95694031,kha,0.131302783
2007,other,production,pine,5A-5B,11.777965426,kha,0.180093995
2007,other,production,pine,all,337.934464286,kha,0.047539252
2007,other,production,spruce,1,82.216386552,kha,0.06035164
2007,other,production,spruce,1A,31.5058266,kha,0.088930703
2007,other,production,spruce,2,59.10745998,kha,0.075213102
2007,other,production,spruce,3,21.13444743,kha,0.122380905
2007,other,production,spruce,4,4.061965569,kha,0.286296087
2007,other,production,spruce,5,0.417001054,kha,0.707218027
2007,other,production,spruce,5A-5B,0.208500527,kha,1.224123909
2007,other,production,spruce,all,198.651587714,kha,0.04631292
2007,other,protected,aspen,1,1.042502636,kha,0.447250135
2007,other,protected,aspen,1A,0.417001054,kha,0.70704853
2007,other,protected,aspen,2,1.876504744,kha,0.400600425
2007,other,protected,aspen,3,0.208500527,kha,1.00025842
2007,other,protected,aspen,4,,kha,0.0
2007,other,protected,aspen,5,,kha,0.0
2007,other,protected,aspen,5A-5B,,kha,0.0
2007,other,protected,aspen,all,3.544508961,kha,0.327551239
2007,other,protected,birch,1,3.753009488,kha,0.306629194
2007,other,protected,birch,1A,,kha,0.0
2007,other,protected,birch,2,7.118604147,kha,0.26423192
2007,other,protected,birch,3,8.659714943,kha,0.281268749
2007,other,protected,birch,4,2.91900738,kha,0.289931377
2007,other,protected,birch,5,1.251003163,kha,0.471689968
2007,other,protected,birch,5A-5B,0.417001054,kha,0.99947925
2007,other,protected,birch,all,24.118340174,kha,0.18615834
2007,other,protected,black alder,1,0.417001054,kha,0.707726275
2007,other,protected,black alder,1A,,kha,0.0
2007,other,protected,black alder,2,2.502006325,kha,0.333671047
2007,other,protected,black alder,3,2.085005271,kha,0.424474866
2007,other,protected,black alder,4,0.417001054,kha,0.706912904
2007,other,protected,black alder,5,0.208500527,kha,0.999767014
2007,other,protected,black alder,5A-5B,,kha,0.0
2007,other,protected,black alder,all,5.629514232,kha,0.321052016
2007,other,protected,grey alder,1,3.474223433,kha,0.260873967
2007,other,protected,grey alder,1A,,kha,0.0
2007,other,protected,grey alder,2,0.625501581,kha,0.577673275
2007,other,protected,grey alder,3,,kha,0.0
2007,other,protected,grey alder,4,,kha,0.0
2007,other,protected,grey alder,5,,kha,0.0
2007,other,protected,grey alder,5A-5B,,kha,0.0
2007,other,protected,grey alder,all,4.099725015,kha,0.232555996
2007,other,protected,pine,1,1.042502636,kha,0.529303441
2007,other,protected,pine,1A,0.208500527,kha,0.999227393
2007,other,protected,pine,2,5.212513178,kha,0.2619267
2007,other,protected,pine,3,5.715312199,kha,0.26342409
2007,other,protected,pine,4,3.788996679,kha,0.244818158
2007,other,protected,pine,5,5.838014759,kha,0.251011978
2007,other,protected,pine,5A-5B,5.387716171,kha,0.241745106
2007,other,protected,pine,all,27.193556148,kha,0.160964208
2007,other,protected,spruce,1,2.641993579,kha,0.304966055
2007,other,protected,spruce,1A,0.834002108,kha,0.499896672
2007,other,protected,spruce,2,4.058817211,kha,0.270686051
2007,other,protected,spruce,3,1.45950369,kha,0.445441117
2007,other,protected,spruce,4,0.208500527,kha,0.99957518
2007,other,protected,spruce,5,0.208500527,kha,0.999814967
2007,other,protected,spruce,5A-5B,,kha,0.0
2007,other,protected,spruce,all,9.411317643,kha,0.195839542
2008,State Forest Management Centre,production,aspen,1,17.120583144,kha,0.126156975
2008,State Forest Management Centre,production,aspen,1A,10.275868912,kha,0.168818906
2008,State Forest Management Centre,production,aspen,2,4.867902437,kha,0.251427565
2008,State Forest Management Centre,production,aspen,3,0.544008855,kha,0.590304284
2008,State Forest Management Centre,production,aspen,4,,kha,0.0
2008,State Forest Management Centre,production,aspen,5,,kha,0.0
2008,State Forest Management Centre,production,aspen,5A-5B,,kha,0.0
2008,State Forest Management Centre,production,aspen,all,32.808363347,kha,0.103692801
2008,State Forest Management Centre,production,birch,1,61.262714759,kha,0.0843153
2008,State Forest Management Centre,production,birch,1A,16.144982243,kha,0.141122422
2008,State Forest Management Centre,production,birch,2,60.63732582,kha,0.079699674
2008,State Forest Management Centre,production,birch,3,21.15141241,kha,0.115225431
2008,State Forest Management Centre,production,birch,4,8.24445586,kha,0.312354362
2008,State Forest Management Centre,production,birch,5,1.755693402,kha,0.415365687
2008,State Forest Management Centre,production,birch,5A-5B,1.043602008,kha,0.446480419
2008,State Forest Management Centre,production,birch,all,170.240186501,kha,0.061547444
2008,State Forest Management Centre,production,black alder,1,5.260004583,kha,0.224543878
2008,State Forest Management Centre,production,black alder,1A,0.626161205,kha,0.622958788
2008,State Forest Management Centre,production,black alder,2,8.534535474,kha,0.196302592
2008,State Forest Management Centre,production,black alder,3,1.488385183,kha,0.371412253
2008,State Forest Management Centre,production,black alder,4,0.606186662,kha,0.576505444
2008,State Forest Management Centre,production,black alder,5,0.208720402,kha,1.000362189
2008,State Forest Management Centre,production,black alder,5A-5B,,kha,0.0
2008,State Forest Management Centre,production,black alder,all,16.723993509,kha,0.157815479
2008,State Forest Management Centre,production,grey alder,1,6.944795664,kha,0.176291351
2008,State Forest Management Centre,production,grey alder,1A,1.623594259,kha,0.354352179
2008,State Forest Management Centre,production,grey alder,2,2.618606158,kha,0.280877596
2008,State Forest Management Centre,production,grey alder,3,0.521801004,kha,0.599982925
2008,State Forest Management Centre,production,grey alder,4,,kha,0.0
2008,State Forest Management Centre,production,grey alder,5,,kha,0.0
2008,State Forest Management Centre,production,grey alder,5A-5B,,kha,0.0
2008,State Forest Management Centre,production,grey alder,all,11.708797085,kha,0.153590834
2008,State Forest Management Centre,production,other,1,0.834881606,kha,0.499476443
2008,State Forest Management Centre,production,other,1A,0.208720402,kha,0.999978319
2008,State Forest Management Centre,production,other,2,0.800150531,kha,0.442936449
2008,State Forest Management Centre,production,other,3,,kha,0.0
2008,State Forest Management Centre,production,other,4,,kha,0.0
2008,State Forest Management Centre,production,other,5,,kha,0.0
2008,State Forest Management Centre,production,other,5A-5B,,kha,0.0
2008,State Forest Management Centre,production,other,all,1.843752539,kha,0.317232511
2008,State Forest Management Centre,production,pine,1,64.17242326,kha,0.088609599
2008,State Forest Management Centre,production,pine,1A,11.848222313,kha,0.155563486
2008,State Forest Management Centre,production,pine,2,88.221501005,kha,0.075720571
2008,State Forest Management Centre,production,pine,3,50.410026145,kha,0.108789395
2008,State Forest Management Centre,production,pine,4,24.596113045,kha,0.121126983
2008,State Forest Management Centre,production,pine,5,13.438003867,kha,0.15834876
2008,State Forest Management Centre,production,pine,5A-5B,16.160824122,kha,0.191884726
2008,State Forest Management Centre,production,pine,all,268.847113757,kha,0.05708213
2008,State Forest Management Centre,production,spruce,1,55.722482165,kha,0.085682291
2008,State Forest Management Centre,production,spruce,1A,33.071100589,kha,0.105743947
2008,State Forest Management Centre,production,spruce,2,28.579834117,kha,0.09800314
2008,State Forest Management Centre,production,spruce,3,7.072469934,kha,0.184333854
2008,State Forest Management Centre,production,spruce,4,1.603682333,kha,0.354845784
2008,State Forest Management Centre,production,spruce,5,,kha,0.0
2008,State Forest Management Centre,production,spruce,5A-5B,,kha,0.0
2008,State Forest Management Centre,production,spruce,all,126.049569137,kha,0.066491958
2008,State Forest Management Centre,protected,aspen,1,1.673227971,kha,0.429687684
2008,State Forest Management Centre,protected,aspen,1A,1.669763212,kha,0.399540946
2008,State Forest Management Centre,protected,aspen,2,,kha,0.0
2008,State Forest Management Centre,protected,aspen,3,,kha,0.0
2008,State Forest Management Centre,protected,aspen,4,,kha,0.0
2008,State Forest Management Centre,protected,aspen,5,,kha,0.0
2008,State Forest Management Centre,protected,aspen,5A-5B,,kha,0.0
2008,State Forest Management Centre,protected,aspen,all,3.342991183,kha,0.31520687
2008,State Forest Management Centre,protected,birch,1,4.791656874,kha,0.268752094
2008,State Forest Management Centre,protected,birch,1A,2.295924417,kha,0.36566213
2008,State Forest Management Centre,protected,birch,2,11.200542035,kha,0.214366247
2008,State Forest Management Centre,protected,birch,3,6.666759217,kha,0.214140757
2008,State Forest Management Centre,protected,birch,4,4.026529626,kha,0.342914923
2008,State Forest Management Centre,protected,birch,5,2.922085621,kha,0.431105601
2008,State Forest Management Centre,protected,birch,5A-5B,1.043602008,kha,0.546981501
2008,State Forest Management Centre,protected,birch,all,32.947099798,kha,0.14528696
2008,State Forest Management Centre,protected,black alder,1,0.834881606,kha,0.611317299
2008,State Forest Management Centre,protected,black alder,1A,0.208720402,kha,1.000170274
2008,State Forest Management Centre,protected,black alder,2,1.423640115,kha,0.42201053
2008,State Forest Management Centre,protected,black alder,3,1.252322409,kha,0.707030869
2008,State Forest Management Centre,protected,black alder,4,0.718916551,kha,0.519189668
2008,State Forest Management Centre,protected,black alder,5,,kha,0.0
2008,State Forest Management Centre,protected,black alder,5A-5B,,kha,0.0
2008,State Forest Management Centre,protected,black alder,all,4.438481083,kha,0.30223209
2008,State Forest Management Centre,protected,grey alder,1,,kha,0.0
2008,State Forest Management Centre,protected,grey alder,1A,,kha,0.0
2008,State Forest Management Centre,protected,grey alder,2,0.507879353,kha,0.621363939
2008,State Forest Management Centre,protected,grey alder,3,,kha,0.0
2008,State Forest Management Centre,protected,grey alder,4,,kha,0.0
2008,State Forest Management Centre,protected,grey alder,5,,kha,0.0
2008,State Forest Management Centre,protected,grey alder,5A-5B,,kha,0.0
2008,State Forest Management Centre,protected,grey alder,all,0.507879353,kha,0.621363939
2008,State Forest Management Centre,protected,pine,1,6.456974342,kha,0.255188257
2008,State Forest Management Centre,protected,pine,1A,0.834881606,kha,0.611866596
2008,State Forest Management Centre,protected,pine,2,16.720153054,kha,0.16822422
2008,State Forest Management Centre,protected,pine,3,20.376579664,kha,0.157301026
2008,State Forest Management Centre,protected,pine,4,12.846385889,kha,0.17963407
2008,State Forest Management Centre,protected,pine,5,11.961912316,kha,0.17177305
2008,State Forest Management Centre,protected,pine,5A-5B,13.999232155,kha,0.167233406
2008,State Forest Management Centre,protected,pine,all,83.196119025,kha,0.104745255
2008,State Forest Management Centre,protected,spruce,1,3.336771315,kha,0.282335992
2008,State Forest Management Centre,protected,spruce,1A,2.071383009,kha,0.367022313
2008,State Forest Management Centre,protected,spruce,2,3.005010237,kha,0.284199648
2008,State Forest Management Centre,protected,spruce,3,2.864332686,kha,0.376682825
2008,State Forest Management Centre,protected,spruce,4,1.252322409,kha,0.485151381
2008,State Forest Management Centre,protected,spruce,5,0.376635965,kha,0.999594299
2008,State Forest Management Centre,protected,spruce,5A-5B,,kha,0.0
2008,State Forest Management Centre,protected,spruce,all,12.906455621,kha,0.186183066
2008,all,production,aspen,1,49.526366581,kha,0.077974908
2008,all,production,aspen,1A,24.606716041,kha,0.116897133
2008,all,production,aspen,2,26.749335323,kha,0.106653167
2008,all,production,aspen,3,4.633634658,kha,0.226621632
2008,all,production,aspen,4,,kha,0.0
2008,all,production,aspen,5,,kha,0.0
2008,all,production,aspen,5A-5B,,kha,0.0
2008,all,production,aspen,all,105.516052603,kha,0.057844742
2008,all,production,birch,1,160.270510418,kha,0.045995317
2008,all,production,birch,1A,35.626735801,kha,0.097073826
2008,all,production,birch,2,213.375200434,kha,0.042102556
2008,all,production,birch,3,111.213013347,kha,0.055993093
2008,all,production,birch,4,38.342480434,kha,0.107830455
2008,all,production,birch,5,9.394693121,kha,0.16628485
2008,all,production,birch,5A-5B,2.295924417,kha,0.308020944
2008,all,production,birch,all,570.518557972,kha,0.029079494
2008,all,production,black alder,1,12.259171912,kha,0.141756651
2008,all,production,black alder,1A,1.082674467,kha,0.453091429
2008,all,production,black alder,2,32.463912069,kha,0.104329558
2008,all,production,black alder,3,8.376158434,kha,0.165003938
2008,all,production,black alder,4,1.284799304,kha,0.39292196
2008,all,production,black alder,5,0.208720402,kha,1.000362189
2008,all,production,black alder,5A-5B,,kha,0.0
2008,all,production,black alder,all,55.675436586,kha,0.089111851
2008,all,production,grey alder,1,78.56609523,kha,0.065182412
2008,all,production,grey alder,1A,12.933777121,kha,0.12688075
2008,all,production,grey alder,2,69.545220348,kha,0.063816833
2008,all,production,grey alder,3,9.214943111,kha,0.164189537
2008,all,production,grey alder,4,0.208720402,kha,1.118014597
2008,all,production,grey alder,5,,kha,0.0
2008,all,production,grey alder,5A-5B,,kha,0.0
2008,all,production,grey alder,all,170.468756213,kha,0.048941679
2008,all,production,other,1,8.845695849,kha,0.177206857
2008,all,production,other,1A,3.277640825,kha,0.265980453
2008,all,production,other,2,9.514811712,kha,0.148434832
2008,all,production,other,3,7.096493652,kha,0.219967607
2008,all,production,other,4,3.339526424,kha,0.275083986
2008,all,production,other,5,0.417440803,kha,0.706668755
2008,all,production,other,5A-5B,,kha,0.0
2008,all,production,other,all,32.491609266,kha,0.101016301
2008,all,production,pine,1,130.985827505,kha,0.058767355
2008,all,production,pine,1A,28.323567208,kha,0.100671868
2008,all,production,pine,2,191.442881514,kha,0.051465108
2008,all,production,pine,3,134.484398875,kha,0.063797533
2008,all,production,pine,4,63.295401005,kha,0.078743215
2008,all,production,pine,5,34.49490768,kha,0.105879895
2008,all,production,pine,5A-5B,28.685217047,kha,0.131046186
2008,all,production,pine,all,611.712200834,kha,0.03596056
2008,all,production,spruce,1,140.01676271,kha,0.049711757
2008,all,production,spruce,1A,65.441923358,kha,0.068705586
2008,all,production,spruce,2,82.353827845,kha,0.06152016
2008,all,production,spruce,3,23.63622879,kha,0.109161031
2008,all,production,spruce,4,6.031351699,kha,0.230757769
2008,all,production,spruce,5,0.417440803,kha,0.707347564
2008,all,production,spruce,5A-5B,0.208720402,kha,1.22441364
2008,all,production,spruce,all,318.106255608,kha,0.037725768
2008,all,protected,aspen,1,2.716829979,kha,0.31522254
2008,all,protected,aspen,1A,2.087204015,kha,0.376823452
2008,all,protected,aspen,2,2.087204015,kha,0.346506882
2008,all,protected,aspen,3,0.208720402,kha,1.000374185
2008,all,protected,aspen,4,,kha,0.0
2008,all,protected,aspen,5,,kha,0.0
2008,all,protected,aspen,5A-5B,,kha,0.0
2008,all,protected,aspen,all,7.099958411,kha,0.220650538
2008,all,protected,birch,1,8.757344503,kha,0.205831555
2008,all,protected,birch,1A,2.295924417,kha,0.36566213
2008,all,protected,birch,2,18.535373514,kha,0.158829641
2008,all,protected,birch,3,16.170487876,kha,0.181809675
2008,all,protected,birch,4,6.633217849,kha,0.242037536
2008,all,protected,birch,5,4.174408031,kha,0.348092294
2008,all,protected,birch,5A-5B,1.461042811,kha,0.483500718
2008,all,protected,birch,all,58.027798999,kha,0.115627865
2008,all,protected,black alder,1,1.252322409,kha,0.470815192
2008,all,protected,black alder,1A,0.208720402,kha,1.000170274
2008,all,protected,black alder,2,3.719564532,kha,0.271051537
2008,all,protected,black alder,3,3.339526424,kha,0.37520009
2008,all,protected,black alder,4,1.136357354,kha,0.492849011
2008,all,protected,black alder,5,0.208720402,kha,1.000170274
2008,all,protected,black alder,5A-5B,,kha,0.0
2008,all,protected,black alder,all,9.865211522,kha,0.233274286
2008,all,protected,grey alder,1,3.060446376,kha,0.280012614
2008,all,protected,grey alder,1A,,kha,0.0
2008,all,protected,grey alder,2,1.091482468,kha,0.424575463
2008,all,protected,grey alder,3,,kha,0.0
2008,all,protected,grey alder,4,,kha,0.0
2008,all,protected,grey alder,5,,kha,0.0
2008,all,protected,grey alder,5A-5B,,kha,0.0
2008,all,protected,grey alder,all,4.151928843,kha,0.234704832
2008,all,protected,pine,1,7.709296751,kha,0.22720468
2008,all,protected,pine,1A,1.043602008,kha,0.528396785
2008,all,protected,pine,2,22.491793957,kha,0.143406768
2008,all,protected,pine,3,26.17044929,kha,0.130171922
2008,all,protected,pine,4,17.891700667,kha,0.143408425
2008,all,protected,pine,5,17.806083559,kha,0.148575078
2008,all,protected,pine,5A-5B,20.227511553,kha,0.13933663
2008,all,protected,pine,all,113.340437784,kha,0.086684776
2008,all,protected,spruce,1,6.190271413,kha,0.203855715
2008,all,protected,spruce,1A,2.697544213,kha,0.312027529
2008,all,protected,spruce,2,7.596859071,kha,0.217612993
2008,all,protected,spruce,3,4.159213185,kha,0.305514779
2008,all,protected,spruce,4,1.461042811,kha,0.43946333
2008,all,protected,spruce,5,0.585356366,kha,0.734980481
2008,all,protected,spruce,5A-5B,,kha,0.0
2008,all,protected,spruce,all,22.690287059,kha,0.146750884
2008,other,production,aspen,1,32.405783437,kha,0.093699422
2008,other,production,aspen,1A,14.330847129,kha,0.153694075
2008,other,production,aspen,2,21.881432887,kha,0.119701989
2008,other,production,aspen,3,4.089625803,kha,0.244583374
2008,other,production,aspen,4,,kha,0.0
2008,other,production,aspen,5,,kha,0.0
2008,other,production,aspen,5A-5B,,kha,0.0
2008,other,production,aspen,all,72.707689256,kha,0.069550442
2008,other,production,birch,1,99.007795659,kha,0.054337421
2008,other,production,birch,1A,19.481753558,kha,0.125211414
2008,other,production,birch,2,152.737874615,kha,0.05133758
2008,other,production,birch,3,90.061600937,kha,0.065165917
2008,other,production,birch,4,30.098024573,kha,0.118046213
2008,other,production,birch,5,7.63899972,kha,0.174461267
2008,other,production,birch,5A-5B,1.252322409,kha,0.425206006
2008,other,production,birch,all,400.278371471,kha,0.03627783
2008,other,production,black alder,1,6.999167329,kha,0.186840187
2008,other,production,black alder,1A,0.456513262,kha,0.652319452
2008,other,production,black alder,2,23.929376594,kha,0.117317411
2008,other,production,black alder,3,6.88777325,kha,0.186813059
2008,other,production,black alder,4,0.678612641,kha,0.538276797
2008,other,production,black alder,5,,kha,0.0
2008,other,production,black alder,5A-5B,,kha,0.0
2008,other,production,black alder,all,38.951443077,kha,0.104570254
2008,other,production,grey alder,1,71.621299566,kha,0.06929514
2008,other,production,grey alder,1A,11.310182862,kha,0.136277903
2008,other,production,grey alder,2,66.926614191,kha,0.065385749
2008,other,production,grey alder,3,8.693142108,kha,0.171620367
2008,other,production,grey alder,4,0.208720402,kha,1.118014597
2008,other,production,grey alder,5,,kha,0.0
2008,other,production,grey alder,5A-5B,,kha,0.0
2008,other,production,grey alder,all,158.759959128,kha,0.051458528
2008,other,production,other,1,8.010814243,kha,0.18887961
2008,other,production,other,1A,3.068920424,kha,0.27583998
2008,other,production,other,2,8.714661181,kha,0.157176149
2008,other,production,other,3,7.096493652,kha,0.219967607
2008,other,production,other,4,3.339526424,kha,0.275083986
2008,other,production,other,5,0.417440803,kha,0.706668755
2008,other,production,other,5A-5B,,kha,0.0
2008,other,production,other,all,30.647856727,kha,0.105555019
2008,other,production,pine,1,66.813404245,kha,0.072602817
2008,other,production,pine,1A,16.475344895,kha,0.12195236
2008,other,production,pine,2,103.221380509,kha,0.069704669
2008,other,production,pine,3,84.074372731,kha,0.078654943
2008,other,production,pine,4,38.69928796,kha,0.101237474
2008,other,production,pine,5,21.056903812,kha,0.130962787
2008,other,production,pine,5A-5B,12.524392926,kha,0.180816546
2008,other,production,pine,all,342.865087078,kha,0.048735974
2008,other,production,spruce,1,84.294280546,kha,0.061337716
2008,other,production,spruce,1A,32.37082277,kha,0.087111345
2008,other,production,spruce,2,53.773993728,kha,0.081285308
2008,other,production,spruce,3,16.563758857,kha,0.133439734
2008,other,production,spruce,4,4.427669366,kha,0.272137319
2008,other,production,spruce,5,0.417440803,kha,0.707347564
2008,other,production,spruce,5A-5B,0.208720402,kha,1.22441364
2008,other,production,spruce,all,192.056686471,kha,0.048342513
2008,other,protected,aspen,1,1.043602008,kha,0.446993356
2008,other,protected,aspen,1A,0.417440803,kha,0.70680457
2008,other,protected,aspen,2,2.087204015,kha,0.346506882
2008,other,protected,aspen,3,0.208720402,kha,1.000374185
2008,other,protected,aspen,4,,kha,0.0
2008,other,protected,aspen,5,,kha,0.0
2008,other,protected,aspen,5A-5B,,kha,0.0
2008,other,protected,aspen,all,3.756967227,kha,0.299136769
2008,other,protected,birch,1,3.965687629,kha,0.294543
2008,other,protected,birch,1A,,kha,0.0
2008,other,protected,birch,2,7.334831478,kha,0.271887263
2008,other,protected,birch,3,9.503728659,kha,0.268066125
2008,other,protected,birch,4,2.606688223,kha,0.307383934
2008,other,protected,birch,5,1.252322409,kha,0.472036819
2008,other,protected,birch,5A-5B,0.417440803,kha,0.999402234
2008,other,protected,birch,all,25.080699201,kha,0.186913751
2008,other,protected,black alder,1,0.417440803,kha,0.707754539
2008,other,protected,black alder,1A,,kha,0.0
2008,other,protected,black alder,2,2.295924417,kha,0.352776836
2008,other,protected,black alder,3,2.087204015,kha,0.424622871
2008,other,protected,black alder,4,0.417440803,kha,0.707211855
2008,other,protected,black alder,5,0.208720402,kha,1.000170274
2008,other,protected,black alder,5A-5B,,kha,0.0
2008,other,protected,black alder,all,5.42673044,kha,0.331488516
2008,other,protected,grey alder,1,3.060446376,kha,0.280012614
2008,other,protected,grey alder,1A,,kha,0.0
2008,other,protected,grey alder,2,0.583603115,kha,0.580691268
2008,other,protected,grey alder,3,,kha,0.0
2008,other,protected,grey alder,4,,kha,0.0
2008,other,protected,grey alder,5,,kha,0.0
2008,other,protected,grey alder,5A-5B,,kha,0.0
2008,other,protected,grey alder,all,3.64404949,kha,0.252873736
2008,other,protected,pine,1,1.252322409,kha,0.478538741
2008,other,protected,pine,1A,0.208720402,kha,0.999246158
2008,other,protected,pine,2,5.771640903,kha,0.24748319
2008,other,protected,pine,3,5.793869626,kha,0.266055152
2008,other,protected,pine,4,5.045314778,kha,0.24974962
2008,other,protected,pine,5,5.844171243,kha,0.246625609
2008,other,protected,pine,5A-5B,6.228279398,kha,0.23072532
2008,other,protected,pine,all,30.144318758,kha,0.157152026
2008,other,protected,spruce,1,2.853500097,kha,0.291612595
2008,other,protected,spruce,1A,0.626161205,kha,0.577427048
2008,other,protected,spruce,2,4.591848834,kha,0.273803711
2008,other,protected,spruce,3,1.294880499,kha,0.466239645
2008,other,protected,spruce,4,0.208720402,kha,0.999594299
2008,other,protected,spruce,5,0.208720402,kha,0.999402234
2008,other,protected,spruce,5A-5B,,kha,0.0
2008,other,protected,spruce,all,9.783831438,kha,0.202508533
2009,State Forest Management Centre,production,aspen,1,13.548693136,kha,0.148776577
2009,State Forest Management Centre,production,aspen,1A,11.732532044,kha,0.16049505
2009,State Forest Management Centre,production,aspen,2,3.474527102,kha,0.297302209
2009,State Forest Management Centre,production,aspen,3,0.333968403,kha,0.751411697
2009,State Forest Management Centre,production,aspen,4,,kha,0.0
2009,State Forest Management Centre,production,aspen,5,,kha,0.0
2009,State Forest Management Centre,production,aspen,5A-5B,,kha,0.0
2009,State Forest Management Centre,production,aspen,all,29.089720686,kha,0.113647207
2009,State Forest Management Centre,production,birch,1,57.703332657,kha,0.091919971
2009,State Forest Management Centre,production,birch,1A,17.925271723,kha,0.137938072
2009,State Forest Management Centre,production,birch,2,55.255575444,kha,0.086328107
2009,State Forest Management Centre,production,birch,3,20.48699898,kha,0.127758075
2009,State Forest Management Centre,production,birch,4,7.692250325,kha,0.332252177
2009,State Forest Management Centre,production,birch,5,1.748781137,kha,0.418939688
2009,State Forest Management Centre,production,birch,5A-5B,0.623695972,kha,0.577078942
2009,State Forest Management Centre,production,birch,all,161.435906239,kha,0.065673011
2009,State Forest Management Centre,production,black alder,1,5.655092961,kha,0.230033908
2009,State Forest Management Centre,production,black alder,1A,0.207898657,kha,0.999779629
2009,State Forest Management Centre,production,black alder,2,7.696574618,kha,0.204433764
2009,State Forest Management Centre,production,black alder,3,1.247391945,kha,0.431982862
2009,State Forest Management Centre,production,black alder,4,0.395901413,kha,0.707174458
2009,State Forest Management Centre,production,black alder,5,0.207898657,kha,0.999779626
2009,State Forest Management Centre,production,black alder,5A-5B,,kha,0.0
2009,State Forest Management Centre,production,black alder,all,15.410758251,kha,0.177189785
2009,State Forest Management Centre,production,grey alder,1,6.975852342,kha,0.2067324
2009,State Forest Management Centre,production,grey alder,1A,1.409303419,kha,0.378555371
2009,State Forest Management Centre,production,grey alder,2,2.621165483,kha,0.280731696
2009,State Forest Management Centre,production,grey alder,3,0.415797315,kha,0.790532547
2009,State Forest Management Centre,production,grey alder,4,,kha,0.0
2009,State Forest Management Centre,production,grey alder,5,,kha,0.0
2009,State Forest Management Centre,production,grey alder,5A-5B,,kha,0.0
2009,State Forest Management Centre,production,grey alder,all,11.422118559,kha,0.165339385
2009,State Forest Management Centre,production,other,1,0.623695972,kha,0.576968492
2009,State Forest Management Centre,production,other,1A,0.415797315,kha,1.000544297
2009,State Forest Management Centre,production,other,2,0.679246494,kha,0.556828873
2009,State Forest Management Centre,production,other,3,0.207898657,kha,1.000162036
2009,State Forest Management Centre,production,other,4,,kha,0.0
2009,State Forest Management Centre,production,other,5,,kha,0.0
2009,State Forest Management Centre,production,other,5A-5B,,kha,0.0
2009,State Forest Management Centre,production,other,all,1.926638438,kha,0.362724643
2009,State Forest Management Centre,production,pine,1,67.342637069,kha,0.084517973
2009,State Forest Management Centre,production,pine,1A,15.968550349,kha,0.139640855
2009,State Forest Management Centre,production,pine,2,81.339102333,kha,0.081024991
2009,State Forest Management Centre,production,pine,3,48.414878019,kha,0.103017221
2009,State Forest Management Centre,production,pine,4,23.294607979,kha,0.127857034
2009,State Forest Management Centre,production,pine,5,12.888905957,kha,0.160646754
2009,State Forest Management Centre,production,pine,5A-5B,12.889716762,kha,0.208349856
2009,State Forest Management Centre,production,pine,all,262.138398468,kha,0.057949911
2009,State Forest Management Centre,production,spruce,1,56.221347867,kha,0.092820591
2009,State Forest Management Centre,production,spruce,1A,32.791834449,kha,0.109901076
2009,State Forest Management Centre,production,spruce,2,25.067151933,kha,0.105099762
2009,State Forest Management Centre,production,spruce,3,6.524878574,kha,0.201680467
2009,State Forest Management Centre,production,spruce,4,1.597368545,kha,0.354770731
2009,State Forest Management Centre,production,spruce,5,,kha,0.0
2009,State Forest Management Centre,production,spruce,5A-5B,,kha,0.0
2009,State Forest Management Centre,production,spruce,all,122.202581367,kha,0.071783227
2009,State Forest Management Centre,protected,aspen,1,1.874539035,kha,0.427945997
2009,State Forest Management Centre,protected,aspen,1A,2.910581204,kha,0.322788034
2009,State Forest Management Centre,protected,aspen,2,0.207898657,kha,1.000305401
2009,State Forest Management Centre,protected,aspen,3,,kha,0.0
2009,State Forest Management Centre,protected,aspen,4,,kha,0.0
2009,State Forest Management Centre,protected,aspen,5,,kha,0.0
2009,State Forest Management Centre,protected,aspen,5A-5B,,kha,0.0
2009,State Forest Management Centre,protected,aspen,all,4.993018896,kha,0.275343463
2009,State Forest Management Centre,protected,birch,1,6.960343102,kha,0.218935627
2009,State Forest Management Centre,protected,birch,1A,2.910581204,kha,0.304425632
2009,State Forest Management Centre,protected,birch,2,15.44346071,kha,0.213467865
2009,State Forest Management Centre,protected,birch,3,7.472106437,kha,0.22652516
2009,State Forest Management Centre,protected,birch,4,3.802778293,kha,0.344270015
2009,State Forest Management Centre,protected,birch,5,1.66318926,kha,0.544413912
2009,State Forest Management Centre,protected,birch,5A-5B,0.83159463,kha,0.637031637
2009,State Forest Management Centre,protected,birch,all,39.084053635,kha,0.149148563
2009,State Forest Management Centre,protected,black alder,1,1.455290602,kha,0.494025518
2009,State Forest Management Centre,protected,black alder,1A,0.415797315,kha,0.706524529
2009,State Forest Management Centre,protected,black alder,2,1.521984491,kha,0.423492391
2009,State Forest Management Centre,protected,black alder,3,1.547680765,kha,0.592150025
2009,State Forest Management Centre,protected,black alder,4,0.207898657,kha,1.000162036
2009,State Forest Management Centre,protected,black alder,5,,kha,0.0
2009,State Forest Management Centre,protected,black alder,5A-5B,,kha,0.0
2009,State Forest Management Centre,protected,black alder,all,5.148651831,kha,0.294172597
2009,State Forest Management Centre,protected,grey alder,1,0.357190683,kha,0.715855605
2009,State Forest Management Centre,protected,grey alder,1A,,kha,0.0
2009,State Forest Management Centre,protected,grey alder,2,0.297981146,kha,0.760507513
2009,State Forest Management Centre,protected,grey alder,3,,kha,0.0
2009,State Forest Management Centre,protected,grey alder,4,,kha,0.0
2009,State Forest Management Centre,protected,grey alder,5,,kha,0.0
2009,State Forest Management Centre,protected,grey alder,5A-5B,,kha,0.0
2009,State Forest Management Centre,protected,grey alder,all,0.655171829,kha,0.521300886
2009,State Forest Management Centre,protected,pine,1,7.886843469,kha,0.225994754
2009,State Forest Management Centre,protected,pine,1A,1.305998576,kha,0.504989121
2009,State Forest Management Centre,protected,pine,2,16.819832982,kha,0.169755703
2009,State Forest Management Centre,protected,pine,3,20.313424391,kha,0.162522819
2009,State Forest Management Centre,protected,pine,4,12.285292995,kha,0.189936591
2009,State Forest Management Centre,protected,pine,5,12.500468105,kha,0.16889356
2009,State Forest Management Centre,protected,pine,5A-5B,12.994767953,kha,0.178486771
2009,State Forest Management Centre,protected,pine,all,84.106628471,kha,0.10580779
2009,State Forest Management Centre,protected,spruce,1,4.249947515,kha,0.289971386
2009,State Forest Management Centre,protected,spruce,1A,2.568671072,kha,0.307405034
2009,State Forest Management Centre,protected,spruce,2,3.408976656,kha,0.27648595
2009,State Forest Management Centre,protected,spruce,3,1.813562358,kha,0.45435313
2009,State Forest Management Centre,protected,spruce,4,0.415797315,kha,0.828111538
2009,State Forest Management Centre,protected,spruce,5,,kha,0.0
2009,State Forest Management Centre,protected,spruce,5A-5B,,kha,0.0
2009,State Forest Management Centre,protected,spruce,all,12.456954916,kha,0.205411588
2009,all,production,aspen,1,49.3996108,kha,0.080364045
2009,all,production,aspen,1A,26.797513249,kha,0.11117123
2009,all,production,aspen,2,23.446893746,kha,0.11740706
2009,all,production,aspen,3,3.575898488,kha,0.24600589
2009,all,production,aspen,4,0.415797315,kha,0.999779629
2009,all,production,aspen,5,,kha,0.0
2009,all,production,aspen,5A-5B,,kha,0.0
2009,all,production,aspen,all,103.635713597,kha,0.060045999
2009,all,production,birch,1,161.456197148,kha,0.045744398
2009,all,production,birch,1A,39.25837666,kha,0.093957054
2009,all,production,birch,2,212.844005179,kha,0.043358848
2009,all,production,birch,3,109.028272134,kha,0.055736071
2009,all,production,birch,4,40.420862793,kha,0.108327576
2009,all,production,birch,5,10.812996282,kha,0.186262607
2009,all,production,birch,5A-5B,2.910581204,kha,0.292421173
2009,all,production,birch,all,576.731291399,kha,0.02961485
2009,all,production,black alder,1,13.250400142,kha,0.145168494
2009,all,production,black alder,1A,1.286310573,kha,0.40520508
2009,all,production,black alder,2,32.603249577,kha,0.10006415
2009,all,production,black alder,3,8.596089739,kha,0.178547311
2009,all,production,black alder,4,1.279740976,kha,0.393287167
2009,all,production,black alder,5,0.207898657,kha,0.999779626
2009,all,production,black alder,5A-5B,,kha,0.0
2009,all,production,black alder,all,57.223689664,kha,0.089770874
2009,all,production,grey alder,1,80.471541236,kha,0.064718457
2009,all,production,grey alder,1A,14.270267796,kha,0.120202693
2009,all,production,grey alder,2,67.262720825,kha,0.06429564
2009,all,production,grey alder,3,9.619595619,kha,0.162729883
2009,all,production,grey alder,4,0.207898657,kha,0.999779629
2009,all,production,grey alder,5,,kha,0.0
2009,all,production,grey alder,5A-5B,,kha,0.0
2009,all,production,grey alder,all,171.832024133,kha,0.048394067
2009,all,production,other,1,10.058261786,kha,0.165355967
2009,all,production,other,1A,3.472635225,kha,0.28784936
2009,all,production,other,2,10.000860967,kha,0.150506986
2009,all,production,other,3,5.628357194,kha,0.258906153
2009,all,production,other,4,3.118479862,kha,0.276114195
2009,all,production,other,5,0.415797315,kha,0.706659823
2009,all,production,other,5A-5B,,kha,0.0
2009,all,production,other,all,32.694392348,kha,0.102469572
2009,all,production,pine,1,134.073677867,kha,0.056519626
2009,all,production,pine,1A,34.712610145,kha,0.095833346
2009,all,production,pine,2,184.207877783,kha,0.052363128
2009,all,production,pine,3,133.298465353,kha,0.061027101
2009,all,production,pine,4,61.265863261,kha,0.083598778
2009,all,production,pine,5,32.199718283,kha,0.106403477
2009,all,production,pine,5A-5B,25.364800441,kha,0.138172922
2009,all,production,pine,all,605.123013133,kha,0.035648519
2009,all,production,spruce,1,137.278040664,kha,0.051124498
2009,all,production,spruce,1A,68.679508596,kha,0.06999175
2009,all,production,spruce,2,74.450983225,kha,0.065777586
2009,all,production,spruce,3,20.71934652,kha,0.121824609
2009,all,production,spruce,4,5.176011295,kha,0.242915282
2009,all,production,spruce,5,0.415797315,kha,0.707040206
2009,all,production,spruce,5A-5B,0.207898657,kha,1.2244088
2009,all,production,spruce,all,306.927586271,kha,0.040639174
2009,all,protected,aspen,1,2.706133664,kha,0.333849954
2009,all,protected,aspen,1A,3.326378519,kha,0.310281878
2009,all,protected,aspen,2,1.455290602,kha,0.378077034
2009,all,protected,aspen,3,,kha,0.0
2009,all,protected,aspen,4,,kha,0.0
2009,all,protected,aspen,5,,kha,0.0
2009,all,protected,aspen,5A-5B,,kha,0.0
2009,all,protected,aspen,all,7.487802786,kha,0.218398657
2009,all,protected,birch,1,10.86443041,kha,0.181764543
2009,all,protected,birch,1A,2.910581204,kha,0.304425632
2009,all,protected,birch,2,20.612673719,kha,0.163309705
2009,all,protected,birch,3,16.411748707,kha,0.186154798
2009,all,protected,birch,4,6.434816876,kha,0.238205128
2009,all,protected,birch,5,2.702682547,kha,0.421151102
2009,all,protected,birch,5A-5B,1.247391945,kha,0.539771654
2009,all,protected,birch,all,61.184325408,kha,0.113658324
2009,all,protected,black alder,1,1.871087917,kha,0.422363679
2009,all,protected,black alder,1A,0.415797315,kha,0.706524529
2009,all,protected,black alder,2,2.353579121,kha,0.326018294
2009,all,protected,black alder,3,2.79507271,kha,0.417110199
2009,all,protected,black alder,4,0.83159463,kha,0.790721474
2009,all,protected,black alder,5,,kha,0.0
2009,all,protected,black alder,5A-5B,,kha,0.0
2009,all,protected,black alder,all,8.267131693,kha,0.24714424
2009,all,protected,grey alder,1,3.19768925,kha,0.271101927
2009,all,protected,grey alder,1A,,kha,0.0
2009,all,protected,grey alder,2,0.463489267,kha,0.655912478
2009,all,protected,grey alder,3,,kha,0.0
2009,all,protected,grey alder,4,,kha,0.0
2009,all,protected,grey alder,5,,kha,0.0
2009,all,protected,grey alder,5A-5B,,kha,0.0
2009,all,protected,grey alder,all,3.661178517,kha,0.250850995
2009,all,protected,pine,1,9.134235413,kha,0.206043324
2009,all,protected,pine,1A,1.513897234,kha,0.456607095
2009,all,protected,pine,2,23.400345237,kha,0.140899154
2009,all,protected,pine,3,25.423032855,kha,0.135732892
2009,all,protected,pine,4,17.102845424,kha,0.150903031
2009,all,protected,pine,5,17.697934541,kha,0.144832798
2009,all,protected,pine,5A-5B,19.198526261,kha,0.147111624
2009,all,protected,pine,all,113.470816965,kha,0.086719264
2009,all,protected,spruce,1,7.300111878,kha,0.216713083
2009,all,protected,spruce,1A,2.984468387,kha,0.286408316
2009,all,protected,spruce,2,7.15115249,kha,0.221255034
2009,all,protected,spruce,3,2.687547525,kha,0.382288669
2009,all,protected,spruce,4,0.415797315,kha,0.828111538
2009,all,protected,spruce,5,,kha,0.0
2009,all,protected,spruce,5A-5B,,kha,0.0
2009,all,protected,spruce,all,20.539077594,kha,0.160730358
2009,other,production,aspen,1,35.850917664,kha,0.092127541
2009,other,production,aspen,1A,15.064981204,kha,0.148888956
2009,other,production,aspen,2,19.972366644,kha,0.129301658
2009,other,production,aspen,3,3.241930084,kha,0.260302061
2009,other,production,aspen,4,0.415797315,kha,0.999779629
2009,other,production,aspen,5,,kha,0.0
2009,other,production,aspen,5A-5B,,kha,0.0
2009,other,production,aspen,all,74.545992911,kha,0.071056136
2009,other,production,birch,1,103.752864491,kha,0.052569534
2009,other,production,birch,1A,21.333104936,kha,0.119954992
2009,other,production,birch,2,157.588429735,kha,0.051055424
2009,other,production,birch,3,88.541273153,kha,0.065083038
2009,other,production,birch,4,32.728612467,kha,0.116574145
2009,other,production,birch,5,9.064215146,kha,0.202511251
2009,other,production,birch,5A-5B,2.286885232,kha,0.337322763
2009,other,production,birch,all,415.29538516,kha,0.03594852
2009,other,production,black alder,1,7.595307181,kha,0.187952432
2009,other,production,black alder,1A,1.078411916,kha,0.443302353
2009,other,production,black alder,2,24.906674959,kha,0.110943881
2009,other,production,black alder,3,7.348697794,kha,0.19831402
2009,other,production,black alder,4,0.883839562,kha,0.473886156
2009,other,production,black alder,5,,kha,0.0
2009,other,production,black alder,5A-5B,,kha,0.0
2009,other,production,black alder,all,41.812931413,kha,0.102410766
2009,other,production,grey alder,1,73.495688894,kha,0.067452555
2009,other,production,grey alder,1A,12.860964377,kha,0.128026033
2009,other,production,grey alder,2,64.641555342,kha,0.066429477
2009,other,production,grey alder,3,9.203798304,kha,0.167886876
2009,other,production,grey alder,4,0.207898657,kha,0.999779629
2009,other,production,grey alder,5,,kha,0.0
2009,other,production,grey alder,5A-5B,,kha,0.0
2009,other,production,grey alder,all,160.409905574,kha,0.050344239
2009,other,production,other,1,9.434565814,kha,0.172268754
2009,other,production,other,1A,3.05683791,kha,0.297239676
2009,other,production,other,2,9.321614473,kha,0.156631894
2009,other,production,other,3,5.420458536,kha,0.266101288
2009,other,production,other,4,3.118479862,kha,0.276114195
2009,other,production,other,5,0.415797315,kha,0.706659823
2009,other,production,other,5A-5B,,kha,0.0
2009,other,production,other,all,30.76775391,kha,0.106374191
2009,other,production,pine,1,66.731040798,kha,0.073911772
2009,other,production,pine,1A,18.744059796,kha,0.117748417
2009,other,production,pine,2,102.86877545,kha,0.070723594
2009,other,production,pine,3,84.883587334,kha,0.077216521
2009,other,production,pine,4,37.971255281,kha,0.105269675
2009,other,production,pine,5,19.310812326,kha,0.138013486
2009,other,production,pine,5A-5B,12.475083679,kha,0.184112149
2009,other,production,pine,all,342.984614664,kha,0.049144136
2009,other,production,spruce,1,81.056692797,kha,0.06200868
2009,other,production,spruce,1A,35.887674147,kha,0.083977383
2009,other,production,spruce,2,49.383831292,kha,0.086260836
2009,other,production,spruce,3,14.194467946,kha,0.147767221
2009,other,production,spruce,4,3.57864275,kha,0.292901478
2009,other,production,spruce,5,0.415797315,kha,0.707040206
2009,other,production,spruce,5A-5B,0.207898657,kha,1.2244088
2009,other,production,spruce,all,184.725004904,kha,0.050454773
2009,other,protected,aspen,1,0.83159463,kha,0.499941698
2009,other,protected,aspen,1A,0.415797315,kha,0.749706146
2009,other,protected,aspen,2,1.247391945,kha,0.408245189
2009,other,protected,aspen,3,,kha,0.0
2009,other,protected,aspen,4,,kha,0.0
2009,other,protected,aspen,5,,kha,0.0
2009,other,protected,aspen,5A-5B,,kha,0.0
2009,other,protected,aspen,all,2.494783889,kha,0.335787246
2009,other,protected,birch,1,3.904087308,kha,0.298473772
2009,other,protected,birch,1A,,kha,0.0
2009,other,protected,birch,2,5.169213009,kha,0.258933593
2009,other,protected,birch,3,8.93964227,kha,0.280482488
2009,other,protected,birch,4,2.632038583,kha,0.31890141
2009,other,protected,birch,5,1.039493287,kha,0.529528638
2009,other,protected,birch,5A-5B,0.415797315,kha,0.999970851
2009,other,protected,birch,all,22.100271772,kha,0.18866739
2009,other,protected,black alder,1,0.415797315,kha,0.790653466
2009,other,protected,black alder,1A,,kha,0.0
2009,other,protected,black alder,2,0.83159463,kha,0.500610523
2009,other,protected,black alder,3,1.247391945,kha,0.57764467
2009,other,protected,black alder,4,0.623695972,kha,0.745498573
2009,other,protected,black alder,5,,kha,0.0
2009,other,protected,black alder,5A-5B,,kha,0.0
2009,other,protected,black alder,all,3.118479862,kha,0.419421873
2009,other,protected,grey alder,1,2.840498567,kha,0.291875053
2009,other,protected,grey alder,1A,,kha,0.0
2009,other,protected,grey alder,2,0.165508121,kha,1.224564946
2009,other,protected,grey alder,3,,kha,0.0
2009,other,protected,grey alder,4,,kha,0.0
2009,other,protected,grey alder,5,,kha,0.0
2009,other,protected,grey alder,5A-5B,,kha,0.0
2009,other,protected,grey alder,all,3.006006688,kha,0.283868038
2009,other,protected,pine,1,1.247391945,kha,0.492373467
2009,other,protected,pine,1A,0.207898657,kha,0.999624239
2009,other,protected,pine,2,6.580512255,kha,0.224157723
2009,other,protected,pine,3,5.109608463,kha,0.278163239
2009,other,protected,pine,4,4.817552429,kha,0.270545922
2009,other,protected,pine,5,5.197466436,kha,0.237368956
2009,other,protected,pine,5A-5B,6.203758308,kha,0.245371135
2009,other,protected,pine,all,29.364188494,kha,0.150592451
2009,other,protected,spruce,1,3.050164363,kha,0.285785859
2009,other,protected,spruce,1A,0.415797315,kha,0.790298292
2009,other,protected,spruce,2,3.742175834,kha,0.310657381
2009,other,protected,spruce,3,0.873985166,kha,0.705574966
2009,other,protected,spruce,4,,kha,0.0
2009,other,protected,spruce,5,,kha,0.0
2009,other,protected,spruce,5A-5B,,kha,0.0
2009,other,protected,spruce,all,8.082122678,kha,0.232975539
2010,State Forest Management Centre,production,aspen,1,12.709053415,kha,0.16002035
2010,State Forest Management Centre,production,aspen,1A,11.873136427,kha,0.158484751
2010,State Forest Management Centre,production,aspen,2,3.371750317,kha,0.30222127
2010,State Forest Management Centre,production,aspen,3,0.12576917,kha,1.321998315
2010,State Forest Management Centre,production,aspen,4,,kha,0.0
2010,State Forest Management Centre,production,aspen,5,,kha,0.0
2010,State Forest Management Centre,production,aspen,5A-5B,,kha,0.0
2010,State Forest Management Centre,production,aspen,all,28.079709329,kha,0.118292449
2010,State Forest Management Centre,production,birch,1,61.133585172,kha,0.091169134
2010,State Forest Management Centre,production,birch,1A,18.684043031,kha,0.14558194
2010,State Forest Management Centre,production,birch,2,55.474843627,kha,0.090049532
2010,State Forest Management Centre,production,birch,3,18.07100129,kha,0.134659053
2010,State Forest Management Centre,production,birch,4,7.259104454,kha,0.352867083
2010,State Forest Management Centre,production,birch,5,1.86662686,kha,0.461571198
2010,State Forest Management Centre,production,birch,5A-5B,0.414805969,kha,0.790308143
2010,State Forest Management Centre,production,birch,all,162.904010403,kha,0.067806722
2010,State Forest Management Centre,production,black alder,1,6.056416028,kha,0.237937755
2010,State Forest Management Centre,production,black alder,1A,0.829611938,kha,0.636491697
2010,State Forest Management Centre,production,black alder,2,7.189168167,kha,0.221846901
2010,State Forest Management Centre,production,black alder,3,0.829611938,kha,0.514425675
2010,State Forest Management Centre,production,black alder,4,0.394957503,kha,0.753965386
2010,State Forest Management Centre,production,black alder,5,0.207402984,kha,0.99998422
2010,State Forest Management Centre,production,black alder,5A-5B,,kha,0.0
2010,State Forest Management Centre,production,black alder,all,15.507168558,kha,0.184558124
2010,State Forest Management Centre,production,grey alder,1,7.686479043,kha,0.189881464
2010,State Forest Management Centre,production,grey alder,1A,1.551063219,kha,0.393525472
2010,State Forest Management Centre,production,grey alder,2,2.732389137,kha,0.285496577
2010,State Forest Management Centre,production,grey alder,3,0.414805969,kha,0.866337507
2010,State Forest Management Centre,production,grey alder,4,,kha,0.0
2010,State Forest Management Centre,production,grey alder,5,,kha,0.0
2010,State Forest Management Centre,production,grey alder,5A-5B,,kha,0.0
2010,State Forest Management Centre,production,grey alder,all,12.384737368,kha,0.156226945
2010,State Forest Management Centre,production,other,1,0.414805969,kha,0.707084468
2010,State Forest Management Centre,production,other,1A,0.622208953,kha,0.781878429
2010,State Forest Management Centre,production,other,2,0.470224046,kha,0.653010554
2010,State Forest Management Centre,production,other,3,0.207402984,kha,0.999984222
2010,State Forest Management Centre,production,other,4,,kha,0.0
2010,State Forest Management Centre,production,other,5,,kha,0.0
2010,State Forest Management Centre,production,other,5A-5B,,kha,0.0
2010,State Forest Management Centre,production,other,all,1.714641953,kha,0.447465653
2010,State Forest Management Centre,production,pine,1,72.185488742,kha,0.087889958
2010,State Forest Management Centre,production,pine,1A,16.997753067,kha,0.151857076
2010,State Forest Management Centre,production,pine,2,78.421785378,kha,0.080835171
2010,State Forest Management Centre,production,pine,3,49.737579311,kha,0.099585387
2010,State Forest Management Centre,production,pine,4,23.861277808,kha,0.129496846
2010,State Forest Management Centre,production,pine,5,12.942298811,kha,0.164935222
2010,State Forest Management Centre,production,pine,5A-5B,13.066388017,kha,0.212179597
2010,State Forest Management Centre,production,pine,all,267.212571135,kha,0.059127718
2010,State Forest Management Centre,production,spruce,1,58.77333921,kha,0.092507995
2010,State Forest Management Centre,production,spruce,1A,36.526735116,kha,0.10620421
2010,State Forest Management Centre,production,spruce,2,24.173523001,kha,0.114146133
2010,State Forest Management Centre,production,spruce,3,5.308977153,kha,0.214049991
2010,State Forest Management Centre,production,spruce,4,1.59356009,kha,0.39075734
2010,State Forest Management Centre,production,spruce,5,,kha,0.0
2010,State Forest Management Centre,production,spruce,5A-5B,,kha,0.0
2010,State Forest Management Centre,production,spruce,all,126.37613457,kha,0.072597982
2010,State Forest Management Centre,protected,aspen,1,1.662666765,kha,0.465159326
2010,State Forest Management Centre,protected,aspen,1A,3.525850735,kha,0.302683005
2010,State Forest Management Centre,protected,aspen,2,0.414805969,kha,0.707590084
2010,State Forest Management Centre,protected,aspen,3,,kha,0.0
2010,State Forest Management Centre,protected,aspen,4,,kha,0.0
2010,State Forest Management Centre,protected,aspen,5,,kha,0.0
2010,State Forest Management Centre,protected,aspen,5A-5B,,kha,0.0
2010,State Forest Management Centre,protected,aspen,all,5.603323468,kha,0.256182429
2010,State Forest Management Centre,protected,birch,1,7.565957169,kha,0.237595688
2010,State Forest Management Centre,protected,birch,1A,3.111044766,kha,0.301208705
2010,State Forest Management Centre,protected,birch,2,14.162222425,kha,0.244371506
2010,State Forest Management Centre,protected,birch,3,7.002588443,kha,0.237224567
2010,State Forest Management Centre,protected,birch,4,3.940656703,kha,0.392861515
2010,State Forest Management Centre,protected,birch,5,1.451820891,kha,0.488877692
2010,State Forest Management Centre,protected,birch,5A-5B,1.037014922,kha,0.529336693
2010,State Forest Management Centre,protected,birch,all,38.271305319,kha,0.159702214
2010,State Forest Management Centre,protected,black alder,1,1.451820891,kha,0.538081152
2010,State Forest Management Centre,protected,black alder,1A,0.414805969,kha,0.789583758
2010,State Forest Management Centre,protected,black alder,2,1.518355768,kha,0.458665949
2010,State Forest Management Centre,protected,black alder,3,1.336587793,kha,0.671797183
2010,State Forest Management Centre,protected,black alder,4,0.207402984,kha,0.999984222
2010,State Forest Management Centre,protected,black alder,5,,kha,0.0
2010,State Forest Management Centre,protected,black alder,5A-5B,,kha,0.0
2010,State Forest Management Centre,protected,black alder,all,4.928973405,kha,0.324957769
2010,State Forest Management Centre,protected,grey alder,1,0.356339067,kha,0.7720899
2010,State Forest Management Centre,protected,grey alder,1A,,kha,0.0
2010,State Forest Management Centre,protected,grey alder,2,0.297270698,kha,0.760699639
2010,State Forest Management Centre,protected,grey alder,3,,kha,0.0
2010,State Forest Management Centre,protected,grey alder,4,,kha,0.0
2010,State Forest Management Centre,protected,grey alder,5,,kha,0.0
2010,State Forest Management Centre,protected,grey alder,5A-5B,,kha,0.0
2010,State Forest Management Centre,protected,grey alder,all,0.653609765,kha,0.544522824
2010,State Forest Management Centre,protected,pine,1,8.282845585,kha,0.224098459
2010,State Forest Management Centre,protected,pine,1A,1.510287792,kha,0.467438471
2010,State Forest Management Centre,protected,pine,2,14.317173195,kha,0.190218028
2010,State Forest Management Centre,protected,pine,3,18.483650268,kha,0.177554437
2010,State Forest Management Centre,protected,pine,4,12.747257045,kha,0.197074137
2010,State Forest Management Centre,protected,pine,5,12.678067409,kha,0.177892769
2010,State Forest Management Centre,protected,pine,5A-5B,13.094740005,kha,0.187824253
2010,State Forest Management Centre,protected,pine,all,81.114021298,kha,0.110649604
2010,State Forest Management Centre,protected,spruce,1,4.654620737,kha,0.28093964
2010,State Forest Management Centre,protected,spruce,1A,3.184755787,kha,0.262285024
2010,State Forest Management Centre,protected,spruce,2,3.193445972,kha,0.301658954
2010,State Forest Management Centre,protected,spruce,3,1.726111338,kha,0.480701064
2010,State Forest Management Centre,protected,spruce,4,0.207402984,kha,1.321998317
2010,State Forest Management Centre,protected,spruce,5,,kha,0.0
2010,State Forest Management Centre,protected,spruce,5A-5B,,kha,0.0
2010,State Forest Management Centre,protected,spruce,all,12.966336817,kha,0.204541613
2010,all,production,aspen,1,50.444823488,kha,0.081575981
2010,all,production,aspen,1A,28.374263047,kha,0.106727211
2010,all,production,aspen,2,20.954483501,kha,0.129659361
2010,all,production,aspen,3,3.211531512,kha,0.295796279
2010,all,production,aspen,4,0.728212619,kha,0.713524518
2010,all,production,aspen,5,,kha,0.0
2010,all,production,aspen,5A-5B,,kha,0.0
2010,all,production,aspen,all,103.713314167,kha,0.062398691
2010,all,production,birch,1,173.502033281,kha,0.046826708
2010,all,production,birch,1A,44.59064611,kha,0.095273996
2010,all,production,birch,2,215.360601359,kha,0.045362083
2010,all,production,birch,3,104.571900302,kha,0.058800584
2010,all,production,birch,4,38.275121534,kha,0.114253077
2010,all,production,birch,5,9.955343251,kha,0.21398224
2010,all,production,birch,5A-5B,2.281432828,kha,0.369654168
2010,all,production,birch,all,588.537078665,kha,0.030756313
2010,all,production,black alder,1,14.950063402,kha,0.141515784
2010,all,production,black alder,1A,2.112855683,kha,0.366626106
2010,all,production,black alder,2,30.547472998,kha,0.107522452
2010,all,production,black alder,3,8.368191913,kha,0.186718831
2010,all,production,black alder,4,1.276689811,kha,0.401279775
2010,all,production,black alder,5,0.207402984,kha,0.99998422
2010,all,production,black alder,5A-5B,,kha,0.0
2010,all,production,black alder,all,57.46267679,kha,0.09178455
2010,all,production,grey alder,1,81.612244747,kha,0.065172159
2010,all,production,grey alder,1A,16.064170013,kha,0.12016476
2010,all,production,grey alder,2,67.439838835,kha,0.071077232
2010,all,production,grey alder,3,8.742844664,kha,0.171102541
2010,all,production,grey alder,4,1.528269631,kha,0.491273014
2010,all,production,grey alder,5,,kha,0.0
2010,all,production,grey alder,5A-5B,,kha,0.0
2010,all,production,grey alder,all,175.38736789,kha,0.049247838
2010,all,production,other,1,10.241683811,kha,0.172107735
2010,all,production,other,1A,3.256952765,kha,0.334604903
2010,all,production,other,2,10.014162737,kha,0.157036648
2010,all,production,other,3,6.029744004,kha,0.247068466
2010,all,production,other,4,3.733253719,kha,0.294384152
2010,all,production,other,5,0.207402984,kha,0.999793459
2010,all,production,other,5A-5B,,kha,0.0
2010,all,production,other,all,33.483200021,kha,0.108162402
2010,all,production,pine,1,141.468414198,kha,0.056833149
2010,all,production,pine,1A,37.359624021,kha,0.098357375
2010,all,production,pine,2,175.972348007,kha,0.053491549
2010,all,production,pine,3,130.115900743,kha,0.061375851
2010,all,production,pine,4,61.742001827,kha,0.085388469
2010,all,production,pine,5,30.340443339,kha,0.112239623
2010,all,production,pine,5A-5B,24.889519584,kha,0.146455231
2010,all,production,pine,all,601.88825172,kha,0.036675785
2010,all,production,spruce,1,143.367230001,kha,0.051029217
2010,all,production,spruce,1A,74.607478573,kha,0.071169517
2010,all,production,spruce,2,70.441955554,kha,0.068212793
2010,all,production,spruce,3,18.165120764,kha,0.134387456
2010,all,production,spruce,4,4.645163161,kha,0.263843642
2010,all,production,spruce,5,0.829611938,kha,0.612546188
2010,all,production,spruce,5A-5B,0.207402984,kha,1.224731989
2010,all,production,spruce,all,312.263962975,kha,0.04142918
2010,all,protected,aspen,1,2.699681687,kha,0.340477171
2010,all,protected,aspen,1A,3.940656703,kha,0.284612152
2010,all,protected,aspen,2,1.451820891,kha,0.384737572
2010,all,protected,aspen,3,,kha,0.0
2010,all,protected,aspen,4,,kha,0.0
2010,all,protected,aspen,5,,kha,0.0
2010,all,protected,aspen,5A-5B,,kha,0.0
2010,all,protected,aspen,all,8.092159281,kha,0.206806483
2010,all,protected,birch,1,11.045930364,kha,0.196651233
2010,all,protected,birch,1A,3.31844775,kha,0.289257131
2010,all,protected,birch,2,18.498064775,kha,0.190230669
2010,all,protected,birch,3,14.469095881,kha,0.207697146
2010,all,protected,birch,4,6.359016982,kha,0.269303231
2010,all,protected,birch,5,2.281432828,kha,0.425835395
2010,all,protected,birch,5A-5B,1.451820891,kha,0.473942753
2010,all,protected,birch,all,57.423809471,kha,0.124572926
2010,all,protected,black alder,1,1.86662686,kha,0.453680564
2010,all,protected,black alder,1A,0.414805969,kha,0.789583758
2010,all,protected,black alder,2,2.140564721,kha,0.375518577
2010,all,protected,black alder,3,2.581005699,kha,0.452640814
2010,all,protected,black alder,4,0.829611938,kha,0.790556997
2010,all,protected,black alder,5,,kha,0.0
2010,all,protected,black alder,5A-5B,,kha,0.0
2010,all,protected,black alder,all,7.832615186,kha,0.274752724
2010,all,protected,grey alder,1,2.360453365,kha,0.34274287
2010,all,protected,grey alder,1A,,kha,0.0
2010,all,protected,grey alder,2,0.877190182,kha,0.480848381
2010,all,protected,grey alder,3,,kha,0.0
2010,all,protected,grey alder,4,,kha,0.0
2010,all,protected,grey alder,5,,kha,0.0
2010,all,protected,grey alder,5A-5B,,kha,0.0
2010,all,protected,grey alder,all,3.237643548,kha,0.281487237
2010,all,protected,pine,1,9.734666476,kha,0.206068765
2010,all,protected,pine,1A,1.925093761,kha,0.397150945
2010,all,protected,pine,2,20.46719019,kha,0.152448602
2010,all,protected,pine,3,23.581076376,kha,0.14588621
2010,all,protected,pine,4,17.48517082,kha,0.158191274
2010,all,protected,pine,5,17.240933066,kha,0.155196619
2010,all,protected,pine,5A-5B,19.076304296,kha,0.156107353
2010,all,protected,pine,all,109.510434984,kha,0.091344976
2010,all,protected,spruce,1,6.521247597,kha,0.237355912
2010,all,protected,spruce,1A,4.168322959,kha,0.233032556
2010,all,protected,spruce,2,6.511893722,kha,0.240769516
2010,all,protected,spruce,3,2.390609759,kha,0.416232004
2010,all,protected,spruce,4,0.207402984,kha,1.321998317
2010,all,protected,spruce,5,,kha,0.0
2010,all,protected,spruce,5A-5B,,kha,0.0
2010,all,protected,spruce,all,19.799477022,kha,0.164783284
2010,other,production,aspen,1,37.735770073,kha,0.092639658
2010,other,production,aspen,1A,16.50112662,kha,0.141217986
2010,other,production,aspen,2,17.582733184,kha,0.141765653
2010,other,production,aspen,3,3.085762342,kha,0.303270274
2010,other,production,aspen,4,0.728212619,kha,0.713524518
2010,other,production,aspen,5,,kha,0.0
2010,other,production,aspen,5A-5B,,kha,0.0
2010,other,production,aspen,all,75.633604838,kha,0.0730069
2010,other,production,birch,1,112.368448109,kha,0.055213764
2010,other,production,birch,1A,25.906603079,kha,0.11902009
2010,other,production,birch,2,159.885757732,kha,0.053933455
2010,other,production,birch,3,86.500899012,kha,0.067606057
2010,other,production,birch,4,31.01601708,kha,0.124060692
2010,other,production,birch,5,8.088716391,kha,0.232563071
2010,other,production,birch,5A-5B,1.86662686,kha,0.416262187
2010,other,production,birch,all,425.633068262,kha,0.037273664
2010,other,production,black alder,1,8.893647374,kha,0.176898966
2010,other,production,black alder,1A,1.283243745,kha,0.442949145
2010,other,production,black alder,2,23.358304831,kha,0.115856804
2010,other,production,black alder,3,7.538579975,kha,0.201723523
2010,other,production,black alder,4,0.881732308,kha,0.473778727
2010,other,production,black alder,5,,kha,0.0
2010,other,production,black alder,5A-5B,,kha,0.0
2010,other,production,black alder,all,41.955508232,kha,0.102940423
2010,other,production,grey alder,1,73.925765704,kha,0.068527812
2010,other,production,grey alder,1A,14.513106794,kha,0.125803871
2010,other,production,grey alder,2,64.707449698,kha,0.073224811
2010,other,production,grey alder,3,8.328038695,kha,0.176122009
2010,other,production,grey alder,4,1.528269631,kha,0.491273014
2010,other,production,grey alder,5,,kha,0.0
2010,other,production,grey alder,5A-5B,,kha,0.0
2010,other,production,grey alder,all,163.002630522,kha,0.051425647
2010,other,production,other,1,9.826877842,kha,0.176949618
2010,other,production,other,1A,2.634743812,kha,0.370285048
2010,other,production,other,2,9.543938691,kha,0.161815939
2010,other,production,other,3,5.82234102,kha,0.253415593
2010,other,production,other,4,3.733253719,kha,0.294384152
2010,other,production,other,5,0.207402984,kha,0.999793459
2010,other,production,other,5A-5B,,kha,0.0
2010,other,production,other,all,31.768558069,kha,0.111496011
2010,other,production,pine,1,69.282925456,kha,0.073043409
2010,other,production,pine,1A,20.361870954,kha,0.122177177
2010,other,production,pine,2,97.550562629,kha,0.074892987
2010,other,production,pine,3,80.378321432,kha,0.075752555
2010,other,production,pine,4,37.880724019,kha,0.106504745
2010,other,production,pine,5,17.398144528,kha,0.148057567
2010,other,production,pine,5A-5B,11.823131567,kha,0.201632112
2010,other,production,pine,all,334.675680585,kha,0.049853043
2010,other,production,spruce,1,84.593890791,kha,0.061851097
2010,other,production,spruce,1A,38.080743457,kha,0.088978762
2010,other,production,spruce,2,46.268432553,kha,0.087968566
2010,other,production,spruce,3,12.856143612,kha,0.166154599
2010,other,production,spruce,4,3.051603071,kha,0.307620863
2010,other,production,spruce,5,0.829611938,kha,0.612546188
2010,other,production,spruce,5A-5B,0.207402984,kha,1.224731989
2010,other,production,spruce,all,185.887828405,kha,0.051415626
2010,other,protected,aspen,1,1.037014922,kha,0.479231945
2010,other,protected,aspen,1A,0.414805969,kha,0.559436449
2010,other,protected,aspen,2,1.037014922,kha,0.458056602
2010,other,protected,aspen,3,,kha,0.0
2010,other,protected,aspen,4,,kha,0.0
2010,other,protected,aspen,5,,kha,0.0
2010,other,protected,aspen,5A-5B,,kha,0.0
2010,other,protected,aspen,all,2.488835813,kha,0.335720678
2010,other,protected,birch,1,3.479973195,kha,0.322407901
2010,other,protected,birch,1A,0.207402984,kha,1.00036564
2010,other,protected,birch,2,4.33584235,kha,0.303857236
2010,other,protected,birch,3,7.466507438,kha,0.328822333
2010,other,protected,birch,4,2.418360279,kha,0.32891125
2010,other,protected,birch,5,0.829611938,kha,0.625051051
2010,other,protected,birch,5A-5B,0.414805969,kha,0.999984222
2010,other,protected,birch,all,19.152504152,kha,0.216195101
2010,other,protected,black alder,1,0.414805969,kha,0.790670089
2010,other,protected,black alder,1A,,kha,0.0
2010,other,protected,black alder,2,0.622208953,kha,0.645669755
2010,other,protected,black alder,3,1.244417906,kha,0.600806366
2010,other,protected,black alder,4,0.622208953,kha,0.745345487
2010,other,protected,black alder,5,,kha,0.0
2010,other,protected,black alder,5A-5B,,kha,0.0
2010,other,protected,black alder,all,2.903641782,kha,0.45876475
2010,other,protected,grey alder,1,2.004114298,kha,0.380225751
2010,other,protected,grey alder,1A,,kha,0.0
2010,other,protected,grey alder,2,0.579919485,kha,0.613958193
2010,other,protected,grey alder,3,,kha,0.0
2010,other,protected,grey alder,4,,kha,0.0
2010,other,protected,grey alder,5,,kha,0.0
2010,other,protected,grey alder,5A-5B,,kha,0.0
2010,other,protected,grey alder,all,2.584033783,kha,0.325227015
2010,other,protected,pine,1,1.451820891,kha,0.489184151
2010,other,protected,pine,1A,0.414805969,kha,0.707143478
2010,other,protected,pine,2,6.150016995,kha,0.24193319
2010,other,protected,pine,3,5.097426109,kha,0.281250289
2010,other,protected,pine,4,4.737913775,kha,0.277499902
2010,other,protected,pine,5,4.562865657,kha,0.257776115
2010,other,protected,pine,5A-5B,5.981564291,kha,0.265752127
2010,other,protected,pine,all,28.396413686,kha,0.160282935
2010,other,protected,spruce,1,1.86662686,kha,0.342392464
2010,other,protected,spruce,1A,0.983567173,kha,0.507052928
2010,other,protected,spruce,2,3.31844775,kha,0.356229867
2010,other,protected,spruce,3,0.664498422,kha,0.829383605
2010,other,protected,spruce,4,,kha,0.0
2010,other,protected,spruce,5,,kha,0.0
2010,other,protected,spruce,5A-5B,,kha,0.0
2010,other,protected,spruce,all,6.833140204,kha,0.251962743
2011,State Forest Management Centre,production,aspen,1,12.63519948,kha,0.158403974
2011,State Forest Management Centre,production,aspen,1A,12.633746834,kha,0.158097393
2011,State Forest Management Centre,production,aspen,2,3.581187875,kha,0.292255634
2011,State Forest Management Centre,production,aspen,3,0.125840663,kha,1.321558327
2011,State Forest Management Centre,production,aspen,4,,kha,0.0
2011,State Forest Management Centre,production,aspen,5,,kha,0.0
2011,State Forest Management Centre,production,aspen,5A-5B,,kha,0.0
2011,State Forest Management Centre,production,aspen,all,28.975974851,kha,0.113725362
2011,State Forest Management Centre,production,birch,1,65.204783805,kha,0.09013345
2011,State Forest Management Centre,production,birch,1A,18.580008706,kha,0.146201131
2011,State Forest Management Centre,production,birch,2,53.974313934,kha,0.084386843
2011,State Forest Management Centre,production,birch,3,15.208437675,kha,0.149396815
2011,State Forest Management Centre,production,birch,4,7.470751782,kha,0.339535395
2011,State Forest Management Centre,production,birch,5,2.282729711,kha,0.411228223
2011,State Forest Management Centre,production,birch,5A-5B,,kha,0.0
2011,State Forest Management Centre,production,birch,all,162.721025612,kha,0.067010243
2011,State Forest Management Centre,production,black alder,1,6.682421452,kha,0.21808573
2011,State Forest Management Centre,production,black alder,1A,1.660167063,kha,0.413857532
2011,State Forest Management Centre,production,black alder,2,6.414719513,kha,0.227746964
2011,State Forest Management Centre,production,black alder,3,0.830083531,kha,0.529045976
2011,State Forest Management Centre,production,black alder,4,0.187661134,kha,1.116816826
2011,State Forest Management Centre,production,black alder,5,0.207520883,kha,1.000166714
2011,State Forest Management Centre,production,black alder,5A-5B,,kha,0.0
2011,State Forest Management Centre,production,black alder,all,15.982573576,kha,0.165776505
2011,State Forest Management Centre,production,grey alder,1,8.04025134,kha,0.190670684
2011,State Forest Management Centre,production,grey alder,1A,2.174507571,kha,0.33072487
2011,State Forest Management Centre,production,grey alder,2,2.837702808,kha,0.304237201
2011,State Forest Management Centre,production,grey alder,3,0.207520883,kha,1.224569339
2011,State Forest Management Centre,production,grey alder,4,,kha,0.0
2011,State Forest Management Centre,production,grey alder,5,,kha,0.0
2011,State Forest Management Centre,production,grey alder,5A-5B,,kha,0.0
2011,State Forest Management Centre,production,grey alder,all,13.259982602,kha,0.153976445
2011,State Forest Management Centre,production,other,1,0.415041766,kha,0.707342535
2011,State Forest Management Centre,production,other,1A,0.622562648,kha,0.745579651
2011,State Forest Management Centre,production,other,2,0.366730904,kha,0.650524467
2011,State Forest Management Centre,production,other,3,0.207520883,kha,0.999594091
2011,State Forest Management Centre,production,other,4,,kha,0.0
2011,State Forest Management Centre,production,other,5,,kha,0.0
2011,State Forest Management Centre,production,other,5A-5B,,kha,0.0
2011,State Forest Management Centre,production,other,all,1.611856201,kha,0.433341006
2011,State Forest Management Centre,production,pine,1,73.328334028,kha,0.090438023
2011,State Forest Management Centre,production,pine,1A,18.994303396,kha,0.142901414
2011,State Forest Management Centre,production,pine,2,74.706895253,kha,0.085724642
2011,State Forest Management Centre,production,pine,3,45.514725145,kha,0.105339781
2011,State Forest Management Centre,production,pine,4,20.554507649,kha,0.137522438
2011,State Forest Management Centre,production,pine,5,13.9431621,kha,0.172687268
2011,State Forest Management Centre,production,pine,5A-5B,12.036211204,kha,0.215869168
2011,State Forest Management Centre,production,pine,all,259.078138775,kha,0.062028501
2011,State Forest Management Centre,production,spruce,1,59.539380696,kha,0.092907288
2011,State Forest Management Centre,production,spruce,1A,43.366240693,kha,0.100844646
2011,State Forest Management Centre,production,spruce,2,24.370629916,kha,0.114156183
2011,State Forest Management Centre,production,spruce,3,6.017732064,kha,0.198902094
2011,State Forest Management Centre,production,spruce,4,1.179424185,kha,0.441411136
2011,State Forest Management Centre,production,spruce,5,,kha,0.0
2011,State Forest Management Centre,production,spruce,5A-5B,,kha,0.0
2011,State Forest Management Centre,production,spruce,all,134.473407555,kha,0.071677919
2011,State Forest Management Centre,protected,aspen,1,1.456091026,kha,0.517622213
2011,State Forest Management Centre,protected,aspen,1A,3.320334125,kha,0.327165776
2011,State Forest Management Centre,protected,aspen,2,0.830083531,kha,0.624527036
2011,State Forest Management Centre,protected,aspen,3,0.207520883,kha,0.999785002
2011,State Forest Management Centre,protected,aspen,4,,kha,0.0
2011,State Forest Management Centre,protected,aspen,5,,kha,0.0
2011,State Forest Management Centre,protected,aspen,5A-5B,,kha,0.0
2011,State Forest Management Centre,protected,aspen,all,5.814029566,kha,0.263182545
2011,State Forest Management Centre,protected,birch,1,9.230425107,kha,0.230995836
2011,State Forest Management Centre,protected,birch,1A,3.735375891,kha,0.283762183
2011,State Forest Management Centre,protected,birch,2,14.58531472,kha,0.248135916
2011,State Forest Management Centre,protected,birch,3,6.591527305,kha,0.258274067
2011,State Forest Management Centre,protected,birch,4,4.565459422,kha,0.318437051
2011,State Forest Management Centre,protected,birch,5,1.245125297,kha,0.485666568
2011,State Forest Management Centre,protected,birch,5A-5B,1.037604414,kha,0.529609424
2011,State Forest Management Centre,protected,birch,all,40.990832156,kha,0.163160465
2011,State Forest Management Centre,protected,black alder,1,1.45264618,kha,0.543086666
2011,State Forest Management Centre,protected,black alder,1A,0.415041766,kha,0.789814308
2011,State Forest Management Centre,protected,black alder,2,2.141781527,kha,0.375694447
2011,State Forest Management Centre,protected,black alder,3,1.54486846,kha,0.59687928
2011,State Forest Management Centre,protected,black alder,4,0.207520883,kha,0.999594091
2011,State Forest Management Centre,protected,black alder,5,,kha,0.0
2011,State Forest Management Centre,protected,black alder,5A-5B,,kha,0.0
2011,State Forest Management Centre,protected,black alder,all,5.761858816,kha,0.290571205
2011,State Forest Management Centre,protected,grey alder,1,0.356541629,kha,0.772159454
2011,State Forest Management Centre,protected,grey alder,1A,,kha,0.0
2011,State Forest Management Centre,protected,grey alder,2,0.504960564,kha,0.607763719
2011,State Forest Management Centre,protected,grey alder,3,,kha,0.0
2011,State Forest Management Centre,protected,grey alder,4,,kha,0.0
2011,State Forest Management Centre,protected,grey alder,5,,kha,0.0
2011,State Forest Management Centre,protected,grey alder,5A-5B,,kha,0.0
2011,State Forest Management Centre,protected,grey alder,all,0.861502193,kha,0.478049114
2011,State Forest Management Centre,protected,pine,1,8.910116625,kha,0.208508534
2011,State Forest Management Centre,protected,pine,1A,2.277645449,kha,0.376500577
2011,State Forest Management Centre,protected,pine,2,15.92755979,kha,0.188382149
2011,State Forest Management Centre,protected,pine,3,18.126866106,kha,0.186333837
2011,State Forest Management Centre,protected,pine,4,13.377065884,kha,0.190775661
2011,State Forest Management Centre,protected,pine,5,10.861684511,kha,0.187691877
2011,State Forest Management Centre,protected,pine,5A-5B,14.139788136,kha,0.199594413
2011,State Forest Management Centre,protected,pine,all,83.620726501,kha,0.115480949
2011,State Forest Management Centre,protected,spruce,1,4.890582389,kha,0.27015963
2011,State Forest Management Centre,protected,spruce,1A,3.525115732,kha,0.257483683
2011,State Forest Management Centre,protected,spruce,2,4.092975876,kha,0.298067412
2011,State Forest Management Centre,protected,spruce,3,1.93461343,kha,0.42207979
2011,State Forest Management Centre,protected,spruce,4,0.415041766,kha,0.864563869
2011,State Forest Management Centre,protected,spruce,5,,kha,0.0
2011,State Forest Management Centre,protected,spruce,5A-5B,,kha,0.0
2011,State Forest Management Centre,protected,spruce,all,14.858329193,kha,0.199262035
2011,all,production,aspen,1,52.209307321,kha,0.080164602
2011,all,production,aspen,1A,31.195306933,kha,0.101765382
2011,all,production,aspen,2,19.648056433,kha,0.130575143
2011,all,production,aspen,3,3.21335711,kha,0.301265476
2011,all,production,aspen,4,0.728626572,kha,0.768435397
2011,all,production,aspen,5,,kha,0.0
2011,all,production,aspen,5A-5B,,kha,0.0
2011,all,production,aspen,all,106.994654369,kha,0.060705683
2011,all,production,birch,1,189.16929235,kha,0.045824897
2011,all,production,birch,1A,47.406796795,kha,0.093122167
2011,all,production,birch,2,221.281156766,kha,0.045091489
2011,all,production,birch,3,97.086964108,kha,0.061794571
2011,all,production,birch,4,35.391586704,kha,0.116582306
2011,all,production,birch,5,9.6348003,kha,0.221087829
2011,all,production,birch,5A-5B,2.490250594,kha,0.353530147
2011,all,production,birch,all,602.460847617,kha,0.031130181
2011,all,production,black alder,1,16.794727303,kha,0.132554247
2011,all,production,black alder,1A,3.112813242,kha,0.295247847
2011,all,production,black alder,2,30.332372846,kha,0.106254031
2011,all,production,black alder,3,7.957907054,kha,0.183313311
2011,all,production,black alder,4,1.069894663,kha,0.43642952
2011,all,production,black alder,5,0.207520883,kha,1.000166714
2011,all,production,black alder,5A-5B,,kha,0.0
2011,all,production,black alder,all,59.475235991,kha,0.086746305
2011,all,production,grey alder,1,83.916672032,kha,0.063084034
2011,all,production,grey alder,1A,17.308341488,kha,0.114894992
2011,all,production,grey alder,2,62.035877668,kha,0.073228853
2011,all,production,grey alder,3,7.700996201,kha,0.169580677
2011,all,production,grey alder,4,1.73665926,kha,0.41576219
2011,all,production,grey alder,5,,kha,0.0
2011,all,production,grey alder,5A-5B,,kha,0.0
2011,all,production,grey alder,all,172.69854665,kha,0.04918272
2011,all,production,other,1,10.973828796,kha,0.172971326
2011,all,production,other,1A,3.415731475,kha,0.29843188
2011,all,production,other,2,8.885276375,kha,0.162471943
2011,all,production,other,3,3.454081334,kha,0.270587049
2011,all,production,other,4,3.320334125,kha,0.316777598
2011,all,production,other,5,,kha,0.0
2011,all,production,other,5A-5B,,kha,0.0
2011,all,production,other,all,30.049252105,kha,0.111388159
2011,all,production,pine,1,144.211345733,kha,0.058266906
2011,all,production,pine,1A,41.883130448,kha,0.095405449
2011,all,production,pine,2,168.969977444,kha,0.054278282
2011,all,production,pine,3,117.753325514,kha,0.064546373
2011,all,production,pine,4,54.474148732,kha,0.088195381
2011,all,production,pine,5,28.851420818,kha,0.116066031
2011,all,production,pine,5A-5B,22.620938344,kha,0.149216134
2011,all,production,pine,all,578.764287033,kha,0.037641015
2011,all,production,spruce,1,145.198045275,kha,0.052409377
2011,all,production,spruce,1A,83.748663125,kha,0.068475784
2011,all,production,spruce,2,66.783996972,kha,0.069197546
2011,all,production,spruce,3,16.240563537,kha,0.13032036
2011,all,production,spruce,4,3.402678411,kha,0.289266432
2011,all,production,spruce,5,0.830083531,kha,0.612785787
2011,all,production,spruce,5A-5B,0.207520883,kha,1.225036802
2011,all,production,spruce,all,316.411551735,kha,0.041057725
2011,all,protected,aspen,1,2.286174558,kha,0.381648888
2011,all,protected,aspen,1A,4.109847324,kha,0.285685559
2011,all,protected,aspen,2,2.282729711,kha,0.382483058
2011,all,protected,aspen,3,0.207520883,kha,0.999785002
2011,all,protected,aspen,4,0.207520883,kha,1.000166716
2011,all,protected,aspen,5,,kha,0.0
2011,all,protected,aspen,5A-5B,,kha,0.0
2011,all,protected,aspen,all,9.093793358,kha,0.204382383
2011,all,protected,birch,1,12.29733473,kha,0.200136394
2011,all,protected,birch,1A,4.565459422,kha,0.295712895
2011,all,protected,birch,2,21.206351495,kha,0.184352811
2011,all,protected,birch,3,13.232195555,kha,0.167652736
2011,all,protected,birch,4,8.022798834,kha,0.229407302
2011,all,protected,birch,5,2.075208828,kha,0.432780631
2011,all,protected,birch,5A-5B,1.45264618,kha,0.473810174
2011,all,protected,birch,all,62.851995044,kha,0.118602257
2011,all,protected,black alder,1,1.660167063,kha,0.499139894
2011,all,protected,black alder,1A,0.415041766,kha,0.789814308
2011,all,protected,black alder,2,3.179385942,kha,0.323101494
2011,all,protected,black alder,3,2.374951991,kha,0.460142427
2011,all,protected,black alder,4,0.830083531,kha,0.790237069
2011,all,protected,black alder,5,,kha,0.0
2011,all,protected,black alder,5A-5B,,kha,0.0
2011,all,protected,black alder,all,8.459630292,kha,0.256438088
2011,all,protected,grey alder,1,1.601666926,kha,0.382034311
2011,all,protected,grey alder,1A,,kha,0.0
2011,all,protected,grey alder,2,1.085209705,kha,0.432944584
2011,all,protected,grey alder,3,0.415041766,kha,0.749012926
2011,all,protected,grey alder,4,,kha,0.0
2011,all,protected,grey alder,5,,kha,0.0
2011,all,protected,grey alder,5A-5B,,kha,0.0
2011,all,protected,grey alder,all,3.101918396,kha,0.287248889
2011,all,protected,pine,1,11.400367219,kha,0.190491991
2011,all,protected,pine,1A,3.315249863,kha,0.354714652
2011,all,protected,pine,2,21.873551885,kha,0.152937717
2011,all,protected,pine,3,22.458636262,kha,0.155606922
2011,all,protected,pine,4,18.532714697,kha,0.153685607
2011,all,protected,pine,5,16.431607262,kha,0.154900269
2011,all,protected,pine,5A-5B,20.157893738,kha,0.167836184
2011,all,protected,pine,all,114.170020926,kha,0.094333306
2011,all,protected,spruce,1,6.965791217,kha,0.228101819
2011,all,protected,spruce,1A,4.716762898,kha,0.223838662
2011,all,protected,spruce,2,7.620830884,kha,0.225573735
2011,all,protected,spruce,3,2.184447821,kha,0.386115535
2011,all,protected,spruce,4,0.415041766,kha,0.864563869
2011,all,protected,spruce,5,,kha,0.0
2011,all,protected,spruce,5A-5B,,kha,0.0
2011,all,protected,spruce,all,21.902874586,kha,0.160924468
2011,other,production,aspen,1,39.574107841,kha,0.09221219
2011,other,production,aspen,1A,18.561560099,kha,0.129373298
2011,other,production,aspen,2,16.066868558,kha,0.143876027
2011,other,production,aspen,3,3.087516447,kha,0.309114047
2011,other,production,aspen,4,0.728626572,kha,0.768435397
2011,other,production,aspen,5,,kha,0.0
2011,other,production,aspen,5A-5B,,kha,0.0
2011,other,production,aspen,all,78.018679517,kha,0.071961552
2011,other,production,birch,1,123.964508545,kha,0.053263846
2011,other,production,birch,1A,28.826788089,kha,0.112974476
2011,other,production,birch,2,167.306842833,kha,0.053283341
2011,other,production,birch,3,81.878526434,kha,0.06911751
2011,other,production,birch,4,27.920834923,kha,0.127398247
2011,other,production,birch,5,7.352070589,kha,0.249506811
2011,other,production,birch,5A-5B,2.490250594,kha,0.353530147
2011,other,production,birch,all,439.739822005,kha,0.037125955
2011,other,production,black alder,1,10.112305851,kha,0.164263456
2011,other,production,black alder,1A,1.45264618,kha,0.421845985
2011,other,production,black alder,2,23.917653333,kha,0.1154512
2011,other,production,black alder,3,7.127823523,kha,0.195741704
2011,other,production,black alder,4,0.882233529,kha,0.473666155
2011,other,production,black alder,5,,kha,0.0
2011,other,production,black alder,5A-5B,,kha,0.0
2011,other,production,black alder,all,43.492662415,kha,0.099152899
2011,other,production,grey alder,1,75.876420692,kha,0.065780693
2011,other,production,grey alder,1A,15.133833917,kha,0.12229048
2011,other,production,grey alder,2,59.198174861,kha,0.075313934
2011,other,production,grey alder,3,7.493475318,kha,0.173246925
2011,other,production,grey alder,4,1.73665926,kha,0.41576219
2011,other,production,grey alder,5,,kha,0.0
2011,other,production,grey alder,5A-5B,,kha,0.0
2011,other,production,grey alder,all,159.438564048,kha,0.051346442
2011,other,production,other,1,10.55878703,kha,0.177657907
2011,other,production,other,1A,2.793168826,kha,0.325119955
2011,other,production,other,2,8.518545471,kha,0.167178525
2011,other,production,other,3,3.246560451,kha,0.28084745
2011,other,production,other,4,3.320334125,kha,0.316777598
2011,other,production,other,5,,kha,0.0
2011,other,production,other,5A-5B,,kha,0.0
2011,other,production,other,all,28.437395904,kha,0.115684046
2011,other,production,pine,1,70.883011705,kha,0.075580926
2011,other,production,pine,1A,22.888827052,kha,0.116958303
2011,other,production,pine,2,94.263082191,kha,0.076285375
2011,other,production,pine,3,72.238600368,kha,0.079786459
2011,other,production,pine,4,33.919641082,kha,0.108961556
2011,other,production,pine,5,14.908258718,kha,0.151711904
2011,other,production,pine,5A-5B,10.584727141,kha,0.210031684
2011,other,production,pine,all,319.686148257,kha,0.050648413
2011,other,production,spruce,1,85.658664579,kha,0.062310996
2011,other,production,spruce,1A,40.382422432,kha,0.086143965
2011,other,production,spruce,2,42.413367056,kha,0.093382888
2011,other,production,spruce,3,10.222831473,kha,0.16723772
2011,other,production,spruce,4,2.223254226,kha,0.345256488
2011,other,production,spruce,5,0.830083531,kha,0.612785787
2011,other,production,spruce,5A-5B,0.207520883,kha,1.225036802
2011,other,production,spruce,all,181.93814418,kha,0.050259913
2011,other,protected,aspen,1,0.830083531,kha,0.530166492
2011,other,protected,aspen,1A,0.789513199,kha,0.466100909
2011,other,protected,aspen,2,1.45264618,kha,0.390856626
2011,other,protected,aspen,3,,kha,0.0
2011,other,protected,aspen,4,0.207520883,kha,1.000166716
2011,other,protected,aspen,5,,kha,0.0
2011,other,protected,aspen,5A-5B,,kha,0.0
2011,other,protected,aspen,all,3.279763793,kha,0.265430444
2011,other,protected,birch,1,3.066909623,kha,0.340541807
2011,other,protected,birch,1A,0.830083531,kha,0.800539215
2011,other,protected,birch,2,6.621036775,kha,0.239010195
2011,other,protected,birch,3,6.64066825,kha,0.227941357
2011,other,protected,birch,4,3.457339412,kha,0.327330982
2011,other,protected,birch,5,0.830083531,kha,0.624885054
2011,other,protected,birch,5A-5B,0.415041766,kha,0.999403143
2011,other,protected,birch,all,21.861162888,kha,0.155661514
2011,other,protected,black alder,1,0.207520883,kha,1.224725177
2011,other,protected,black alder,1A,,kha,0.0
2011,other,protected,black alder,2,1.037604414,kha,0.547817887
2011,other,protected,black alder,3,0.830083531,kha,0.706937694
2011,other,protected,black alder,4,0.622562648,kha,0.745067518
2011,other,protected,black alder,5,,kha,0.0
2011,other,protected,black alder,5A-5B,,kha,0.0
2011,other,protected,black alder,all,2.697771477,kha,0.448382763
2011,other,protected,grey alder,1,1.245125297,kha,0.43982939
2011,other,protected,grey alder,1A,,kha,0.0
2011,other,protected,grey alder,2,0.58024914,kha,0.613722002
2011,other,protected,grey alder,3,0.415041766,kha,0.749012926
2011,other,protected,grey alder,4,,kha,0.0
2011,other,protected,grey alder,5,,kha,0.0
2011,other,protected,grey alder,5A-5B,,kha,0.0
2011,other,protected,grey alder,all,2.240416203,kha,0.353698933
2011,other,protected,pine,1,2.490250594,kha,0.399741493
2011,other,protected,pine,1A,1.037604414,kha,0.5294968
2011,other,protected,pine,2,5.945992095,kha,0.257706025
2011,other,protected,pine,3,4.331770156,kha,0.311966671
2011,other,protected,pine,4,5.155648813,kha,0.268117477
2011,other,protected,pine,5,5.569922751,kha,0.243989884
2011,other,protected,pine,5A-5B,6.018105602,kha,0.277913753
2011,other,protected,pine,all,30.549294425,kha,0.156199081
2011,other,protected,spruce,1,2.075208828,kha,0.335009177
2011,other,protected,spruce,1A,1.191647165,kha,0.453824449
2011,other,protected,spruce,2,3.527855008,kha,0.343075002
2011,other,protected,spruce,3,0.249834391,kha,0.85577798
2011,other,protected,spruce,4,,kha,0.0
2011,other,protected,spruce,5,,kha,0.0
2011,other,protected,spruce,5A-5B,,kha,0.0
2011,other,protected,spruce,all,7.044545392,kha,0.249476676
2012,State Forest Management Centre,production,aspen,1,13.48296126,kha,0.151075153
2012,State Forest Management Centre,production,aspen,1A,12.543261693,kha,0.151650222
2012,State Forest Management Centre,production,aspen,2,2.852940722,kha,0.335352327
2012,State Forest Management Centre,production,aspen,3,0.334752602,kha,0.727173445
2012,State Forest Management Centre,production,aspen,4,0.208386829,kha,0.999381728
2012,State Forest Management Centre,production,aspen,5,,kha,0.0
2012,State Forest Management Centre,production,aspen,5A-5B,,kha,0.0
2012,State Forest Management Centre,production,aspen,all,29.422303107,kha,0.107903063
2012,State Forest Management Centre,production,birch,1,69.879709909,kha,0.089252551
2012,State Forest Management Centre,production,birch,1A,20.028620787,kha,0.130626696
2012,State Forest Management Centre,production,birch,2,51.783981155,kha,0.0862051
2012,State Forest Management Centre,production,birch,3,14.298066342,kha,0.146465012
2012,State Forest Management Centre,production,birch,4,4.58451024,kha,0.229627355
2012,State Forest Management Centre,production,birch,5,1.667094633,kha,0.483514004
2012,State Forest Management Centre,production,birch,5A-5B,,kha,0.0
2012,State Forest Management Centre,production,birch,all,162.241983066,kha,0.064555521
2012,State Forest Management Centre,production,black alder,1,7.335466448,kha,0.195113536
2012,State Forest Management Centre,production,black alder,1A,1.667094633,kha,0.404451628
2012,State Forest Management Centre,production,black alder,2,7.066647438,kha,0.210636109
2012,State Forest Management Centre,production,black alder,3,0.625160487,kha,0.600241849
2012,State Forest Management Centre,production,black alder,4,0.18844421,kha,1.116794663
2012,State Forest Management Centre,production,black alder,5,0.208386829,kha,1.000148666
2012,State Forest Management Centre,production,black alder,5A-5B,,kha,0.0
2012,State Forest Management Centre,production,black alder,all,17.091200044,kha,0.15089592
2012,State Forest Management Centre,production,grey alder,1,7.610932997,kha,0.189715768
2012,State Forest Management Centre,production,grey alder,1A,2.021289726,kha,0.329038028
2012,State Forest Management Centre,production,grey alder,2,3.057930846,kha,0.285009045
2012,State Forest Management Centre,production,grey alder,3,0.208386829,kha,1.22455323
2012,State Forest Management Centre,production,grey alder,4,,kha,0.0
2012,State Forest Management Centre,production,grey alder,5,,kha,0.0
2012,State Forest Management Centre,production,grey alder,5A-5B,,kha,0.0
2012,State Forest Management Centre,production,grey alder,all,12.898540398,kha,0.15150911
2012,State Forest Management Centre,production,other,1,0.416773658,kha,0.706910384
2012,State Forest Management Centre,production,other,1A,1.041934145,kha,0.529431166
2012,State Forest Management Centre,production,other,2,0.720705848,kha,0.529992776
2012,State Forest Management Centre,production,other,3,0.208386829,kha,0.999573519
2012,State Forest Management Centre,production,other,4,,kha,0.0
2012,State Forest Management Centre,production,other,5,,kha,0.0
2012,State Forest Management Centre,production,other,5A-5B,,kha,0.0
2012,State Forest Management Centre,production,other,all,2.387800481,kha,0.342087818
2012,State Forest Management Centre,production,pine,1,77.15736985,kha,0.088823882
2012,State Forest Management Centre,production,pine,1A,22.335004534,kha,0.13986972
2012,State Forest Management Centre,production,pine,2,72.615203814,kha,0.08748146
2012,State Forest Management Centre,production,pine,3,41.879105105,kha,0.097317686
2012,State Forest Management Centre,production,pine,4,20.196684765,kha,0.140955322
2012,State Forest Management Centre,production,pine,5,13.802980914,kha,0.167984578
2012,State Forest Management Centre,production,pine,5A-5B,12.503209745,kha,0.204248504
2012,State Forest Management Centre,production,pine,all,260.489558726,kha,0.062476314
2012,State Forest Management Centre,production,spruce,1,63.947041079,kha,0.085084264
2012,State Forest Management Centre,production,spruce,1A,43.413290618,kha,0.100516387
2012,State Forest Management Centre,production,spruce,2,22.532263506,kha,0.120524833
2012,State Forest Management Centre,production,spruce,3,5.147550613,kha,0.20616366
2012,State Forest Management Centre,production,spruce,4,0.975958875,kha,0.468414379
2012,State Forest Management Centre,production,spruce,5,,kha,0.0
2012,State Forest Management Centre,production,spruce,5A-5B,,kha,0.0
2012,State Forest Management Centre,production,spruce,all,136.016104691,kha,0.069370735
2012,State Forest Management Centre,protected,aspen,1,1.041934145,kha,0.547714027
2012,State Forest Management Centre,protected,aspen,1A,3.750962923,kha,0.322017558
2012,State Forest Management Centre,protected,aspen,2,0.833547316,kha,0.624878457
2012,State Forest Management Centre,protected,aspen,3,0.208386829,kha,1.000340312
2012,State Forest Management Centre,protected,aspen,4,,kha,0.0
2012,State Forest Management Centre,protected,aspen,5,,kha,0.0
2012,State Forest Management Centre,protected,aspen,5A-5B,,kha,0.0
2012,State Forest Management Centre,protected,aspen,all,5.834831214,kha,0.267888506
2012,State Forest Management Centre,protected,birch,1,10.41434017,kha,0.204827096
2012,State Forest Management Centre,protected,birch,1A,4.267303808,kha,0.318014912
2012,State Forest Management Centre,protected,birch,2,17.296648619,kha,0.193937347
2012,State Forest Management Centre,protected,birch,3,6.827419358,kha,0.228387503
2012,State Forest Management Centre,protected,birch,4,4.167736582,kha,0.329798441
2012,State Forest Management Centre,protected,birch,5,0.833547316,kha,0.612145644
2012,State Forest Management Centre,protected,birch,5A-5B,0.625160487,kha,0.576611266
2012,State Forest Management Centre,protected,birch,all,44.432156341,kha,0.136977454
2012,State Forest Management Centre,protected,black alder,1,2.446940663,kha,0.481437451
2012,State Forest Management Centre,protected,black alder,1A,0.208386829,kha,1.117309473
2012,State Forest Management Centre,protected,black alder,2,2.984266102,kha,0.362112771
2012,State Forest Management Centre,protected,black alder,3,2.384862227,kha,0.456496525
2012,State Forest Management Centre,protected,black alder,4,0.208386829,kha,0.999573519
2012,State Forest Management Centre,protected,black alder,5,,kha,0.0
2012,State Forest Management Centre,protected,black alder,5A-5B,,kha,0.0
2012,State Forest Management Centre,protected,black alder,all,8.23284265,kha,0.24633351
2012,State Forest Management Centre,protected,grey alder,1,0.56641624,kha,0.664415902
2012,State Forest Management Centre,protected,grey alder,1A,,kha,0.0
2012,State Forest Management Centre,protected,grey alder,2,0.298680842,kha,0.759733178
2012,State Forest Management Centre,protected,grey alder,3,,kha,0.0
2012,State Forest Management Centre,protected,grey alder,4,,kha,0.0
2012,State Forest Management Centre,protected,grey alder,5,,kha,0.0
2012,State Forest Management Centre,protected,grey alder,5A-5B,,kha,0.0
2012,State Forest Management Centre,protected,grey alder,all,0.865097082,kha,0.507640451
2012,State Forest Management Centre,protected,pine,1,11.15828115,kha,0.200883188
2012,State Forest Management Centre,protected,pine,1A,2.896681118,kha,0.324959377
2012,State Forest Management Centre,protected,pine,2,19.446242116,kha,0.17060943
2012,State Forest Management Centre,protected,pine,3,18.281880708,kha,0.176529223
2012,State Forest Management Centre,protected,pine,4,14.745639574,kha,0.171404218
2012,State Forest Management Centre,protected,pine,5,12.209092574,kha,0.174907754
2012,State Forest Management Centre,protected,pine,5A-5B,16.907819635,kha,0.17881846
2012,State Forest Management Centre,protected,pine,all,95.645636874,kha,0.101992662
2012,State Forest Management Centre,protected,spruce,1,6.737854699,kha,0.227879617
2012,State Forest Management Centre,protected,spruce,1A,5.197084162,kha,0.264212337
2012,State Forest Management Centre,protected,spruce,2,4.318441936,kha,0.282292718
2012,State Forest Management Centre,protected,spruce,3,2.480928555,kha,0.347870311
2012,State Forest Management Centre,protected,spruce,4,0.416773658,kha,0.70663917
2012,State Forest Management Centre,protected,spruce,5,,kha,0.0
2012,State Forest Management Centre,protected,spruce,5A-5B,,kha,0.0
2012,State Forest Management Centre,protected,spruce,all,19.151083011,kha,0.171886295
2012,all,production,aspen,1,52.092206114,kha,0.078121772
2012,all,production,aspen,1A,32.536790138,kha,0.098580436
2012,all,production,aspen,2,17.461128343,kha,0.138904198
2012,all,production,aspen,3,3.226765855,kha,0.309387185
2012,all,production,aspen,4,0.940053825,kha,0.674881381
2012,all,production,aspen,5,,kha,0.0
2012,all,production,aspen,5A-5B,,kha,0.0
2012,all,production,aspen,all,106.256944275,kha,0.058968848
2012,all,production,birch,1,195.932006755,kha,0.044932739
2012,all,production,birch,1A,51.956066998,kha,0.082603218
2012,all,production,birch,2,216.959258904,kha,0.044387903
2012,all,production,birch,3,95.402428606,kha,0.060819849
2012,all,production,birch,4,28.662503889,kha,0.105517984
2012,all,production,birch,5,8.216296736,kha,0.24734018
2012,all,production,birch,5A-5B,2.500641949,kha,0.352753107
2012,all,production,birch,all,599.629203837,kha,0.029777353
2012,all,production,black alder,1,19.779723558,kha,0.127068118
2012,all,production,black alder,1A,3.125802436,kha,0.282127797
2012,all,production,black alder,2,29.649840686,kha,0.100801052
2012,all,production,black alder,3,6.532406125,kha,0.18371412
2012,all,production,black alder,4,0.865972307,kha,0.485411171
2012,all,production,black alder,5,0.208386829,kha,1.000148666
2012,all,production,black alder,5A-5B,,kha,0.0
2012,all,production,black alder,all,60.162131941,kha,0.079480198
2012,all,production,grey alder,1,92.8058662,kha,0.063357617
2012,all,production,grey alder,1A,19.686449614,kha,0.108619288
2012,all,production,grey alder,2,60.879128504,kha,0.072597515
2012,all,production,grey alder,3,7.316357376,kha,0.175111069
2012,all,production,grey alder,4,1.743906018,kha,0.416027309
2012,all,production,grey alder,5,,kha,0.0
2012,all,production,grey alder,5A-5B,,kha,0.0
2012,all,production,grey alder,all,182.43170771,kha,0.048541847
2012,all,production,other,1,10.186073237,kha,0.166006177
2012,all,production,other,1A,5.369149167,kha,0.2304107
2012,all,production,other,2,8.995475928,kha,0.1539986
2012,all,production,other,3,3.885268235,kha,0.245467209
2012,all,production,other,4,3.125802436,kha,0.323322338
2012,all,production,other,5,,kha,0.0
2012,all,production,other,5A-5B,,kha,0.0
2012,all,production,other,all,31.561769004,kha,0.103972714
2012,all,production,pine,1,149.710932841,kha,0.056390698
2012,all,production,pine,1A,46.564099473,kha,0.090085304
2012,all,production,pine,2,166.51109984,kha,0.052891936
2012,all,production,pine,3,107.048459968,kha,0.063410812
2012,all,production,pine,4,50.153104153,kha,0.089075923
2012,all,production,pine,5,26.944062742,kha,0.117038127
2012,all,production,pine,5A-5B,21.988290528,kha,0.14898879
2012,all,production,pine,all,568.920049545,kha,0.036922141
2012,all,production,spruce,1,146.697992711,kha,0.050757469
2012,all,production,spruce,1A,84.515175366,kha,0.066904183
2012,all,production,spruce,2,63.142334499,kha,0.071224191
2012,all,production,spruce,3,15.158558075,kha,0.127838305
2012,all,production,spruce,4,3.20849033,kha,0.276176066
2012,all,production,spruce,5,0.833547316,kha,0.612600514
2012,all,production,spruce,5A-5B,0.208386829,kha,1.225022751
2012,all,production,spruce,all,313.764485127,kha,0.039850521
2012,all,protected,aspen,1,1.875481462,kha,0.384767662
2012,all,protected,aspen,1A,4.335383786,kha,0.28521477
2012,all,protected,aspen,2,2.083868291,kha,0.405731163
2012,all,protected,aspen,3,0.208386829,kha,1.000340312
2012,all,protected,aspen,4,0.208386829,kha,1.000148669
2012,all,protected,aspen,5,,kha,0.0
2012,all,protected,aspen,5A-5B,,kha,0.0
2012,all,protected,aspen,all,8.711507196,kha,0.203485683
2012,all,protected,birch,1,12.452113294,kha,0.183506179
2012,all,protected,birch,1A,5.309237954,kha,0.302969014
2012,all,protected,birch,2,24.153700585,kha,0.150742177
2012,all,protected,birch,3,13.079024231,kha,0.155312328
2012,all,protected,birch,4,7.431116002,kha,0.238334205
2012,all,protected,birch,5,1.041934145,kha,0.528779042
2012,all,protected,birch,5A-5B,1.041934145,kha,0.528488951
2012,all,protected,birch,all,64.509060357,kha,0.10433705
2012,all,protected,black alder,1,3.07210115,kha,0.518582786
2012,all,protected,black alder,1A,0.208386829,kha,1.117309473
2012,all,protected,black alder,2,3.817813418,kha,0.322536073
2012,all,protected,black alder,3,2.801635885,kha,0.415991034
2012,all,protected,black alder,4,0.625160487,kha,0.999573519
2012,all,protected,black alder,5,,kha,0.0
2012,all,protected,black alder,5A-5B,,kha,0.0
2012,all,protected,black alder,all,10.52509777,kha,0.242963864
2012,all,protected,grey alder,1,1.608350386,kha,0.372223964
2012,all,protected,grey alder,1A,0.416773658,kha,0.706791738
2012,all,protected,grey alder,2,0.881351255,kha,0.4608911
2012,all,protected,grey alder,3,0.416773658,kha,0.706978172
2012,all,protected,grey alder,4,,kha,0.0
2012,all,protected,grey alder,5,,kha,0.0
2012,all,protected,grey alder,5A-5B,,kha,0.0
2012,all,protected,grey alder,all,3.323248957,kha,0.265739042
2012,all,protected,pine,1,13.658923099,kha,0.180977692
2012,all,protected,pine,1A,3.938615263,kha,0.314708235
2012,all,protected,pine,2,24.58349842,kha,0.147173836
2012,all,protected,pine,3,21.469469839,kha,0.156234876
2012,all,protected,pine,4,19.746923472,kha,0.141500293
2012,all,protected,pine,5,16.968710266,kha,0.151100601
2012,all,protected,pine,5A-5B,21.700716704,kha,0.159190644
2012,all,protected,pine,all,122.066857062,kha,0.08788321
2012,all,protected,spruce,1,9.238496648,kha,0.199067819
2012,all,protected,spruce,1A,6.393703851,kha,0.231527579
2012,all,protected,spruce,2,7.235857543,kha,0.217804589
2012,all,protected,spruce,3,2.940192288,kha,0.310311629
2012,all,protected,spruce,4,0.416773658,kha,0.70663917
2012,all,protected,spruce,5,,kha,0.0
2012,all,protected,spruce,5A-5B,,kha,0.0
2012,all,protected,spruce,all,26.225023988,kha,0.143512115
2012,other,production,aspen,1,38.609244854,kha,0.091086504
2012,other,production,aspen,1A,19.993528445,kha,0.123139892
2012,other,production,aspen,2,14.608187621,kha,0.147802305
2012,other,production,aspen,3,2.892013253,kha,0.335026637
2012,other,production,aspen,4,0.731666996,kha,0.768267931
2012,other,production,aspen,5,,kha,0.0
2012,other,production,aspen,5A-5B,,kha,0.0
2012,other,production,aspen,all,76.834641168,kha,0.07145507
2012,other,production,birch,1,126.052296846,kha,0.052799133
2012,other,production,birch,1A,31.927446211,kha,0.106637877
2012,other,production,birch,2,165.175277749,kha,0.051775797
2012,other,production,birch,3,81.104362264,kha,0.067770561
2012,other,production,birch,4,24.07799365,kha,0.115030856
2012,other,production,birch,5,6.549202103,kha,0.26511034
2012,other,production,birch,5A-5B,2.500641949,kha,0.352753107
2012,other,production,birch,all,437.387220772,kha,0.03570994
2012,other,production,black alder,1,12.444257111,kha,0.164272135
2012,other,production,black alder,1A,1.458707804,kha,0.390827149
2012,other,production,black alder,2,22.583193247,kha,0.108648914
2012,other,production,black alder,3,5.907245637,kha,0.193311163
2012,other,production,black alder,4,0.677528097,kha,0.537894447
2012,other,production,black alder,5,,kha,0.0
2012,other,production,black alder,5A-5B,,kha,0.0
2012,other,production,black alder,all,43.070931896,kha,0.089480263
2012,other,production,grey alder,1,85.194933203,kha,0.066501131
2012,other,production,grey alder,1A,17.665159888,kha,0.114664285
2012,other,production,grey alder,2,57.821197658,kha,0.074356675
2012,other,production,grey alder,3,7.107970546,kha,0.17912629
2012,other,production,grey alder,4,1.743906018,kha,0.416027309
2012,other,production,grey alder,5,,kha,0.0
2012,other,production,grey alder,5A-5B,,kha,0.0
2012,other,production,grey alder,all,169.533167312,kha,0.05074218
2012,other,production,other,1,9.769299579,kha,0.170545595
2012,other,production,other,1A,4.327215022,kha,0.255935559
2012,other,production,other,2,8.27477008,kha,0.160988872
2012,other,production,other,3,3.676881406,kha,0.253253561
2012,other,production,other,4,3.125802436,kha,0.323322338
2012,other,production,other,5,,kha,0.0
2012,other,production,other,5A-5B,,kha,0.0
2012,other,production,other,all,29.173968523,kha,0.109420757
2012,other,production,pine,1,72.55356299,kha,0.072526656
2012,other,production,pine,1A,24.229094939,kha,0.11361238
2012,other,production,pine,2,93.895896025,kha,0.07184608
2012,other,production,pine,3,65.169354863,kha,0.080761736
2012,other,production,pine,4,29.956419389,kha,0.108123806
2012,other,production,pine,5,13.141081828,kha,0.155697841
2012,other,production,pine,5A-5B,9.485080783,kha,0.20880008
2012,other,production,pine,all,308.430490818,kha,0.04855095
2012,other,production,spruce,1,82.750951632,kha,0.061709073
2012,other,production,spruce,1A,41.101884748,kha,0.083691707
2012,other,production,spruce,2,40.610070993,kha,0.094536579
2012,other,production,spruce,3,10.011007462,kha,0.156387858
2012,other,production,spruce,4,2.232531455,kha,0.315521224
2012,other,production,spruce,5,0.833547316,kha,0.612600514
2012,other,production,spruce,5A-5B,0.208386829,kha,1.225022751
2012,other,production,spruce,all,177.748380436,kha,0.048620111
2012,other,protected,aspen,1,0.833547316,kha,0.530124695
2012,other,protected,aspen,1A,0.584420862,kha,0.579982003
2012,other,protected,aspen,2,1.250320974,kha,0.416023254
2012,other,protected,aspen,3,,kha,0.0
2012,other,protected,aspen,4,0.208386829,kha,1.000148669
2012,other,protected,aspen,5,,kha,0.0
2012,other,protected,aspen,5A-5B,,kha,0.0
2012,other,protected,aspen,all,2.876675982,kha,0.274293056
2012,other,protected,birch,1,2.037773124,kha,0.383862003
2012,other,protected,birch,1A,1.041934145,kha,0.67047043
2012,other,protected,birch,2,6.857051966,kha,0.217063338
2012,other,protected,birch,3,6.251604872,kha,0.229607329
2012,other,protected,birch,4,3.263379421,kha,0.336348707
2012,other,protected,birch,5,0.208386829,kha,0.999573519
2012,other,protected,birch,5A-5B,0.416773658,kha,0.999765272
2012,other,protected,birch,all,20.076904015,kha,0.154188579
2012,other,protected,black alder,1,0.625160487,kha,0.849785974
2012,other,protected,black alder,1A,,kha,0.0
2012,other,protected,black alder,2,0.833547316,kha,0.61261518
2012,other,protected,black alder,3,0.416773658,kha,0.999573519
2012,other,protected,black alder,4,0.416773658,kha,0.999573519
2012,other,protected,black alder,5,,kha,0.0
2012,other,protected,black alder,5A-5B,,kha,0.0
2012,other,protected,black alder,all,2.29225512,kha,0.485089434
2012,other,protected,grey alder,1,1.041934145,kha,0.44720315
2012,other,protected,grey alder,1A,0.416773658,kha,0.706791738
2012,other,protected,grey alder,2,0.582670413,kha,0.579252271
2012,other,protected,grey alder,3,0.416773658,kha,0.706978172
2012,other,protected,grey alder,4,,kha,0.0
2012,other,protected,grey alder,5,,kha,0.0
2012,other,protected,grey alder,5A-5B,,kha,0.0
2012,other,protected,grey alder,all,2.458151874,kha,0.312331876
2012,other,protected,pine,1,2.500641949,kha,0.368168839
2012,other,protected,pine,1A,1.041934145,kha,0.52895574
2012,other,protected,pine,2,5.137256304,kha,0.254360542
2012,other,protected,pine,3,3.187589131,kha,0.273761197
2012,other,protected,pine,4,5.001283898,kha,0.257137972
2012,other,protected,pine,5,4.759617692,kha,0.280100568
2012,other,protected,pine,5A-5B,4.792897069,kha,0.311215859
2012,other,protected,pine,all,26.421220188,kha,0.151145158
2012,other,protected,spruce,1,2.500641949,kha,0.327338624
2012,other,protected,spruce,1A,1.196619689,kha,0.428180404
2012,other,protected,spruce,2,2.917415607,kha,0.351038039
2012,other,protected,spruce,3,0.459263733,kha,0.648280464
2012,other,protected,spruce,4,,kha,0.0
2012,other,protected,spruce,5,,kha,0.0
2012,other,protected,spruce,5A-5B,,kha,0.0
2012,other,protected,spruce,all,7.073940977,kha,0.236348004
2013,State Forest Management Centre,production,aspen,1,12.523985135,kha,0.144856569
2013,State Forest Management Centre,production,aspen,1A,12.920966091,kha,0.135546585
2013,State Forest Management Centre,production,aspen,2,1.594517021,kha,0.355808692
2013,State Forest Management Centre,production,aspen,3,0.207333241,kha,0.999393646
2013,State Forest Management Centre,production,aspen,4,0.207333241,kha,0.999393646
2013,State Forest Management Centre,production,aspen,5,,kha,0.0
2013,State Forest Management Centre,production,aspen,5A-5B,,kha,0.0
2013,State Forest Management Centre,production,aspen,all,27.454134727,kha,0.099085348
2013,State Forest Management Centre,production,birch,1,69.74219569,kha,0.083184592
2013,State Forest Management Centre,production,birch,1A,18.061358393,kha,0.129745525
2013,State Forest Management Centre,production,birch,2,55.247508102,kha,0.08130582
2013,State Forest Management Centre,production,birch,3,15.069747063,kha,0.142767542
2013,State Forest Management Centre,production,birch,4,4.975997776,kha,0.252308426
2013,State Forest Management Centre,production,birch,5,1.658665925,kha,0.431872844
2013,State Forest Management Centre,production,birch,5A-5B,,kha,0.0
2013,State Forest Management Centre,production,birch,all,164.755472949,kha,0.06127572
2013,State Forest Management Centre,production,black alder,1,7.593331139,kha,0.182639653
2013,State Forest Management Centre,production,black alder,1A,1.97542965,kha,0.367617146
2013,State Forest Management Centre,production,black alder,2,7.482739588,kha,0.198276304
2013,State Forest Management Centre,production,black alder,3,0.829332963,kha,0.499610035
2013,State Forest Management Centre,production,black alder,4,0.18749145,kha,0.999584475
2013,State Forest Management Centre,production,black alder,5,,kha,0.0
2013,State Forest Management Centre,production,black alder,5A-5B,,kha,0.0
2013,State Forest Management Centre,production,black alder,all,18.06832479,kha,0.146184903
2013,State Forest Management Centre,production,grey alder,1,8.327746944,kha,0.170044922
2013,State Forest Management Centre,production,grey alder,1A,2.218403475,kha,0.301982786
2013,State Forest Management Centre,production,grey alder,2,4.079136376,kha,0.250649846
2013,State Forest Management Centre,production,grey alder,3,0.621999722,kha,0.57740154
2013,State Forest Management Centre,production,grey alder,4,,kha,0.0
2013,State Forest Management Centre,production,grey alder,5,,kha,0.0
2013,State Forest Management Centre,production,grey alder,5A-5B,,kha,0.0
2013,State Forest Management Centre,production,grey alder,all,15.247286517,kha,0.133634562
2013,State Forest Management Centre,production,other,1,0.207333241,kha,0.999775268
2013,State Forest Management Centre,production,other,1A,1.451332685,kha,0.428396748
2013,State Forest Management Centre,production,other,2,0.661662571,kha,0.546682513
2013,State Forest Management Centre,production,other,3,0.414666481,kha,0.706788925
2013,State Forest Management Centre,production,other,4,0.207333241,kha,1.000538071
2013,State Forest Management Centre,production,other,5,,kha,0.0
2013,State Forest Management Centre,production,other,5A-5B,,kha,0.0
2013,State Forest Management Centre,production,other,all,2.942328218,kha,0.299372111
2013,State Forest Management Centre,production,pine,1,81.73797866,kha,0.081503481
2013,State Forest Management Centre,production,pine,1A,23.024107574,kha,0.126978911
2013,State Forest Management Centre,production,pine,2,75.860495954,kha,0.081249263
2013,State Forest Management Centre,production,pine,3,44.542187955,kha,0.091254004
2013,State Forest Management Centre,production,pine,4,22.068384268,kha,0.126498407
2013,State Forest Management Centre,production,pine,5,14.109877092,kha,0.159658351
2013,State Forest Management Centre,production,pine,5A-5B,12.85466092,kha,0.190735009
2013,State Forest Management Centre,production,pine,all,274.197692424,kha,0.057825011
2013,State Forest Management Centre,production,spruce,1,65.368500978,kha,0.08190844
2013,State Forest Management Centre,production,spruce,1A,50.437522053,kha,0.090133093
2013,State Forest Management Centre,production,spruce,2,22.915589356,kha,0.117040313
2013,State Forest Management Centre,production,spruce,3,4.706858496,kha,0.202848037
2013,State Forest Management Centre,production,spruce,4,1.593024221,kha,0.354088158
2013,State Forest Management Centre,production,spruce,5,,kha,0.0
2013,State Forest Management Centre,production,spruce,5A-5B,,kha,0.0
2013,State Forest Management Centre,production,spruce,all,145.021495104,kha,0.065196184
2013,State Forest Management Centre,protected,aspen,1,1.243999444,kha,0.471467309
2013,State Forest Management Centre,protected,aspen,1A,3.939331572,kha,0.287407179
2013,State Forest Management Centre,protected,aspen,2,0.829332963,kha,0.61171801
2013,State Forest Management Centre,protected,aspen,3,0.207333241,kha,1.000347426
2013,State Forest Management Centre,protected,aspen,4,,kha,0.0
2013,State Forest Management Centre,protected,aspen,5,,kha,0.0
2013,State Forest Management Centre,protected,aspen,5A-5B,,kha,0.0
2013,State Forest Management Centre,protected,aspen,all,6.219997219,kha,0.241869112
2013,State Forest Management Centre,protected,birch,1,14.691923699,kha,0.185569405
2013,State Forest Management Centre,protected,birch,1A,4.038395395,kha,0.29557578
2013,State Forest Management Centre,protected,birch,2,17.416531281,kha,0.198814579
2013,State Forest Management Centre,protected,birch,3,7.000233671,kha,0.23053539
2013,State Forest Management Centre,protected,birch,4,4.146664813,kha,0.303979338
2013,State Forest Management Centre,protected,birch,5,1.036666203,kha,0.528982398
2013,State Forest Management Centre,protected,birch,5A-5B,0.829332963,kha,0.498744361
2013,State Forest Management Centre,protected,birch,all,49.159748024,kha,0.130807012
2013,State Forest Management Centre,protected,black alder,1,3.678568556,kha,0.330110531
2013,State Forest Management Centre,protected,black alder,1A,0.207333241,kha,0.999775267
2013,State Forest Management Centre,protected,black alder,2,2.761844632,kha,0.340281381
2013,State Forest Management Centre,protected,black alder,3,1.543471577,kha,0.407839376
2013,State Forest Management Centre,protected,black alder,4,0.207333241,kha,0.999011879
2013,State Forest Management Centre,protected,black alder,5,,kha,0.0
2013,State Forest Management Centre,protected,black alder,5A-5B,,kha,0.0
2013,State Forest Management Centre,protected,black alder,all,8.398551246,kha,0.216117482
2013,State Forest Management Centre,protected,grey alder,1,0.8195261,kha,0.477431234
2013,State Forest Management Centre,protected,grey alder,1A,,kha,0.0
2013,State Forest Management Centre,protected,grey alder,2,0.494821512,kha,0.605569897
2013,State Forest Management Centre,protected,grey alder,3,,kha,0.0
2013,State Forest Management Centre,protected,grey alder,4,,kha,0.0
2013,State Forest Management Centre,protected,grey alder,5,,kha,0.0
2013,State Forest Management Centre,protected,grey alder,5A-5B,,kha,0.0
2013,State Forest Management Centre,protected,grey alder,all,1.314347612,kha,0.374344367
2013,State Forest Management Centre,protected,pine,1,11.760210943,kha,0.189277981
2013,State Forest Management Centre,protected,pine,1A,2.674702471,kha,0.314102965
2013,State Forest Management Centre,protected,pine,2,22.457921961,kha,0.146376604
2013,State Forest Management Centre,protected,pine,3,20.132969933,kha,0.155667338
2013,State Forest Management Centre,protected,pine,4,15.500419671,kha,0.160380315
2013,State Forest Management Centre,protected,pine,5,13.298043055,kha,0.170598138
2013,State Forest Management Centre,protected,pine,5A-5B,19.310333834,kha,0.168009617
2013,State Forest Management Centre,protected,pine,all,105.134601868,kha,0.094989322
2013,State Forest Management Centre,protected,spruce,1,9.515331013,kha,0.191410117
2013,State Forest Management Centre,protected,spruce,1A,6.000141051,kha,0.222466364
2013,State Forest Management Centre,protected,spruce,2,4.985472905,kha,0.255951987
2013,State Forest Management Centre,protected,spruce,3,2.608853434,kha,0.303210559
2013,State Forest Management Centre,protected,spruce,4,0.414666481,kha,0.70638403
2013,State Forest Management Centre,protected,spruce,5,,kha,0.0
2013,State Forest Management Centre,protected,spruce,5A-5B,,kha,0.0
2013,State Forest Management Centre,protected,spruce,all,23.524464884,kha,0.151449994
2013,all,production,aspen,1,50.15314378,kha,0.076577131
2013,all,production,aspen,1A,33.417453395,kha,0.093036894
2013,all,production,aspen,2,14.968796508,kha,0.140629316
2013,all,production,aspen,3,3.16894345,kha,0.315702789
2013,all,production,aspen,4,1.349967463,kha,0.537697184
2013,all,production,aspen,5,,kha,0.0
2013,all,production,aspen,5A-5B,,kha,0.0
2013,all,production,aspen,all,103.058304596,kha,0.057885511
2013,all,production,birch,1,199.186640757,kha,0.041649163
2013,all,production,birch,1A,53.00803957,kha,0.078455528
2013,all,production,birch,2,214.264764083,kha,0.043033796
2013,all,production,birch,3,91.746493253,kha,0.062612551
2013,all,production,birch,4,26.494783089,kha,0.105312555
2013,all,production,birch,5,6.930756302,kha,0.261992314
2013,all,production,birch,5A-5B,2.487998888,kha,0.311740413
2013,all,production,birch,all,594.119475942,kha,0.0288656
2013,all,production,black alder,1,21.294927614,kha,0.113717701
2013,all,production,black alder,1A,3.599595324,kha,0.254618112
2013,all,production,black alder,2,28.368080385,kha,0.099317066
2013,all,production,black alder,3,5.670045799,kha,0.193282434
2013,all,production,black alder,4,0.861594015,kha,0.473515753
2013,all,production,black alder,5,,kha,0.0
2013,all,production,black alder,5A-5B,,kha,0.0
2013,all,production,black alder,all,59.794243137,kha,0.075393944
2013,all,production,grey alder,1,97.717255184,kha,0.059243228
2013,all,production,grey alder,1A,23.090163945,kha,0.109814078
2013,all,production,grey alder,2,57.742141654,kha,0.07369026
2013,all,production,grey alder,3,6.914978242,kha,0.179661101
2013,all,production,grey alder,4,1.942422198,kha,0.386737389
2013,all,production,grey alder,5,,kha,0.0
2013,all,production,grey alder,5A-5B,,kha,0.0
2013,all,production,grey alder,all,187.406961223,kha,0.047408572
2013,all,production,other,1,11.363022654,kha,0.152473202
2013,all,production,other,1A,5.964002867,kha,0.202622029
2013,all,production,other,2,7.65059658,kha,0.160004754
2013,all,production,other,3,3.658291365,kha,0.232464452
2013,all,production,other,4,2.902665369,kha,0.319843449
2013,all,production,other,5,,kha,0.0
2013,all,production,other,5A-5B,,kha,0.0
2013,all,production,other,all,31.538578835,kha,0.099244025
2013,all,production,pine,1,154.331338142,kha,0.05317349
2013,all,production,pine,1A,49.832191923,kha,0.085204852
2013,all,production,pine,2,172.774231164,kha,0.049889797
2013,all,production,pine,3,104.420442521,kha,0.061445936
2013,all,production,pine,4,46.454484633,kha,0.088768906
2013,all,production,pine,5,25.343855537,kha,0.117566398
2013,all,production,pine,5A-5B,20.63311991,kha,0.146939394
2013,all,production,pine,all,573.78966383,kha,0.035245315
2013,all,production,spruce,1,143.82290164,kha,0.050722548
2013,all,production,spruce,1A,94.156742175,kha,0.062296545
2013,all,production,spruce,2,58.474173127,kha,0.067842026
2013,all,production,spruce,3,13.385931616,kha,0.127017885
2013,all,production,spruce,4,2.984935199,kha,0.275222359
2013,all,production,spruce,5,0.829332963,kha,0.61241915
2013,all,production,spruce,5A-5B,0.207333241,kha,1.000538073
2013,all,production,spruce,all,313.86134996,kha,0.039665499
2013,all,protected,aspen,1,2.954166946,kha,0.297886426
2013,all,protected,aspen,1A,4.728130886,kha,0.249693934
2013,all,protected,aspen,2,1.865999166,kha,0.4291058
2013,all,protected,aspen,3,0.207333241,kha,1.000347426
2013,all,protected,aspen,4,0.207333241,kha,1.000514244
2013,all,protected,aspen,5,,kha,0.0
2013,all,protected,aspen,5A-5B,,kha,0.0
2013,all,protected,aspen,all,9.96296348,kha,0.184035866
2013,all,protected,birch,1,16.512060752,kha,0.172248601
2013,all,protected,birch,1A,5.075061598,kha,0.288832072
2013,all,protected,birch,2,23.409581535,kha,0.164801196
2013,all,protected,birch,3,11.976231446,kha,0.17716919
2013,all,protected,birch,4,7.499512847,kha,0.234181652
2013,all,protected,birch,5,1.243999444,kha,0.47089807
2013,all,protected,birch,5A-5B,1.243999444,kha,0.470087297
2013,all,protected,birch,all,66.960447066,kha,0.109758764
2013,all,protected,black alder,1,4.300568277,kha,0.358679507
2013,all,protected,black alder,1A,0.207333241,kha,0.999775267
2013,all,protected,black alder,2,3.798510835,kha,0.296824237
2013,all,protected,black alder,3,1.958138058,kha,0.384490747
2013,all,protected,black alder,4,0.621999722,kha,0.999011879
2013,all,protected,black alder,5,,kha,0.0
2013,all,protected,black alder,5A-5B,,kha,0.0
2013,all,protected,black alder,all,10.886550133,kha,0.216661729
2013,all,protected,grey alder,1,2.365133209,kha,0.287241737
2013,all,protected,grey alder,1A,0.414666481,kha,0.706923841
2013,all,protected,grey alder,2,1.43932809,kha,0.363493455
2013,all,protected,grey alder,3,0.644288045,kha,0.557823237
2013,all,protected,grey alder,4,,kha,0.0
2013,all,protected,grey alder,5,,kha,0.0
2013,all,protected,grey alder,5A-5B,,kha,0.0
2013,all,protected,grey alder,all,4.863415826,kha,0.206119521
2013,all,protected,pine,1,14.484590458,kha,0.173194249
2013,all,protected,pine,1A,3.711368674,kha,0.312991201
2013,all,protected,pine,2,26.811920014,kha,0.13172004
2013,all,protected,pine,3,22.060443405,kha,0.145086508
2013,all,protected,pine,4,18.817751521,kha,0.139405755
2013,all,protected,pine,5,16.996930268,kha,0.148303626
2013,all,protected,pine,5A-5B,22.834998925,kha,0.151532813
2013,all,protected,pine,all,125.718003266,kha,0.085053765
2013,all,protected,spruce,1,12.293762304,kha,0.170523824
2013,all,protected,spruce,1A,7.190710719,kha,0.200544979
2013,all,protected,spruce,2,7.058805311,kha,0.206757762
2013,all,protected,spruce,3,2.816186674,kha,0.290359833
2013,all,protected,spruce,4,0.414666481,kha,0.70638403
2013,all,protected,spruce,5,,kha,0.0
2013,all,protected,spruce,5A-5B,,kha,0.0
2013,all,protected,spruce,all,29.77413149,kha,0.130106657
2013,other,production,aspen,1,37.629158645,kha,0.090268806
2013,other,production,aspen,1A,20.496487304,kha,0.121405922
2013,other,production,aspen,2,13.374279488,kha,0.14316031
2013,other,production,aspen,3,2.961610209,kha,0.330635983
2013,other,production,aspen,4,1.142634223,kha,0.581432314
2013,other,production,aspen,5,,kha,0.0
2013,other,production,aspen,5A-5B,,kha,0.0
2013,other,production,aspen,all,75.604169869,kha,0.070748056
2013,other,production,birch,1,129.444445067,kha,0.049441408
2013,other,production,birch,1A,34.946681178,kha,0.096241623
2013,other,production,birch,2,159.017255981,kha,0.051368717
2013,other,production,birch,3,76.67674619,kha,0.070067379
2013,other,production,birch,4,21.518785314,kha,0.114107295
2013,other,production,birch,5,5.272090377,kha,0.296528783
2013,other,production,birch,5A-5B,2.487998888,kha,0.311740413
2013,other,production,birch,all,429.364002993,kha,0.034921488
2013,other,production,black alder,1,13.701596475,kha,0.14704781
2013,other,production,black alder,1A,1.624165674,kha,0.345852431
2013,other,production,black alder,2,20.885340797,kha,0.11035551
2013,other,production,black alder,3,4.840712836,kha,0.209839767
2013,other,production,black alder,4,0.674102565,kha,0.537906072
2013,other,production,black alder,5,,kha,0.0
2013,other,production,black alder,5A-5B,,kha,0.0
2013,other,production,black alder,all,41.725918347,kha,0.086370341
2013,other,production,grey alder,1,89.38950824,kha,0.062027768
2013,other,production,grey alder,1A,20.87176047,kha,0.115667734
2013,other,production,grey alder,2,53.663005277,kha,0.076073371
2013,other,production,grey alder,3,6.29297852,kha,0.18911713
2013,other,production,grey alder,4,1.942422198,kha,0.386737389
2013,other,production,grey alder,5,,kha,0.0
2013,other,production,grey alder,5A-5B,,kha,0.0
2013,other,production,grey alder,all,172.159674705,kha,0.04958765
2013,other,production,other,1,11.155689413,kha,0.154257488
2013,other,production,other,1A,4.512670183,kha,0.229907168
2013,other,production,other,2,6.988934009,kha,0.16716973
2013,other,production,other,3,3.243624883,kha,0.246230597
2013,other,production,other,4,2.695332128,kha,0.335592272
2013,other,production,other,5,,kha,0.0
2013,other,production,other,5A-5B,,kha,0.0
2013,other,production,other,all,28.596250617,kha,0.105656226
2013,other,production,pine,1,72.593359482,kha,0.071804956
2013,other,production,pine,1A,26.808084349,kha,0.109593486
2013,other,production,pine,2,96.91373521,kha,0.067547927
2013,other,production,pine,3,59.878254566,kha,0.08108678
2013,other,production,pine,4,24.386100365,kha,0.112399922
2013,other,production,pine,5,11.233978445,kha,0.16717528
2013,other,production,pine,5A-5B,7.778458989,kha,0.212498432
2013,other,production,pine,all,299.591971406,kha,0.047547146
2013,other,production,spruce,1,78.454400662,kha,0.061336865
2013,other,production,spruce,1A,43.719220123,kha,0.078698423
2013,other,production,spruce,2,35.558583771,kha,0.090604076
2013,other,production,spruce,3,8.67907312,kha,0.16347825
2013,other,production,spruce,4,1.391910978,kha,0.378930611
2013,other,production,spruce,5,0.829332963,kha,0.61241915
2013,other,production,spruce,5A-5B,0.207333241,kha,1.000538073
2013,other,production,spruce,all,168.839854856,kha,0.047841555
2013,other,protected,aspen,1,1.710167502,kha,0.383988319
2013,other,protected,aspen,1A,0.788799314,kha,0.501890905
2013,other,protected,aspen,2,1.036666203,kha,0.445807969
2013,other,protected,aspen,3,,kha,0.0
2013,other,protected,aspen,4,0.207333241,kha,1.000514244
2013,other,protected,aspen,5,,kha,0.0
2013,other,protected,aspen,5A-5B,,kha,0.0
2013,other,protected,aspen,all,3.74296626,kha,0.271609121
2013,other,protected,birch,1,1.820137053,kha,0.41191934
2013,other,protected,birch,1A,1.036666203,kha,0.662468075
2013,other,protected,birch,2,5.993050254,kha,0.253372935
2013,other,protected,birch,3,4.975997776,kha,0.259534696
2013,other,protected,birch,4,3.352848034,kha,0.332643198
2013,other,protected,birch,5,0.207333241,kha,0.999011879
2013,other,protected,birch,5A-5B,0.414666481,kha,0.999393646
2013,other,protected,birch,all,17.800699042,kha,0.173854227
2013,other,protected,black alder,1,0.621999722,kha,0.745907289
2013,other,protected,black alder,1A,,kha,0.0
2013,other,protected,black alder,2,1.036666203,kha,0.529491447
2013,other,protected,black alder,3,0.414666481,kha,0.999011879
2013,other,protected,black alder,4,0.414666481,kha,0.999011879
2013,other,protected,black alder,5,,kha,0.0
2013,other,protected,black alder,5A-5B,,kha,0.0
2013,other,protected,black alder,all,2.487998888,kha,0.440615537
2013,other,protected,grey alder,1,1.545607109,kha,0.359890043
2013,other,protected,grey alder,1A,0.414666481,kha,0.706923841
2013,other,protected,grey alder,2,0.944506578,kha,0.455131933
2013,other,protected,grey alder,3,0.644288045,kha,0.557823237
2013,other,protected,grey alder,4,,kha,0.0
2013,other,protected,grey alder,5,,kha,0.0
2013,other,protected,grey alder,5A-5B,,kha,0.0
2013,other,protected,grey alder,all,3.549068213,kha,0.247023043
2013,other,protected,pine,1,2.724379515,kha,0.336037741
2013,other,protected,pine,1A,1.036666203,kha,0.528829138
2013,other,protected,pine,2,4.353998054,kha,0.269650235
2013,other,protected,pine,3,1.927473472,kha,0.324484767
2013,other,protected,pine,4,3.31733185,kha,0.279437578
2013,other,protected,pine,5,3.698887213,kha,0.313677543
2013,other,protected,pine,5A-5B,3.524665091,kha,0.337636328
2013,other,protected,pine,all,20.583401399,kha,0.166376895
2013,other,protected,spruce,1,2.778431291,kha,0.289481206
2013,other,protected,spruce,1A,1.190569668,kha,0.409729736
2013,other,protected,spruce,2,2.073332406,kha,0.373053781
2013,other,protected,spruce,3,0.207333241,kha,1.000156738
2013,other,protected,spruce,4,,kha,0.0
2013,other,protected,spruce,5,,kha,0.0
2013,other,protected,spruce,5A-5B,,kha,0.0
2013,other,protected,spruce,all,6.249666606,kha,0.2228871
2014,State Forest Management Centre,production,aspen,1,14.03241387,kha,0.139735219
2014,State Forest Management Centre,production,aspen,1A,13.581982222,kha,0.147934245
2014,State Forest Management Centre,production,aspen,2,1.88176967,kha,0.35263306
2014,State Forest Management Centre,production,aspen,3,0.194185053,kha,1.224597913
2014,State Forest Management Centre,production,aspen,4,0.194185053,kha,1.224597913
2014,State Forest Management Centre,production,aspen,5,,kha,0.0
2014,State Forest Management Centre,production,aspen,5A-5B,,kha,0.0
2014,State Forest Management Centre,production,aspen,all,29.884535868,kha,0.102125005
2014,State Forest Management Centre,production,birch,1,76.563632049,kha,0.081514152
2014,State Forest Management Centre,production,birch,1A,18.919061299,kha,0.13305749
2014,State Forest Management Centre,production,birch,2,63.086529173,kha,0.081973692
2014,State Forest Management Centre,production,birch,3,16.678243467,kha,0.133831231
2014,State Forest Management Centre,production,birch,4,6.738900971,kha,0.224027863
2014,State Forest Management Centre,production,birch,5,2.524405683,kha,0.351828941
2014,State Forest Management Centre,production,birch,5A-5B,,kha,0.0
2014,State Forest Management Centre,production,birch,all,184.510772642,kha,0.059643772
2014,State Forest Management Centre,production,black alder,1,7.30597958,kha,0.204840078
2014,State Forest Management Centre,production,black alder,1A,2.044341396,kha,0.3621082
2014,State Forest Management Centre,production,black alder,2,7.202401273,kha,0.223044962
2014,State Forest Management Centre,production,black alder,3,0.970925263,kha,0.509509427
2014,State Forest Management Centre,production,black alder,4,0.175601543,kha,0.999641324
2014,State Forest Management Centre,production,black alder,5,,kha,0.0
2014,State Forest Management Centre,production,black alder,5A-5B,,kha,0.0
2014,State Forest Management Centre,production,black alder,all,17.699249054,kha,0.163458372
2014,State Forest Management Centre,production,grey alder,1,10.462399353,kha,0.158490134
2014,State Forest Management Centre,production,grey alder,1A,2.077721807,kha,0.348752947
2014,State Forest Management Centre,production,grey alder,2,5.155438378,kha,0.250052295
2014,State Forest Management Centre,production,grey alder,3,0.388370105,kha,0.900791599
2014,State Forest Management Centre,production,grey alder,4,,kha,0.0
2014,State Forest Management Centre,production,grey alder,5,,kha,0.0
2014,State Forest Management Centre,production,grey alder,5A-5B,,kha,0.0
2014,State Forest Management Centre,production,grey alder,all,18.083929644,kha,0.139081999
2014,State Forest Management Centre,production,other,1,0.388370105,kha,0.827968797
2014,State Forest Management Centre,production,other,1A,0.970925263,kha,0.499291205
2014,State Forest Management Centre,production,other,2,0.813887811,kha,0.535880309
2014,State Forest Management Centre,production,other,3,0.194185053,kha,1.414338924
2014,State Forest Management Centre,production,other,4,0.194185053,kha,1.414338924
2014,State Forest Management Centre,production,other,5,,kha,0.0
2014,State Forest Management Centre,production,other,5A-5B,,kha,0.0
2014,State Forest Management Centre,production,other,all,2.561553284,kha,0.347168294
2014,State Forest Management Centre,production,pine,1,81.861019701,kha,0.082356991
2014,State Forest Management Centre,production,pine,1A,21.459428993,kha,0.141000646
2014,State Forest Management Centre,production,pine,2,83.517476455,kha,0.080168469
2014,State Forest Management Centre,production,pine,3,49.060057366,kha,0.097477325
2014,State Forest Management Centre,production,pine,4,24.026361203,kha,0.127405446
2014,State Forest Management Centre,production,pine,5,13.646956541,kha,0.172584104
2014,State Forest Management Centre,production,pine,5A-5B,14.175508835,kha,0.206404155
2014,State Forest Management Centre,production,pine,all,287.746809094,kha,0.058197896
2014,State Forest Management Centre,production,spruce,1,65.191883513,kha,0.082686132
2014,State Forest Management Centre,production,spruce,1A,54.533104816,kha,0.092907287
2014,State Forest Management Centre,production,spruce,2,25.110632281,kha,0.113662399
2014,State Forest Management Centre,production,spruce,3,5.793103254,kha,0.196379278
2014,State Forest Management Centre,production,spruce,4,1.500662086,kha,0.376760082
2014,State Forest Management Centre,production,spruce,5,,kha,0.0
2014,State Forest Management Centre,production,spruce,5A-5B,,kha,0.0
2014,State Forest Management Centre,production,spruce,all,152.12938595,kha,0.065818625
2014,State Forest Management Centre,protected,aspen,1,1.953695814,kha,0.35645829
2014,State Forest Management Centre,protected,aspen,1A,3.689515998,kha,0.285129337
2014,State Forest Management Centre,protected,aspen,2,0.77674021,kha,0.706469079
2014,State Forest Management Centre,protected,aspen,3,0.388370105,kha,0.707357472
2014,State Forest Management Centre,protected,aspen,4,,kha,0.0
2014,State Forest Management Centre,protected,aspen,5,,kha,0.0
2014,State Forest Management Centre,protected,aspen,5A-5B,,kha,0.0
2014,State Forest Management Centre,protected,aspen,all,6.808322127,kha,0.222886815
2014,State Forest Management Centre,protected,birch,1,15.018116615,kha,0.187441581
2014,State Forest Management Centre,protected,birch,1A,4.358386412,kha,0.285761747
2014,State Forest Management Centre,protected,birch,2,15.16394959,kha,0.211634321
2014,State Forest Management Centre,protected,birch,3,6.507179948,kha,0.264775376
2014,State Forest Management Centre,protected,birch,4,6.019736629,kha,0.276692573
2014,State Forest Management Centre,protected,birch,5,1.359295368,kha,0.514459569
2014,State Forest Management Centre,protected,birch,5A-5B,0.77674021,kha,0.585198934
2014,State Forest Management Centre,protected,birch,all,49.203404772,kha,0.129173528
2014,State Forest Management Centre,protected,black alder,1,3.530556114,kha,0.35331158
2014,State Forest Management Centre,protected,black alder,1A,0.388370105,kha,0.999820008
2014,State Forest Management Centre,protected,black alder,2,3.848903089,kha,0.33211312
2014,State Forest Management Centre,protected,black alder,3,1.711352868,kha,0.435044492
2014,State Forest Management Centre,protected,black alder,4,0.582555158,kha,0.99910508
2014,State Forest Management Centre,protected,black alder,5,,kha,0.0
2014,State Forest Management Centre,protected,black alder,5A-5B,,kha,0.0
2014,State Forest Management Centre,protected,black alder,all,10.061737334,kha,0.22705809
2014,State Forest Management Centre,protected,grey alder,1,1.350110415,kha,0.375349395
2014,State Forest Management Centre,protected,grey alder,1A,,kha,0.0
2014,State Forest Management Centre,protected,grey alder,2,0.657627099,kha,0.530825043
2014,State Forest Management Centre,protected,grey alder,3,,kha,0.0
2014,State Forest Management Centre,protected,grey alder,4,,kha,0.0
2014,State Forest Management Centre,protected,grey alder,5,,kha,0.0
2014,State Forest Management Centre,protected,grey alder,5A-5B,,kha,0.0
2014,State Forest Management Centre,protected,grey alder,all,2.007737514,kha,0.329301817
2014,State Forest Management Centre,protected,pine,1,13.521377068,kha,0.186708671
2014,State Forest Management Centre,protected,pine,1A,2.973400362,kha,0.304032283
2014,State Forest Management Centre,protected,pine,2,23.127090225,kha,0.139345048
2014,State Forest Management Centre,protected,pine,3,22.540107648,kha,0.158268514
2014,State Forest Management Centre,protected,pine,4,16.653484872,kha,0.175970526
2014,State Forest Management Centre,protected,pine,5,12.861711026,kha,0.190487977
2014,State Forest Management Centre,protected,pine,5A-5B,20.027605508,kha,0.180387488
2014,State Forest Management Centre,protected,pine,all,111.704776708,kha,0.09893784
2014,State Forest Management Centre,protected,spruce,1,10.929161964,kha,0.196826589
2014,State Forest Management Centre,protected,spruce,1A,6.224174652,kha,0.223849651
2014,State Forest Management Centre,protected,spruce,2,5.888176256,kha,0.238152638
2014,State Forest Management Centre,protected,spruce,3,2.527609736,kha,0.318932494
2014,State Forest Management Centre,protected,spruce,4,0.77674021,kha,0.572117525
2014,State Forest Management Centre,protected,spruce,5,0.194185053,kha,0.99910508
2014,State Forest Management Centre,protected,spruce,5A-5B,,kha,0.0
2014,State Forest Management Centre,protected,spruce,all,26.540047871,kha,0.151802721
2014,all,production,aspen,1,52.830470857,kha,0.077492267
2014,all,production,aspen,1A,35.897825553,kha,0.101109131
2014,all,production,aspen,2,14.129525815,kha,0.160924282
2014,all,production,aspen,3,2.579612493,kha,0.382047438
2014,all,production,aspen,4,0.875988191,kha,0.618350744
2014,all,production,aspen,5,,kha,0.0
2014,all,production,aspen,5A-5B,,kha,0.0
2014,all,production,aspen,all,106.313422909,kha,0.06207806
2014,all,production,birch,1,208.575194115,kha,0.042114251
2014,all,production,birch,1A,55.167992845,kha,0.082147031
2014,all,production,birch,2,209.864874142,kha,0.044903921
2014,all,production,birch,3,83.872000105,kha,0.069452534
2014,all,production,birch,4,23.445068248,kha,0.116703328
2014,all,production,birch,5,6.491237355,kha,0.22866449
2014,all,production,birch,5A-5B,1.165110315,kha,0.470437537
2014,all,production,birch,all,588.581477125,kha,0.030122814
2014,all,production,black alder,1,23.249989944,kha,0.121881748
2014,all,production,black alder,1A,3.371324371,kha,0.27356746
2014,all,production,black alder,2,24.787508353,kha,0.11350448
2014,all,production,black alder,3,5.272609639,kha,0.215157378
2014,all,production,black alder,4,0.612770352,kha,0.560455662
2014,all,production,black alder,5,,kha,0.0
2014,all,production,black alder,5A-5B,,kha,0.0
2014,all,production,black alder,all,57.29420266,kha,0.086097253
2014,all,production,grey alder,1,100.680095116,kha,0.061705433
2014,all,production,grey alder,1A,23.745491943,kha,0.123503075
2014,all,production,grey alder,2,56.923852928,kha,0.080610965
2014,all,production,grey alder,3,6.773524166,kha,0.201233431
2014,all,production,grey alder,4,1.819242083,kha,0.444849558
2014,all,production,grey alder,5,,kha,0.0
2014,all,production,grey alder,5A-5B,,kha,0.0
2014,all,production,grey alder,all,189.942206236,kha,0.050710933
2014,all,production,other,1,10.521819979,kha,0.173589083
2014,all,production,other,1A,5.391606239,kha,0.223355029
2014,all,production,other,2,7.771479988,kha,0.180716386
2014,all,production,other,3,3.994755482,kha,0.235710247
2014,all,production,other,4,2.524405683,kha,0.384464499
2014,all,production,other,5,0.388370105,kha,0.70697856
2014,all,production,other,5A-5B,,kha,0.0
2014,all,production,other,all,30.592437477,kha,0.111846179
2014,all,production,pine,1,156.247118826,kha,0.055008221
2014,all,production,pine,1A,47.784844126,kha,0.09302405
2014,all,production,pine,2,180.042594002,kha,0.051707391
2014,all,production,pine,3,103.72375163,kha,0.066965489
2014,all,production,pine,4,47.211376829,kha,0.094304289
2014,all,production,pine,5,24.839549947,kha,0.125884978
2014,all,production,pine,5A-5B,20.577945366,kha,0.166976972
2014,all,production,pine,all,580.427180725,kha,0.036375965
2014,all,production,spruce,1,140.984639741,kha,0.052096128
2014,all,production,spruce,1A,102.62456714,kha,0.065184211
2014,all,production,spruce,2,64.293602879,kha,0.070664917
2014,all,production,spruce,3,16.394306083,kha,0.118223213
2014,all,production,spruce,4,3.192674123,kha,0.294772717
2014,all,production,spruce,5,0.77674021,kha,0.612625444
2014,all,production,spruce,5A-5B,0.194185053,kha,1.000177281
2014,all,production,spruce,all,328.460715227,kha,0.040918432
2014,all,protected,aspen,1,3.749596854,kha,0.263294304
2014,all,protected,aspen,1A,4.428293031,kha,0.255134289
2014,all,protected,aspen,2,1.359295368,kha,0.596960498
2014,all,protected,aspen,3,0.388370105,kha,0.707357472
2014,all,protected,aspen,4,0.194185053,kha,1.000512108
2014,all,protected,aspen,5,,kha,0.0
2014,all,protected,aspen,5A-5B,,kha,0.0
2014,all,protected,aspen,all,10.11974041,kha,0.184663868
2014,all,protected,birch,1,17.348337246,kha,0.169529027
2014,all,protected,birch,1A,5.329311674,kha,0.277474052
2014,all,protected,birch,2,20.026595746,kha,0.179045948
2014,all,protected,birch,3,9.808325841,kha,0.196694387
2014,all,protected,birch,4,8.544142312,kha,0.227951129
2014,all,protected,birch,5,1.359295368,kha,0.514459569
2014,all,protected,birch,5A-5B,1.165110315,kha,0.538820879
2014,all,protected,birch,all,63.581118502,kha,0.111621407
2014,all,protected,black alder,1,3.918926219,kha,0.418468766
2014,all,protected,black alder,1A,0.388370105,kha,0.999820008
2014,all,protected,black alder,2,4.819828352,kha,0.29145698
2014,all,protected,black alder,3,1.905537921,kha,0.403594124
2014,all,protected,black alder,4,0.582555158,kha,0.99910508
2014,all,protected,black alder,5,,kha,0.0
2014,all,protected,black alder,5A-5B,,kha,0.0
2014,all,protected,black alder,all,11.615217755,kha,0.223961009
2014,all,protected,grey alder,1,2.409331621,kha,0.295554946
2014,all,protected,grey alder,1A,0.388370105,kha,0.706473029
2014,all,protected,grey alder,2,1.542237106,kha,0.389247144
2014,all,protected,grey alder,3,0.603430051,kha,0.664156187
2014,all,protected,grey alder,4,,kha,0.0
2014,all,protected,grey alder,5,,kha,0.0
2014,all,protected,grey alder,5A-5B,,kha,0.0
2014,all,protected,grey alder,all,4.943368883,kha,0.229848962
2014,all,protected,pine,1,15.878803024,kha,0.174345883
2014,all,protected,pine,1A,4.138510677,kha,0.292521842
2014,all,protected,pine,2,25.651495908,kha,0.129435654
2014,all,protected,pine,3,23.91571456,kha,0.151414794
2014,all,protected,pine,4,18.78952045,kha,0.161748445
2014,all,protected,pine,5,15.937660513,kha,0.170051202
2014,all,protected,pine,5A-5B,22.552011191,kha,0.167997311
2014,all,protected,pine,all,126.863716323,kha,0.091532046
2014,all,protected,spruce,1,13.337211964,kha,0.175047068
2014,all,protected,spruce,1A,7.533428532,kha,0.200269887
2014,all,protected,spruce,2,7.830026781,kha,0.202709095
2014,all,protected,spruce,3,2.721794789,kha,0.30459509
2014,all,protected,spruce,4,0.77674021,kha,0.572117525
2014,all,protected,spruce,5,0.194185053,kha,0.99910508
2014,all,protected,spruce,5A-5B,,kha,0.0
2014,all,protected,spruce,all,32.393387328,kha,0.131388299
2014,other,production,aspen,1,38.798056987,kha,0.091429765
2014,other,production,aspen,1A,22.315843331,kha,0.132739204
2014,other,production,aspen,2,12.247756145,kha,0.165527839
2014,other,production,aspen,3,2.385427441,kha,0.401037872
2014,other,production,aspen,4,0.681803138,kha,0.713892962
2014,other,production,aspen,5,,kha,0.0
2014,other,production,aspen,5A-5B,,kha,0.0
2014,other,production,aspen,all,76.428887041,kha,0.077222123
2014,other,production,birch,1,132.011562066,kha,0.050691979
2014,other,production,birch,1A,36.248931546,kha,0.103783383
2014,other,production,birch,2,146.778344968,kha,0.054236759
2014,other,production,birch,3,67.193756638,kha,0.078532946
2014,other,production,birch,4,16.706167277,kha,0.140411034
2014,other,production,birch,5,3.966831672,kha,0.247778709
2014,other,production,birch,5A-5B,1.165110315,kha,0.470437537
2014,other,production,birch,all,404.070704483,kha,0.037163327
2014,other,production,black alder,1,15.944010365,kha,0.150401516
2014,other,production,black alder,1A,1.326982975,kha,0.416008354
2014,other,production,black alder,2,17.585107081,kha,0.126159502
2014,other,production,black alder,3,4.301684376,kha,0.237706235
2014,other,production,black alder,4,0.437168809,kha,0.675462181
2014,other,production,black alder,5,,kha,0.0
2014,other,production,black alder,5A-5B,,kha,0.0
2014,other,production,black alder,all,39.594953605,kha,0.099297584
2014,other,production,grey alder,1,90.217695763,kha,0.066093929
2014,other,production,grey alder,1A,21.667770136,kha,0.128967184
2014,other,production,grey alder,2,51.768414549,kha,0.081919542
2014,other,production,grey alder,3,6.385154061,kha,0.206589365
2014,other,production,grey alder,4,1.819242083,kha,0.444849558
2014,other,production,grey alder,5,,kha,0.0
2014,other,production,grey alder,5A-5B,,kha,0.0
2014,other,production,grey alder,all,171.858276592,kha,0.053122069
2014,other,production,other,1,10.133449874,kha,0.177694584
2014,other,production,other,1A,4.420680977,kha,0.249871644
2014,other,production,other,2,6.957592177,kha,0.191468176
2014,other,production,other,3,3.80057043,kha,0.236960182
2014,other,production,other,4,2.33022063,kha,0.399458332
2014,other,production,other,5,0.388370105,kha,0.70697856
2014,other,production,other,5A-5B,,kha,0.0
2014,other,production,other,all,28.030884193,kha,0.118242693
2014,other,production,pine,1,74.386099125,kha,0.075142868
2014,other,production,pine,1A,26.325415132,kha,0.114870851
2014,other,production,pine,2,96.525117547,kha,0.069190295
2014,other,production,pine,3,54.663694264,kha,0.083011594
2014,other,production,pine,4,23.185015626,kha,0.127714828
2014,other,production,pine,5,11.192593406,kha,0.182399017
2014,other,production,pine,5A-5B,6.40243653,kha,0.250523112
2014,other,production,pine,all,292.680371631,kha,0.049201091
2014,other,production,spruce,1,75.792756227,kha,0.06440287
2014,other,production,spruce,1A,48.091462324,kha,0.081889781
2014,other,production,spruce,2,39.182970598,kha,0.092444381
2014,other,production,spruce,3,10.601202829,kha,0.148115938
2014,other,production,spruce,4,1.692012037,kha,0.397049516
2014,other,production,spruce,5,0.77674021,kha,0.612625444
2014,other,production,spruce,5A-5B,0.194185053,kha,1.000177281
2014,other,production,spruce,all,176.331329277,kha,0.049510641
2014,other,protected,aspen,1,1.79590104,kha,0.390329398
2014,other,protected,aspen,1A,0.738777032,kha,0.594522308
2014,other,protected,aspen,2,0.582555158,kha,0.62311189
2014,other,protected,aspen,3,,kha,0.0
2014,other,protected,aspen,4,0.194185053,kha,1.000512108
2014,other,protected,aspen,5,,kha,0.0
2014,other,protected,aspen,5A-5B,,kha,0.0
2014,other,protected,aspen,all,3.311418282,kha,0.307795343
2014,other,protected,birch,1,2.33022063,kha,0.327426673
2014,other,protected,birch,1A,0.970925263,kha,0.662622376
2014,other,protected,birch,2,4.862646156,kha,0.276653768
2014,other,protected,birch,3,3.301145893,kha,0.293388714
2014,other,protected,birch,4,2.524405683,kha,0.393778721
2014,other,protected,birch,5,,kha,0.0
2014,other,protected,birch,5A-5B,0.388370105,kha,1.1173935
2014,other,protected,birch,all,14.377713731,kha,0.18476598
2014,other,protected,black alder,1,0.388370105,kha,1.225327062
2014,other,protected,black alder,1A,,kha,0.0
2014,other,protected,black alder,2,0.970925263,kha,0.529227902
2014,other,protected,black alder,3,0.194185053,kha,0.99938441
2014,other,protected,black alder,4,,kha,0.0
2014,other,protected,black alder,5,,kha,0.0
2014,other,protected,black alder,5A-5B,,kha,0.0
2014,other,protected,black alder,all,1.55348042,kha,0.500254045
2014,other,protected,grey alder,1,1.059221206,kha,0.473808929
2014,other,protected,grey alder,1A,0.388370105,kha,0.706473029
2014,other,protected,grey alder,2,0.884610007,kha,0.553051442
2014,other,protected,grey alder,3,0.603430051,kha,0.664156187
2014,other,protected,grey alder,4,,kha,0.0
2014,other,protected,grey alder,5,,kha,0.0
2014,other,protected,grey alder,5A-5B,,kha,0.0
2014,other,protected,grey alder,all,2.935631369,kha,0.316211993
2014,other,protected,pine,1,2.357425956,kha,0.368752642
2014,other,protected,pine,1A,1.165110315,kha,0.492728326
2014,other,protected,pine,2,2.524405683,kha,0.305356184
2014,other,protected,pine,3,1.375606912,kha,0.351581499
2014,other,protected,pine,4,2.136035578,kha,0.365689056
2014,other,protected,pine,5,3.075949488,kha,0.346924093
2014,other,protected,pine,5A-5B,2.524405683,kha,0.399378251
2014,other,protected,pine,all,15.158939616,kha,0.183819013
2014,other,protected,spruce,1,2.40805,kha,0.325813744
2014,other,protected,spruce,1A,1.30925388,kha,0.40712087
2014,other,protected,spruce,2,1.941850525,kha,0.411491439
2014,other,protected,spruce,3,0.194185053,kha,0.999998656
2014,other,protected,spruce,4,,kha,0.0
2014,other,protected,spruce,5,,kha,0.0
2014,other,protected,spruce,5A-5B,,kha,0.0
2014,other,protected,spruce,all,5.853339457,kha,0.241462393
2015,State Forest Management Centre,production,aspen,1,13.522046145,kha,0.147394746
2015,State Forest Management Centre,production,aspen,1A,13.314494801,kha,0.159671176
2015,State Forest Management Centre,production,aspen,2,3.060479246,kha,0.329853772
2015,State Forest Management Centre,production,aspen,3,0.366730884,kha,0.750255794
2015,State Forest Management Centre,production,aspen,4,0.183365442,kha,1.118016969
2015,State Forest Management Centre,production,aspen,5,,kha,0.0
2015,State Forest Management Centre,production,aspen,5A-5B,,kha,0.0
2015,State Forest Management Centre,production,aspen,all,30.447116518,kha,0.109549742
2015,State Forest Management Centre,production,birch,1,80.185579428,kha,0.078098856
2015,State Forest Management Centre,production,birch,1A,19.337774522,kha,0.128462454
2015,State Forest Management Centre,production,birch,2,62.35134652,kha,0.084782874
2015,State Forest Management Centre,production,birch,3,20.110678197,kha,0.11631391
2015,State Forest Management Centre,production,birch,4,7.732043939,kha,0.204717902
2015,State Forest Management Centre,production,birch,5,2.200385304,kha,0.413879592
2015,State Forest Management Centre,production,birch,5A-5B,0.366730884,kha,0.790545346
2015,State Forest Management Centre,production,birch,all,192.284538793,kha,0.05786123
2015,State Forest Management Centre,production,black alder,1,8.618744207,kha,0.186330637
2015,State Forest Management Centre,production,black alder,1A,1.563703816,kha,0.411023693
2015,State Forest Management Centre,production,black alder,2,7.165389713,kha,0.194800258
2015,State Forest Management Centre,production,black alder,3,1.283558094,kha,0.445988093
2015,State Forest Management Centre,production,black alder,4,0.165817369,kha,1.32235099
2015,State Forest Management Centre,production,black alder,5,,kha,0.0
2015,State Forest Management Centre,production,black alder,5A-5B,,kha,0.0
2015,State Forest Management Centre,production,black alder,all,18.797213199,kha,0.141680612
2015,State Forest Management Centre,production,grey alder,1,11.573146544,kha,0.15544944
2015,State Forest Management Centre,production,grey alder,1A,2.017019862,kha,0.351293849
2015,State Forest Management Centre,production,grey alder,2,6.176188163,kha,0.223387104
2015,State Forest Management Centre,production,grey alder,3,0.550096326,kha,0.726224669
2015,State Forest Management Centre,production,grey alder,4,,kha,0.0
2015,State Forest Management Centre,production,grey alder,5,,kha,0.0
2015,State Forest Management Centre,production,grey alder,5A-5B,,kha,0.0
2015,State Forest Management Centre,production,grey alder,all,20.316450896,kha,0.134941701
2015,State Forest Management Centre,production,other,1,0.366730884,kha,0.790118372
2015,State Forest Management Centre,production,other,1A,1.283558094,kha,0.43383545
2015,State Forest Management Centre,production,other,2,0.768539577,kha,0.480215186
2015,State Forest Management Centre,production,other,3,0.183365442,kha,1.224867092
2015,State Forest Management Centre,production,other,4,0.183365442,kha,1.224867092
2015,State Forest Management Centre,production,other,5,,kha,0.0
2015,State Forest Management Centre,production,other,5A-5B,,kha,0.0
2015,State Forest Management Centre,production,other,all,2.785559439,kha,0.288760456
2015,State Forest Management Centre,production,pine,1,80.763015541,kha,0.08017632
2015,State Forest Management Centre,production,pine,1A,22.010490868,kha,0.139197081
2015,State Forest Management Centre,production,pine,2,83.782017524,kha,0.081979524
2015,State Forest Management Centre,production,pine,3,47.001917054,kha,0.100550423
2015,State Forest Management Centre,production,pine,4,24.728736853,kha,0.125086845
2015,State Forest Management Centre,production,pine,5,15.615236011,kha,0.159427344
2015,State Forest Management Centre,production,pine,5A-5B,13.018946381,kha,0.209375217
2015,State Forest Management Centre,production,pine,all,286.920360233,kha,0.057504456
2015,State Forest Management Centre,production,spruce,1,64.369283209,kha,0.0804684
2015,State Forest Management Centre,production,spruce,1A,61.096191733,kha,0.087519897
2015,State Forest Management Centre,production,spruce,2,24.26315366,kha,0.117750048
2015,State Forest Management Centre,production,spruce,3,6.560448784,kha,0.186542357
2015,State Forest Management Centre,production,spruce,4,1.600413578,kha,0.393371364
2015,State Forest Management Centre,production,spruce,5,0.025927873,kha,1.000655658
2015,State Forest Management Centre,production,spruce,5A-5B,,kha,0.0
2015,State Forest Management Centre,production,spruce,all,157.915418837,kha,0.063917976
2015,State Forest Management Centre,protected,aspen,1,4.045225016,kha,0.267592907
2015,State Forest Management Centre,protected,aspen,1A,4.034039724,kha,0.279413133
2015,State Forest Management Centre,protected,aspen,2,1.466923536,kha,0.467533993
2015,State Forest Management Centre,protected,aspen,3,0.366730884,kha,0.707318453
2015,State Forest Management Centre,protected,aspen,4,,kha,0.0
2015,State Forest Management Centre,protected,aspen,5,,kha,0.0
2015,State Forest Management Centre,protected,aspen,5A-5B,,kha,0.0
2015,State Forest Management Centre,protected,aspen,all,9.91291916,kha,0.190329886
2015,State Forest Management Centre,protected,birch,1,16.384912454,kha,0.180634716
2015,State Forest Management Centre,protected,birch,1A,6.566059766,kha,0.273351211
2015,State Forest Management Centre,protected,birch,2,18.612344161,kha,0.193749347
2015,State Forest Management Centre,protected,birch,3,8.240131242,kha,0.217272521
2015,State Forest Management Centre,protected,birch,4,6.41779047,kha,0.268647899
2015,State Forest Management Centre,protected,birch,5,1.283558094,kha,0.456642021
2015,State Forest Management Centre,protected,birch,5A-5B,1.283558094,kha,0.493861083
2015,State Forest Management Centre,protected,birch,all,58.78835428,kha,0.119038606
2015,State Forest Management Centre,protected,black alder,1,4.434033099,kha,0.270391207
2015,State Forest Management Centre,protected,black alder,1A,0.366730884,kha,1.41431941
2015,State Forest Management Centre,protected,black alder,2,4.48172645,kha,0.295994225
2015,State Forest Management Centre,protected,black alder,3,1.61599964,kha,0.458213722
2015,State Forest Management Centre,protected,black alder,4,0.550096326,kha,0.999643457
2015,State Forest Management Centre,protected,black alder,5,,kha,0.0
2015,State Forest Management Centre,protected,black alder,5A-5B,,kha,0.0
2015,State Forest Management Centre,protected,black alder,all,11.4485864,kha,0.202077172
2015,State Forest Management Centre,protected,grey alder,1,1.458250351,kha,0.408575638
2015,State Forest Management Centre,protected,grey alder,1A,0.183365442,kha,0.999812229
2015,State Forest Management Centre,protected,grey alder,2,0.908264044,kha,0.490806368
2015,State Forest Management Centre,protected,grey alder,3,0.183365442,kha,0.999643457
2015,State Forest Management Centre,protected,grey alder,4,,kha,0.0
2015,State Forest Management Centre,protected,grey alder,5,,kha,0.0
2015,State Forest Management Centre,protected,grey alder,5A-5B,,kha,0.0
2015,State Forest Management Centre,protected,grey alder,all,2.733245278,kha,0.310662302
2015,State Forest Management Centre,protected,pine,1,15.992693774,kha,0.18179693
2015,State Forest Management Centre,protected,pine,1A,3.83640845,kha,0.262769064
2015,State Forest Management Centre,protected,pine,2,25.833917045,kha,0.138040481
2015,State Forest Management Centre,protected,pine,3,23.229559336,kha,0.145359351
2015,State Forest Management Centre,protected,pine,4,16.8900109,kha,0.168410991
2015,State Forest Management Centre,protected,pine,5,12.388884386,kha,0.194116351
2015,State Forest Management Centre,protected,pine,5A-5B,19.712756851,kha,0.180208804
2015,State Forest Management Centre,protected,pine,all,117.884230743,kha,0.093365168
2015,State Forest Management Centre,protected,spruce,1,12.28057042,kha,0.176809702
2015,State Forest Management Centre,protected,spruce,1A,8.71954019,kha,0.213787224
2015,State Forest Management Centre,protected,spruce,2,7.210387593,kha,0.231628307
2015,State Forest Management Centre,protected,spruce,3,3.189788556,kha,0.291632246
2015,State Forest Management Centre,protected,spruce,4,0.91682721,kha,0.509798443
2015,State Forest Management Centre,protected,spruce,5,0.183365442,kha,0.999643457
2015,State Forest Management Centre,protected,spruce,5A-5B,,kha,0.0
2015,State Forest Management Centre,protected,spruce,all,32.50047941,kha,0.140304582
2015,all,production,aspen,1,54.948406877,kha,0.074559314
2015,all,production,aspen,1A,34.372328852,kha,0.101652214
2015,all,production,aspen,2,15.088298741,kha,0.160106326
2015,all,production,aspen,3,2.567116188,kha,0.304927509
2015,all,production,aspen,4,0.550096326,kha,0.897474934
2015,all,production,aspen,5,,kha,0.0
2015,all,production,aspen,5A-5B,,kha,0.0
2015,all,production,aspen,all,107.526246983,kha,0.060762839
2015,all,production,birch,1,213.531532634,kha,0.041626156
2015,all,production,birch,1A,58.866137901,kha,0.078112457
2015,all,production,birch,2,200.981506698,kha,0.046997436
2015,all,production,birch,3,79.707087307,kha,0.069027072
2015,all,production,birch,4,21.201665904,kha,0.1243576
2015,all,production,birch,5,5.396096564,kha,0.281405323
2015,all,production,birch,5A-5B,1.466923536,kha,0.374653828
2015,all,production,birch,all,581.150950542,kha,0.030450942
2015,all,production,black alder,1,26.291193785,kha,0.109253656
2015,all,production,black alder,1A,2.816749901,kha,0.301387466
2015,all,production,black alder,2,23.48353881,kha,0.115316142
2015,all,production,black alder,3,5.895657374,kha,0.215027438
2015,all,production,black alder,4,0.761993431,kha,0.563334903
2015,all,production,black alder,5,,kha,0.0
2015,all,production,black alder,5A-5B,,kha,0.0
2015,all,production,black alder,all,59.249133299,kha,0.081779199
2015,all,production,grey alder,1,110.212459025,kha,0.056893302
2015,all,production,grey alder,1A,22.408522233,kha,0.117278002
2015,all,production,grey alder,2,52.136699526,kha,0.080453916
2015,all,production,grey alder,3,6.845178642,kha,0.194723702
2015,all,production,grey alder,4,0.984415712,kha,0.555418719
2015,all,production,grey alder,5,,kha,0.0
2015,all,production,grey alder,5A-5B,,kha,0.0
2015,all,production,grey alder,all,192.587275138,kha,0.04751664
2015,all,production,other,1,12.277691582,kha,0.15112852
2015,all,production,other,1A,5.750175232,kha,0.218311366
2015,all,production,other,2,6.611699425,kha,0.199634598
2015,all,production,other,3,3.22207921,kha,0.282822118
2015,all,production,other,4,1.83365442,kha,0.396516997
2015,all,production,other,5,0.366730884,kha,0.706960549
2015,all,production,other,5A-5B,,kha,0.0
2015,all,production,other,all,30.062030753,kha,0.10605369
2015,all,production,pine,1,156.119170967,kha,0.055464036
2015,all,production,pine,1A,50.273651626,kha,0.091222502
2015,all,production,pine,2,174.982505745,kha,0.053148496
2015,all,production,pine,3,98.271646433,kha,0.067958468
2015,all,production,pine,4,44.733521507,kha,0.092576779
2015,all,production,pine,5,25.450738281,kha,0.121856097
2015,all,production,pine,5A-5B,17.964459044,kha,0.174993848
2015,all,production,pine,all,567.795693604,kha,0.036515426
2015,all,production,spruce,1,135.273949146,kha,0.051850547
2015,all,production,spruce,1A,111.447443614,kha,0.061530907
2015,all,production,spruce,2,59.436587791,kha,0.07378665
2015,all,production,spruce,3,16.822697447,kha,0.120019807
2015,all,production,spruce,4,3.014784578,kha,0.308769327
2015,all,production,spruce,5,0.392658757,kha,0.741401159
2015,all,production,spruce,5A-5B,0.183365442,kha,1.224315968
2015,all,production,spruce,all,326.571486775,kha,0.040020909
2015,all,protected,aspen,1,5.74106197,kha,0.227152765
2015,all,protected,aspen,1A,4.548288106,kha,0.262583247
2015,all,protected,aspen,2,2.017019862,kha,0.442672756
2015,all,protected,aspen,3,0.366730884,kha,0.707318453
2015,all,protected,aspen,4,0.183365442,kha,1.00010751
2015,all,protected,aspen,5,,kha,0.0
2015,all,protected,aspen,5A-5B,,kha,0.0
2015,all,protected,aspen,all,12.856466263,kha,0.171154047
2015,all,protected,birch,1,18.86544348,kha,0.164066698
2015,all,protected,birch,1A,7.299521534,kha,0.266203348
2015,all,protected,birch,2,24.480038304,kha,0.161752505
2015,all,protected,birch,3,11.540709198,kha,0.176888882
2015,all,protected,birch,4,8.434810332,kha,0.237072791
2015,all,protected,birch,5,1.283558094,kha,0.456642021
2015,all,protected,birch,5A-5B,1.283558094,kha,0.493861083
2015,all,protected,birch,all,73.187639036,kha,0.10517694
2015,all,protected,black alder,1,4.800763983,kha,0.302730033
2015,all,protected,black alder,1A,0.366730884,kha,1.41431941
2015,all,protected,black alder,2,5.581919102,kha,0.261967771
2015,all,protected,black alder,3,1.799365082,kha,0.429823288
2015,all,protected,black alder,4,0.550096326,kha,0.999643457
2015,all,protected,black alder,5,,kha,0.0
2015,all,protected,black alder,5A-5B,,kha,0.0
2015,all,protected,black alder,all,13.098875378,kha,0.193205979
2015,all,protected,grey alder,1,2.458453827,kha,0.315992184
2015,all,protected,grey alder,1A,0.550096326,kha,0.623037664
2015,all,protected,grey alder,2,1.376854431,kha,0.402172107
2015,all,protected,grey alder,3,0.753173553,kha,0.544438819
2015,all,protected,grey alder,4,,kha,0.0
2015,all,protected,grey alder,5,,kha,0.0
2015,all,protected,grey alder,5A-5B,,kha,0.0
2015,all,protected,grey alder,all,5.138578137,kha,0.229882975
2015,all,protected,pine,1,18.218768576,kha,0.169435707
2015,all,protected,pine,1A,5.119966544,kha,0.248518732
2015,all,protected,pine,2,29.317860443,kha,0.130062061
2015,all,protected,pine,3,25.812078221,kha,0.144275033
2015,all,protected,pine,4,18.907030762,kha,0.156281492
2015,all,protected,pine,5,15.293447997,kha,0.176923337
2015,all,protected,pine,5A-5B,22.096507597,kha,0.170145934
2015,all,protected,pine,all,134.765660141,kha,0.088005155
2015,all,protected,spruce,1,15.104544919,kha,0.156275862
2015,all,protected,spruce,1A,9.6363674,kha,0.199126364
2015,all,protected,spruce,2,8.677311129,kha,0.201825534
2015,all,protected,spruce,3,3.55651944,kha,0.288124938
2015,all,protected,spruce,4,0.91682721,kha,0.509798443
2015,all,protected,spruce,5,0.183365442,kha,0.999643457
2015,all,protected,spruce,5A-5B,,kha,0.0
2015,all,protected,spruce,all,38.074935539,kha,0.125842081
2015,other,production,aspen,1,41.426360732,kha,0.084014042
2015,other,production,aspen,1A,21.057834051,kha,0.131134883
2015,other,production,aspen,2,12.027819494,kha,0.169361818
2015,other,production,aspen,3,2.200385304,kha,0.333007181
2015,other,production,aspen,4,0.366730884,kha,1.224694893
2015,other,production,aspen,5,,kha,0.0
2015,other,production,aspen,5A-5B,,kha,0.0
2015,other,production,aspen,all,77.079130465,kha,0.07246525
2015,other,production,birch,1,133.345953207,kha,0.050843501
2015,other,production,birch,1A,39.528363379,kha,0.098919485
2015,other,production,birch,2,138.630160177,kha,0.055441054
2015,other,production,birch,3,59.59640911,kha,0.080956615
2015,other,production,birch,4,13.469621965,kha,0.150667766
2015,other,production,birch,5,3.19571126,kha,0.29239183
2015,other,production,birch,5A-5B,1.100192652,kha,0.471050841
2015,other,production,birch,all,388.866411749,kha,0.037432501
2015,other,production,black alder,1,17.672449578,kha,0.135378917
2015,other,production,black alder,1A,1.253046084,kha,0.432071227
2015,other,production,black alder,2,16.318149097,kha,0.135072052
2015,other,production,black alder,3,4.61209928,kha,0.232259211
2015,other,production,black alder,4,0.596176062,kha,0.61945242
2015,other,production,black alder,5,,kha,0.0
2015,other,production,black alder,5A-5B,,kha,0.0
2015,other,production,black alder,all,40.4519201,kha,0.096409528
2015,other,production,grey alder,1,98.639312481,kha,0.060826644
2015,other,production,grey alder,1A,20.391502371,kha,0.123577561
2015,other,production,grey alder,2,45.960511362,kha,0.082274899
2015,other,production,grey alder,3,6.295082316,kha,0.201427371
2015,other,production,grey alder,4,0.984415712,kha,0.555418719
2015,other,production,grey alder,5,,kha,0.0
2015,other,production,grey alder,5A-5B,,kha,0.0
2015,other,production,grey alder,all,172.270824242,kha,0.049799458
2015,other,production,other,1,11.910960698,kha,0.153978519
2015,other,production,other,1A,4.466617138,kha,0.253593986
2015,other,production,other,2,5.843159848,kha,0.216497565
2015,other,production,other,3,3.038713768,kha,0.290623297
2015,other,production,other,4,1.650288978,kha,0.419032116
2015,other,production,other,5,0.366730884,kha,0.706960549
2015,other,production,other,5A-5B,,kha,0.0
2015,other,production,other,all,27.276471314,kha,0.113329347
2015,other,production,pine,1,75.356155426,kha,0.07718134
2015,other,production,pine,1A,28.263160757,kha,0.113386419
2015,other,production,pine,2,91.200488221,kha,0.069240353
2015,other,production,pine,3,51.26972938,kha,0.085679285
2015,other,production,pine,4,20.004784654,kha,0.130093852
2015,other,production,pine,5,9.83550227,kha,0.186158675
2015,other,production,pine,5A-5B,4.945512663,kha,0.278892927
2015,other,production,pine,all,280.87533337,kha,0.049321507
2015,other,production,spruce,1,70.904665937,kha,0.064507096
2015,other,production,spruce,1A,50.351251881,kha,0.082941196
2015,other,production,spruce,2,35.173434131,kha,0.095858113
2015,other,production,spruce,3,10.262248663,kha,0.151915585
2015,other,production,spruce,4,1.414371,kha,0.431881528
2015,other,production,spruce,5,0.366730884,kha,0.790598701
2015,other,production,spruce,5A-5B,0.183365442,kha,1.224315968
2015,other,production,spruce,all,168.656067938,kha,0.049352615
2015,other,protected,aspen,1,1.695836954,kha,0.422817207
2015,other,protected,aspen,1A,0.514248382,kha,0.731991544
2015,other,protected,aspen,2,0.550096326,kha,0.644917479
2015,other,protected,aspen,3,,kha,0.0
2015,other,protected,aspen,4,0.183365442,kha,1.00010751
2015,other,protected,aspen,5,,kha,0.0
2015,other,protected,aspen,5A-5B,,kha,0.0
2015,other,protected,aspen,all,2.943547104,kha,0.347825445
2015,other,protected,birch,1,2.480531026,kha,0.35325709
2015,other,protected,birch,1A,0.733461768,kha,0.818884301
2015,other,protected,birch,2,5.867694144,kha,0.256178614
2015,other,protected,birch,3,3.300577956,kha,0.312403676
2015,other,protected,birch,4,2.017019862,kha,0.447395062
2015,other,protected,birch,5,,kha,0.0
2015,other,protected,birch,5A-5B,,kha,0.0
2015,other,protected,birch,all,14.399284756,kha,0.195899377
2015,other,protected,black alder,1,0.366730884,kha,1.000655658
2015,other,protected,black alder,1A,,kha,0.0
2015,other,protected,black alder,2,1.100192652,kha,0.506869739
2015,other,protected,black alder,3,0.183365442,kha,1.224040313
2015,other,protected,black alder,4,,kha,0.0
2015,other,protected,black alder,5,,kha,0.0
2015,other,protected,black alder,5A-5B,,kha,0.0
2015,other,protected,black alder,all,1.650288978,kha,0.468206427
2015,other,protected,grey alder,1,1.000203476,kha,0.499840674
2015,other,protected,grey alder,1A,0.366730884,kha,0.790011592
2015,other,protected,grey alder,2,0.468590387,kha,0.701237698
2015,other,protected,grey alder,3,0.569808111,kha,0.644180062
2015,other,protected,grey alder,4,,kha,0.0
2015,other,protected,grey alder,5,,kha,0.0
2015,other,protected,grey alder,5A-5B,,kha,0.0
2015,other,protected,grey alder,all,2.405332858,kha,0.342934271
2015,other,protected,pine,1,2.226074802,kha,0.359514524
2015,other,protected,pine,1A,1.283558094,kha,0.440207053
2015,other,protected,pine,2,3.483943398,kha,0.285481292
2015,other,protected,pine,3,2.582518885,kha,0.510426246
2015,other,protected,pine,4,2.017019862,kha,0.368081336
2015,other,protected,pine,5,2.904563611,kha,0.396935183
2015,other,protected,pine,5A-5B,2.383750746,kha,0.450858409
2015,other,protected,pine,all,16.881429398,kha,0.197815943
2015,other,protected,spruce,1,2.823974499,kha,0.29118247
2015,other,protected,spruce,1A,0.91682721,kha,0.479613837
2015,other,protected,spruce,2,1.466923536,kha,0.404269593
2015,other,protected,spruce,3,0.366730884,kha,0.790652054
2015,other,protected,spruce,4,,kha,0.0
2015,other,protected,spruce,5,,kha,0.0
2015,other,protected,spruce,5A-5B,,kha,0.0
2015,other,protected,spruce,all,5.574456129,kha,0.238725827
2016,State Forest Management Centre,production,aspen,1,14.669785923,kha,0.140893319
2016,State Forest Management Centre,production,aspen,1A,12.15988079,kha,0.152814
2016,State Forest Management Centre,production,aspen,2,2.549490914,kha,0.368457934
2016,State Forest Management Centre,production,aspen,3,0.520637193,kha,0.623794296
2016,State Forest Management Centre,production,aspen,4,0.173545731,kha,0.999955517
2016,State Forest Management Centre,production,aspen,5,,kha,0.0
2016,State Forest Management Centre,production,aspen,5A-5B,,kha,0.0
2016,State Forest Management Centre,production,aspen,all,30.073340551,kha,0.109238187
2016,State Forest Management Centre,production,birch,1,82.234800774,kha,0.076806135
2016,State Forest Management Centre,production,birch,1A,20.409030017,kha,0.122504717
2016,State Forest Management Centre,production,birch,2,59.976727768,kha,0.083363113
2016,State Forest Management Centre,production,birch,3,22.292556543,kha,0.114273044
2016,State Forest Management Centre,production,birch,4,8.299841934,kha,0.206914724
2016,State Forest Management Centre,production,birch,5,1.735457309,kha,0.432393662
2016,State Forest Management Centre,production,birch,5A-5B,0.347091462,kha,0.790816118
2016,State Forest Management Centre,production,birch,all,195.295505806,kha,0.055762661
2016,State Forest Management Centre,production,black alder,1,10.036722318,kha,0.156768623
2016,State Forest Management Centre,production,black alder,1A,1.132871822,kha,0.550182778
2016,State Forest Management Centre,production,black alder,2,6.857156274,kha,0.20814417
2016,State Forest Management Centre,production,black alder,3,1.233094482,kha,0.445349822
2016,State Forest Management Centre,production,black alder,4,0.330483135,kha,0.783050099
2016,State Forest Management Centre,production,black alder,5,,kha,0.0
2016,State Forest Management Centre,production,black alder,5A-5B,,kha,0.0
2016,State Forest Management Centre,production,black alder,all,19.590328031,kha,0.13466145
2016,State Forest Management Centre,production,grey alder,1,12.299324785,kha,0.153924443
2016,State Forest Management Centre,production,grey alder,1A,1.561911578,kha,0.396275833
2016,State Forest Management Centre,production,grey alder,2,6.850440054,kha,0.199169677
2016,State Forest Management Centre,production,grey alder,3,0.694182924,kha,0.558790074
2016,State Forest Management Centre,production,grey alder,4,,kha,0.0
2016,State Forest Management Centre,production,grey alder,5,,kha,0.0
2016,State Forest Management Centre,production,grey alder,5A-5B,,kha,0.0
2016,State Forest Management Centre,production,grey alder,all,21.40585934,kha,0.130420043
2016,State Forest Management Centre,production,other,1,0.347091462,kha,0.706712049
2016,State Forest Management Centre,production,other,1A,1.388365847,kha,0.423334106
2016,State Forest Management Centre,production,other,2,1.248019415,kha,0.401060247
2016,State Forest Management Centre,production,other,3,0.173545731,kha,1.224838942
2016,State Forest Management Centre,production,other,4,0.173545731,kha,1.224838942
2016,State Forest Management Centre,production,other,5,,kha,0.0
2016,State Forest Management Centre,production,other,5A-5B,,kha,0.0
2016,State Forest Management Centre,production,other,all,3.330568185,kha,0.261781065
2016,State Forest Management Centre,production,pine,1,85.993731887,kha,0.076741113
2016,State Forest Management Centre,production,pine,1A,23.39880645,kha,0.13130213
2016,State Forest Management Centre,production,pine,2,81.924605135,kha,0.078357949
2016,State Forest Management Centre,production,pine,3,49.361351919,kha,0.098075053
2016,State Forest Management Centre,production,pine,4,26.272654335,kha,0.114155139
2016,State Forest Management Centre,production,pine,5,15.16118066,kha,0.150234518
2016,State Forest Management Centre,production,pine,5A-5B,12.148201162,kha,0.206053356
2016,State Forest Management Centre,production,pine,all,294.260531548,kha,0.054458952
2016,State Forest Management Centre,production,spruce,1,66.897714161,kha,0.077664405
2016,State Forest Management Centre,production,spruce,1A,66.807938954,kha,0.083579526
2016,State Forest Management Centre,production,spruce,2,22.143272505,kha,0.118044588
2016,State Forest Management Centre,production,spruce,3,5.970285525,kha,0.204863751
2016,State Forest Management Centre,production,spruce,4,1.514707139,kha,0.409587653
2016,State Forest Management Centre,production,spruce,5,0.024539366,kha,1.000594137
2016,State Forest Management Centre,production,spruce,5A-5B,,kha,0.0
2016,State Forest Management Centre,production,spruce,all,163.358457651,kha,0.060968903
2016,State Forest Management Centre,protected,aspen,1,4.929271458,kha,0.245083823
2016,State Forest Management Centre,protected,aspen,1A,4.947979688,kha,0.252152793
2016,State Forest Management Centre,protected,aspen,2,1.388365847,kha,0.499913525
2016,State Forest Management Centre,protected,aspen,3,0.173545731,kha,1.322721301
2016,State Forest Management Centre,protected,aspen,4,,kha,0.0
2016,State Forest Management Centre,protected,aspen,5,,kha,0.0
2016,State Forest Management Centre,protected,aspen,5A-5B,,kha,0.0
2016,State Forest Management Centre,protected,aspen,all,11.439162724,kha,0.182335005
2016,State Forest Management Centre,protected,birch,1,18.391942696,kha,0.152425154
2016,State Forest Management Centre,protected,birch,1A,8.415649001,kha,0.257117117
2016,State Forest Management Centre,protected,birch,2,22.301337957,kha,0.16463426
2016,State Forest Management Centre,protected,birch,3,8.881341615,kha,0.208911094
2016,State Forest Management Centre,protected,birch,4,7.462466428,kha,0.257012597
2016,State Forest Management Centre,protected,birch,5,1.388365847,kha,0.441482315
2016,State Forest Management Centre,protected,birch,5A-5B,1.388365847,kha,0.471603735
2016,State Forest Management Centre,protected,birch,all,68.229469391,kha,0.10539754
2016,State Forest Management Centre,protected,black alder,1,4.890761661,kha,0.252339029
2016,State Forest Management Centre,protected,black alder,1A,0.347091462,kha,1.224838942
2016,State Forest Management Centre,protected,black alder,2,7.343969403,kha,0.275947662
2016,State Forest Management Centre,protected,black alder,3,1.355912795,kha,0.466054465
2016,State Forest Management Centre,protected,black alder,4,0.520637193,kha,0.999636054
2016,State Forest Management Centre,protected,black alder,5,,kha,0.0
2016,State Forest Management Centre,protected,black alder,5A-5B,,kha,0.0
2016,State Forest Management Centre,protected,black alder,all,14.458372514,kha,0.195856497
2016,State Forest Management Centre,protected,grey alder,1,2.20637365,kha,0.40727233
2016,State Forest Management Centre,protected,grey alder,1A,0.347091462,kha,0.790412132
2016,State Forest Management Centre,protected,grey alder,2,0.686078338,kha,0.573423615
2016,State Forest Management Centre,protected,grey alder,3,0.173545731,kha,0.999955517
2016,State Forest Management Centre,protected,grey alder,4,,kha,0.0
2016,State Forest Management Centre,protected,grey alder,5,,kha,0.0
2016,State Forest Management Centre,protected,grey alder,5A-5B,,kha,0.0
2016,State Forest Management Centre,protected,grey alder,all,3.41308918,kha,0.332275164
2016,State Forest Management Centre,protected,pine,1,18.14073525,kha,0.159381576
2016,State Forest Management Centre,protected,pine,1A,3.857678634,kha,0.243860846
2016,State Forest Management Centre,protected,pine,2,28.154271859,kha,0.138415641
2016,State Forest Management Centre,protected,pine,3,25.152260451,kha,0.136536587
2016,State Forest Management Centre,protected,pine,4,19.456420145,kha,0.173271879
2016,State Forest Management Centre,protected,pine,5,14.502158102,kha,0.17429714
2016,State Forest Management Centre,protected,pine,5A-5B,19.670644995,kha,0.167740655
2016,State Forest Management Centre,protected,pine,all,128.934169436,kha,0.088695771
2016,State Forest Management Centre,protected,spruce,1,15.400864669,kha,0.156793549
2016,State Forest Management Centre,protected,spruce,1A,12.78976502,kha,0.176312357
2016,State Forest Management Centre,protected,spruce,2,8.665572208,kha,0.197664944
2016,State Forest Management Centre,protected,spruce,3,3.398546048,kha,0.269407791
2016,State Forest Management Centre,protected,spruce,4,0.867728654,kha,0.519406657
2016,State Forest Management Centre,protected,spruce,5,0.173545731,kha,0.999636054
2016,State Forest Management Centre,protected,spruce,5A-5B,,kha,0.0
2016,State Forest Management Centre,protected,spruce,all,41.29602233,kha,0.115733271
2016,all,production,aspen,1,59.008793808,kha,0.070012182
2016,all,production,aspen,1A,33.698190232,kha,0.096448814
2016,all,production,aspen,2,14.280279885,kha,0.158197015
2016,all,production,aspen,3,2.603185963,kha,0.284975656
2016,all,production,aspen,4,0.520637193,kha,0.745224883
2016,all,production,aspen,5,,kha,0.0
2016,all,production,aspen,5A-5B,,kha,0.0
2016,all,production,aspen,all,110.111087081,kha,0.058181825
2016,all,production,birch,1,215.811873857,kha,0.040799392
2016,all,production,birch,1A,60.810458813,kha,0.072711285
2016,all,production,birch,2,185.583643742,kha,0.046181449
2016,all,production,birch,3,77.72306299,kha,0.070101127
2016,all,production,birch,4,18.444943562,kha,0.131845056
2016,all,production,birch,5,4.165097541,kha,0.303048842
2016,all,production,birch,5A-5B,1.041274385,kha,0.399532983
2016,all,production,birch,all,563.580354891,kha,0.029354235
2016,all,production,black alder,1,28.570764258,kha,0.102157085
2016,all,production,black alder,1A,2.49235966,kha,0.336099526
2016,all,production,black alder,2,21.060694236,kha,0.119049877
2016,all,production,black alder,3,5.771749209,kha,0.221839543
2016,all,production,black alder,4,0.721186639,kha,0.525763157
2016,all,production,black alder,5,,kha,0.0
2016,all,production,black alder,5A-5B,,kha,0.0
2016,all,production,black alder,all,58.616754002,kha,0.079325956
2016,all,production,grey alder,1,112.510946866,kha,0.055354638
2016,all,production,grey alder,1A,21.555577242,kha,0.120459758
2016,all,production,grey alder,2,49.698568628,kha,0.080895269
2016,all,production,grey alder,3,6.000725446,kha,0.209670629
2016,all,production,grey alder,4,0.75815188,kha,0.665109058
2016,all,production,grey alder,5,,kha,0.0
2016,all,production,grey alder,5A-5B,,kha,0.0
2016,all,production,grey alder,all,190.523970063,kha,0.047385356
2016,all,production,other,1,11.6236939,kha,0.152160342
2016,all,production,other,1A,5.311002648,kha,0.228837611
2016,all,production,other,2,8.12036094,kha,0.178793613
2016,all,production,other,3,2.950277425,kha,0.280813491
2016,all,production,other,4,1.546622199,kha,0.412062346
2016,all,production,other,5,0.520637193,kha,0.706620242
2016,all,production,other,5A-5B,,kha,0.0
2016,all,production,other,all,30.072594304,kha,0.101732856
2016,all,production,pine,1,153.063429867,kha,0.055592801
2016,all,production,pine,1A,49.870916894,kha,0.087176387
2016,all,production,pine,2,165.545706561,kha,0.051646129
2016,all,production,pine,3,100.376681426,kha,0.067386977
2016,all,production,pine,4,47.255339765,kha,0.091192473
2016,all,production,pine,5,23.949328218,kha,0.118248248
2016,all,production,pine,5A-5B,16.308231168,kha,0.174466031
2016,all,production,pine,all,556.369633899,kha,0.035778099
2016,all,production,spruce,1,133.96239667,kha,0.049664495
2016,all,production,spruce,1A,118.133811192,kha,0.058612771
2016,all,production,spruce,2,53.860524992,kha,0.079242107
2016,all,production,spruce,3,16.030054716,kha,0.127445148
2016,all,production,spruce,4,2.903072986,kha,0.306054922
2016,all,production,spruce,5,0.307557744,kha,0.80466529
2016,all,production,spruce,5A-5B,0.520637193,kha,0.686442284
2016,all,production,spruce,all,325.718055494,kha,0.03855074
2016,all,protected,aspen,1,6.534291796,kha,0.216463044
2016,all,protected,aspen,1A,5.468616881,kha,0.237143969
2016,all,protected,aspen,2,1.735457309,kha,0.494757793
2016,all,protected,aspen,3,0.173545731,kha,1.322721301
2016,all,protected,aspen,4,,kha,0.0
2016,all,protected,aspen,5,,kha,0.0
2016,all,protected,aspen,5A-5B,,kha,0.0
2016,all,protected,aspen,all,13.911911716,kha,0.166961983
2016,all,protected,birch,1,21.086726096,kha,0.138107459
2016,all,protected,birch,1A,8.589194732,kha,0.253050429
2016,all,protected,birch,2,26.639981229,kha,0.144034001
2016,all,protected,birch,3,11.137436117,kha,0.184310793
2016,all,protected,birch,4,8.581853747,kha,0.240154179
2016,all,protected,birch,5,1.388365847,kha,0.441482315
2016,all,protected,birch,5A-5B,1.388365847,kha,0.471603735
2016,all,protected,birch,all,78.811923614,kha,0.096806361
2016,all,protected,black alder,1,5.237853122,kha,0.278488121
2016,all,protected,black alder,1A,0.347091462,kha,1.224838942
2016,all,protected,black alder,2,8.55878952,kha,0.254793044
2016,all,protected,black alder,3,1.876549988,kha,0.378268472
2016,all,protected,black alder,4,0.520637193,kha,0.999636054
2016,all,protected,black alder,5,,kha,0.0
2016,all,protected,black alder,5A-5B,,kha,0.0
2016,all,protected,black alder,all,16.540921284,kha,0.186699352
2016,all,protected,grey alder,1,3.153013548,kha,0.318422756
2016,all,protected,grey alder,1A,0.694182924,kha,0.544340831
2016,all,protected,grey alder,2,1.303120184,kha,0.398203579
2016,all,protected,grey alder,3,0.539293359,kha,0.602575214
2016,all,protected,grey alder,4,,kha,0.0
2016,all,protected,grey alder,5,,kha,0.0
2016,all,protected,grey alder,5A-5B,,kha,0.0
2016,all,protected,grey alder,all,5.689610014,kha,0.237817815
2016,all,protected,pine,1,19.379869123,kha,0.151618412
2016,all,protected,pine,1A,4.551861557,kha,0.224355183
2016,all,protected,pine,2,30.931003553,kha,0.132914575
2016,all,protected,pine,3,27.545022216,kha,0.136398474
2016,all,protected,pine,4,21.018331723,kha,0.16405452
2016,all,protected,pine,5,16.411161141,kha,0.166030249
2016,all,protected,pine,5A-5B,21.926739497,kha,0.162745812
2016,all,protected,pine,all,141.763988811,kha,0.085769867
2016,all,protected,spruce,1,17.7265163,kha,0.143942244
2016,all,protected,spruce,1A,13.788138901,kha,0.16998375
2016,all,protected,spruce,2,9.706846593,kha,0.182155853
2016,all,protected,spruce,3,3.74563751,kha,0.267467704
2016,all,protected,spruce,4,0.867728654,kha,0.519406657
2016,all,protected,spruce,5,0.173545731,kha,0.999636054
2016,all,protected,spruce,5A-5B,,kha,0.0
2016,all,protected,spruce,all,46.008413689,kha,0.108850927
2016,other,production,aspen,1,44.339007885,kha,0.07755637
2016,other,production,aspen,1A,21.538309442,kha,0.121014149
2016,other,production,aspen,2,11.73078897,kha,0.163815961
2016,other,production,aspen,3,2.082548771,kha,0.314683558
2016,other,production,aspen,4,0.347091462,kha,0.999875661
2016,other,production,aspen,5,,kha,0.0
2016,other,production,aspen,5A-5B,,kha,0.0
2016,other,production,aspen,all,80.03774653,kha,0.066221623
2016,other,production,birch,1,133.577073083,kha,0.050842242
2016,other,production,birch,1A,40.401428797,kha,0.091164049
2016,other,production,birch,2,125.606915974,kha,0.055019288
2016,other,production,birch,3,55.430506447,kha,0.081894287
2016,other,production,birch,4,10.145101627,kha,0.157382884
2016,other,production,birch,5,2.429640232,kha,0.318400585
2016,other,production,birch,5A-5B,0.694182924,kha,0.544551657
2016,other,production,birch,all,368.284849084,kha,0.036231201
2016,other,production,black alder,1,18.53404194,kha,0.132823782
2016,other,production,black alder,1A,1.359487838,kha,0.412431693
2016,other,production,black alder,2,14.203537962,kha,0.137678201
2016,other,production,black alder,3,4.538654727,kha,0.224562364
2016,other,production,black alder,4,0.390703504,kha,0.710426159
2016,other,production,black alder,5,,kha,0.0
2016,other,production,black alder,5A-5B,,kha,0.0
2016,other,production,black alder,all,39.026425971,kha,0.095724364
2016,other,production,grey alder,1,100.211622081,kha,0.059270755
2016,other,production,grey alder,1A,19.993665664,kha,0.125492341
2016,other,production,grey alder,2,42.848128575,kha,0.083509161
2016,other,production,grey alder,3,5.306542523,kha,0.223333375
2016,other,production,grey alder,4,0.75815188,kha,0.665109058
2016,other,production,grey alder,5,,kha,0.0
2016,other,production,grey alder,5A-5B,,kha,0.0
2016,other,production,grey alder,all,169.118110723,kha,0.049600988
2016,other,production,other,1,11.276602438,kha,0.155394834
2016,other,production,other,1A,3.922636801,kha,0.273048405
2016,other,production,other,2,6.872341525,kha,0.18956447
2016,other,production,other,3,2.776731694,kha,0.288337362
2016,other,production,other,4,1.373076468,kha,0.437560431
2016,other,production,other,5,0.520637193,kha,0.706620242
2016,other,production,other,5A-5B,,kha,0.0
2016,other,production,other,all,26.742026119,kha,0.108110998
2016,other,production,pine,1,67.06969798,kha,0.079342865
2016,other,production,pine,1A,26.472110444,kha,0.112666288
2016,other,production,pine,2,83.621101427,kha,0.069354341
2016,other,production,pine,3,51.015329507,kha,0.08473596
2016,other,production,pine,4,20.98268543,kha,0.138055453
2016,other,production,pine,5,8.788147557,kha,0.18623676
2016,other,production,pine,5A-5B,4.160030006,kha,0.285731613
2016,other,production,pine,all,262.109102352,kha,0.049726848
2016,other,production,spruce,1,67.064682509,kha,0.06394718
2016,other,production,spruce,1A,51.325872238,kha,0.078144947
2016,other,production,spruce,2,31.717252487,kha,0.104011725
2016,other,production,spruce,3,10.059769191,kha,0.157266037
2016,other,production,spruce,4,1.388365847,kha,0.43254091
2016,other,production,spruce,5,0.283018378,kha,0.870101787
2016,other,production,spruce,5A-5B,0.520637193,kha,0.686442284
2016,other,production,spruce,all,162.359597843,kha,0.048364661
2016,other,protected,aspen,1,1.605020338,kha,0.405279634
2016,other,protected,aspen,1A,0.520637193,kha,0.645015794
2016,other,protected,aspen,2,0.347091462,kha,0.790109006
2016,other,protected,aspen,3,,kha,0.0
2016,other,protected,aspen,4,,kha,0.0
2016,other,protected,aspen,5,,kha,0.0
2016,other,protected,aspen,5A-5B,,kha,0.0
2016,other,protected,aspen,all,2.472748992,kha,0.345575028
2016,other,protected,birch,1,2.6947834,kha,0.33949402
2016,other,protected,birch,1A,0.173545731,kha,1.224056386
2016,other,protected,birch,2,4.338643272,kha,0.256364178
2016,other,protected,birch,3,2.256094502,kha,0.360256172
2016,other,protected,birch,4,1.119387319,kha,0.42949265
2016,other,protected,birch,5,,kha,0.0
2016,other,protected,birch,5A-5B,,kha,0.0
2016,other,protected,birch,all,10.582454224,kha,0.194303863
2016,other,protected,black alder,1,0.347091462,kha,1.000594137
2016,other,protected,black alder,1A,,kha,0.0
2016,other,protected,black alder,2,1.214820116,kha,0.428187993
2016,other,protected,black alder,3,0.520637193,kha,0.622951019
2016,other,protected,black alder,4,,kha,0.0
2016,other,protected,black alder,5,,kha,0.0
2016,other,protected,black alder,5A-5B,,kha,0.0
2016,other,protected,black alder,all,2.082548771,kha,0.386143496
2016,other,protected,grey alder,1,0.946639898,kha,0.476046575
2016,other,protected,grey alder,1A,0.347091462,kha,0.749408127
2016,other,protected,grey alder,2,0.617041846,kha,0.54854866
2016,other,protected,grey alder,3,0.365747628,kha,0.751466549
2016,other,protected,grey alder,4,,kha,0.0
2016,other,protected,grey alder,5,,kha,0.0
2016,other,protected,grey alder,5A-5B,,kha,0.0
2016,other,protected,grey alder,all,2.276520834,kha,0.326547127
2016,other,protected,pine,1,1.239133873,kha,0.415350642
2016,other,protected,pine,1A,0.694182924,kha,0.544986804
2016,other,protected,pine,2,2.776731694,kha,0.313431688
2016,other,protected,pine,3,2.392761765,kha,0.534398734
2016,other,protected,pine,4,1.561911578,kha,0.376017959
2016,other,protected,pine,5,1.90900304,kha,0.475627944
2016,other,protected,pine,5A-5B,2.256094502,kha,0.507913375
2016,other,protected,pine,all,12.829819375,kha,0.223415773
2016,other,protected,spruce,1,2.325651631,kha,0.311315145
2016,other,protected,spruce,1A,0.998373881,kha,0.445267877
2016,other,protected,spruce,2,1.041274385,kha,0.424700021
2016,other,protected,spruce,3,0.347091462,kha,0.79051315
2016,other,protected,spruce,4,,kha,0.0
2016,other,protected,spruce,5,,kha,0.0
2016,other,protected,spruce,5A-5B,,kha,0.0
2016,other,protected,spruce,all,4.712391358,kha,0.249518891
2017,State Forest Management Centre,production,aspen,1,16.186115393,kha,0.125113198
2017,State Forest Management Centre,production,aspen,1A,11.714121364,kha,0.148742478
2017,State Forest Management Centre,production,aspen,2,3.059273673,kha,0.350683299
2017,State Forest Management Centre,production,aspen,3,0.818399001,kha,0.583094608
2017,State Forest Management Centre,production,aspen,4,,kha,0.0
2017,State Forest Management Centre,production,aspen,5,,kha,0.0
2017,State Forest Management Centre,production,aspen,5A-5B,,kha,0.0
2017,State Forest Management Centre,production,aspen,all,31.777909431,kha,0.104887975
2017,State Forest Management Centre,production,birch,1,84.087109175,kha,0.066403375
2017,State Forest Management Centre,production,birch,1A,17.982321152,kha,0.118652858
2017,State Forest Management Centre,production,birch,2,61.956405327,kha,0.077859604
2017,State Forest Management Centre,production,birch,3,24.121573994,kha,0.108289969
2017,State Forest Management Centre,production,birch,4,8.319042213,kha,0.182107158
2017,State Forest Management Centre,production,birch,5,1.718637902,kha,0.391108055
2017,State Forest Management Centre,production,birch,5A-5B,0.3273596,kha,0.75019533
2017,State Forest Management Centre,production,birch,all,198.512449362,kha,0.050476
2017,State Forest Management Centre,production,black alder,1,10.683838862,kha,0.141197252
2017,State Forest Management Centre,production,black alder,1A,1.2321488,kha,0.471117396
2017,State Forest Management Centre,production,black alder,2,7.311560306,kha,0.178653446
2017,State Forest Management Centre,production,black alder,3,1.735415081,kha,0.308995534
2017,State Forest Management Centre,production,black alder,4,0.475375244,kha,0.618015076
2017,State Forest Management Centre,production,black alder,5,,kha,0.0
2017,State Forest Management Centre,production,black alder,5A-5B,,kha,0.0
2017,State Forest Management Centre,production,black alder,all,21.438338293,kha,0.112570073
2017,State Forest Management Centre,production,grey alder,1,13.627227237,kha,0.15009772
2017,State Forest Management Centre,production,grey alder,1A,1.800477802,kha,0.33690491
2017,State Forest Management Centre,production,grey alder,2,7.193923634,kha,0.178380286
2017,State Forest Management Centre,production,grey alder,3,0.818399001,kha,0.469181325
2017,State Forest Management Centre,production,grey alder,4,,kha,0.0
2017,State Forest Management Centre,production,grey alder,5,,kha,0.0
2017,State Forest Management Centre,production,grey alder,5A-5B,,kha,0.0
2017,State Forest Management Centre,production,grey alder,all,23.440027674,kha,0.120645009
2017,State Forest Management Centre,production,other,1,0.3273596,kha,0.749787392
2017,State Forest Management Centre,production,other,1A,0.982078801,kha,0.471449063
2017,State Forest Management Centre,production,other,2,0.903201505,kha,0.441870608
2017,State Forest Management Centre,production,other,3,0.3273596,kha,0.707047721
2017,State Forest Management Centre,production,other,4,0.1636798,kha,1.000071203
2017,State Forest Management Centre,production,other,5,,kha,0.0
2017,State Forest Management Centre,production,other,5A-5B,,kha,0.0
2017,State Forest Management Centre,production,other,all,2.703679307,kha,0.268593318
2017,State Forest Management Centre,production,pine,1,79.785047514,kha,0.073255977
2017,State Forest Management Centre,production,pine,1A,22.675381119,kha,0.12351943
2017,State Forest Management Centre,production,pine,2,77.141258646,kha,0.074224578
2017,State Forest Management Centre,production,pine,3,46.589654646,kha,0.092343205
2017,State Forest Management Centre,production,pine,4,24.892898684,kha,0.11143916
2017,State Forest Management Centre,production,pine,5,15.281358929,kha,0.140841198
2017,State Forest Management Centre,production,pine,5A-5B,11.784945614,kha,0.188401543
2017,State Forest Management Centre,production,pine,all,278.150545152,kha,0.051442765
2017,State Forest Management Centre,production,spruce,1,65.935559477,kha,0.070868411
2017,State Forest Management Centre,production,spruce,1A,67.789527838,kha,0.077773018
2017,State Forest Management Centre,production,spruce,2,20.65277346,kha,0.101299992
2017,State Forest Management Centre,production,spruce,3,6.806117083,kha,0.182315095
2017,State Forest Management Centre,production,spruce,4,1.625651407,kha,0.378062231
2017,State Forest Management Centre,production,spruce,5,0.023144324,kha,1.225048936
2017,State Forest Management Centre,production,spruce,5A-5B,,kha,0.0
2017,State Forest Management Centre,production,spruce,all,162.83277359,kha,0.055975554
2017,State Forest Management Centre,protected,aspen,1,5.546551917,kha,0.212427191
2017,State Forest Management Centre,protected,aspen,1A,5.321410352,kha,0.225312845
2017,State Forest Management Centre,protected,aspen,2,1.636798002,kha,0.415033347
2017,State Forest Management Centre,protected,aspen,3,0.1636798,kha,1.117693466
2017,State Forest Management Centre,protected,aspen,4,,kha,0.0
2017,State Forest Management Centre,protected,aspen,5,,kha,0.0
2017,State Forest Management Centre,protected,aspen,5A-5B,,kha,0.0
2017,State Forest Management Centre,protected,aspen,all,12.668440071,kha,0.158862529
2017,State Forest Management Centre,protected,birch,1,20.902139636,kha,0.142733776
2017,State Forest Management Centre,protected,birch,1A,9.310892698,kha,0.231061098
2017,State Forest Management Centre,protected,birch,2,22.429517691,kha,0.148729138
2017,State Forest Management Centre,protected,birch,3,11.322681122,kha,0.173575992
2017,State Forest Management Centre,protected,birch,4,8.83870921,kha,0.208824418
2017,State Forest Management Centre,protected,birch,5,2.618876803,kha,0.321659842
2017,State Forest Management Centre,protected,birch,5A-5B,1.309438402,kha,0.43283198
2017,State Forest Management Centre,protected,birch,all,76.732255561,kha,0.094916165
2017,State Forest Management Centre,protected,black alder,1,4.436148153,kha,0.237069246
2017,State Forest Management Centre,protected,black alder,1A,0.491039401,kha,0.881994282
2017,State Forest Management Centre,protected,black alder,2,6.59911124,kha,0.284155969
2017,State Forest Management Centre,protected,black alder,3,1.278830279,kha,0.448666923
2017,State Forest Management Centre,protected,black alder,4,0.654719201,kha,0.874823152
2017,State Forest Management Centre,protected,black alder,5,,kha,0.0
2017,State Forest Management Centre,protected,black alder,5A-5B,,kha,0.0
2017,State Forest Management Centre,protected,black alder,all,13.459848273,kha,0.197113078
2017,State Forest Management Centre,protected,grey alder,1,2.73566234,kha,0.278958092
2017,State Forest Management Centre,protected,grey alder,1A,0.491039401,kha,0.666246169
2017,State Forest Management Centre,protected,grey alder,2,0.974434954,kha,0.399758097
2017,State Forest Management Centre,protected,grey alder,3,0.1636798,kha,0.999920581
2017,State Forest Management Centre,protected,grey alder,4,,kha,0.0
2017,State Forest Management Centre,protected,grey alder,5,,kha,0.0
2017,State Forest Management Centre,protected,grey alder,5A-5B,,kha,0.0
2017,State Forest Management Centre,protected,grey alder,all,4.364816496,kha,0.233109906
2017,State Forest Management Centre,protected,pine,1,20.970950624,kha,0.140556485
2017,State Forest Management Centre,protected,pine,1A,4.141688192,kha,0.234345427
2017,State Forest Management Centre,protected,pine,2,31.379119966,kha,0.128361819
2017,State Forest Management Centre,protected,pine,3,28.972830487,kha,0.114964995
2017,State Forest Management Centre,protected,pine,4,23.376863639,kha,0.149399186
2017,State Forest Management Centre,protected,pine,5,16.27834896,kha,0.148629494
2017,State Forest Management Centre,protected,pine,5A-5B,21.40498035,kha,0.163102711
2017,State Forest Management Centre,protected,pine,all,146.524782218,kha,0.080312674
2017,State Forest Management Centre,protected,spruce,1,17.7236907,kha,0.133588002
2017,State Forest Management Centre,protected,spruce,1A,14.34196782,kha,0.157674634
2017,State Forest Management Centre,protected,spruce,2,10.685868491,kha,0.181674995
2017,State Forest Management Centre,protected,spruce,3,4.187420328,kha,0.268296464
2017,State Forest Management Centre,protected,spruce,4,0.818399001,kha,0.490043274
2017,State Forest Management Centre,protected,spruce,5,0.1636798,kha,1.117828219
2017,State Forest Management Centre,protected,spruce,5A-5B,,kha,0.0
2017,State Forest Management Centre,protected,spruce,all,47.92102614,kha,0.109776599
2017,all,production,aspen,1,62.178436976,kha,0.063632372
2017,all,production,aspen,1A,33.225820944,kha,0.091143429
2017,all,production,aspen,2,14.503176055,kha,0.150219817
2017,all,production,aspen,3,3.109916204,kha,0.292961963
2017,all,production,aspen,4,0.3273596,kha,0.999845262
2017,all,production,aspen,5,,kha,0.0
2017,all,production,aspen,5A-5B,,kha,0.0
2017,all,production,aspen,all,113.344709778,kha,0.054319634
2017,all,production,birch,1,223.869936791,kha,0.037258589
2017,all,production,birch,1A,58.065212701,kha,0.068420774
2017,all,production,birch,2,182.771461186,kha,0.043311381
2017,all,production,birch,3,74.040279359,kha,0.064349126
2017,all,production,birch,4,18.869482037,kha,0.115688352
2017,all,production,birch,5,4.173834905,kha,0.271156891
2017,all,production,birch,5A-5B,0.818399001,kha,0.436044585
2017,all,production,birch,all,562.60860598,kha,0.026712348
2017,all,production,black alder,1,29.67356008,kha,0.091254467
2017,all,production,black alder,1A,2.696788388,kha,0.304359598
2017,all,production,black alder,2,22.506005262,kha,0.103679073
2017,all,production,black alder,3,6.979895927,kha,0.192223265
2017,all,production,black alder,4,1.007547378,kha,0.406860458
2017,all,production,black alder,5,,kha,0.0
2017,all,production,black alder,5A-5B,,kha,0.0
2017,all,production,black alder,all,62.863797035,kha,0.069783526
2017,all,production,grey alder,1,112.104033261,kha,0.051136136
2017,all,production,grey alder,1A,20.52814766,kha,0.113749935
2017,all,production,grey alder,2,47.548965587,kha,0.074836396
2017,all,production,grey alder,3,6.478904795,kha,0.181887025
2017,all,production,grey alder,4,1.042411175,kha,0.447823661
2017,all,production,grey alder,5,,kha,0.0
2017,all,production,grey alder,5A-5B,,kha,0.0
2017,all,production,grey alder,all,187.702462478,kha,0.043368663
2017,all,production,other,1,12.581837089,kha,0.132712897
2017,all,production,other,1A,4.736860681,kha,0.224623593
2017,all,production,other,2,7.931612125,kha,0.169917061
2017,all,production,other,3,3.764635404,kha,0.246595509
2017,all,production,other,4,1.295018211,kha,0.353531303
2017,all,production,other,5,0.654719201,kha,0.544496205
2017,all,production,other,5A-5B,,kha,0.0
2017,all,production,other,all,30.964682712,kha,0.093338477
2017,all,production,pine,1,145.623904966,kha,0.053228865
2017,all,production,pine,1A,48.325593503,kha,0.078730622
2017,all,production,pine,2,155.161772442,kha,0.049610479
2017,all,production,pine,3,98.558776868,kha,0.061456064
2017,all,production,pine,4,46.641541142,kha,0.086421554
2017,all,production,pine,5,25.334441313,kha,0.107279468
2017,all,production,pine,5A-5B,15.217441967,kha,0.163562321
2017,all,production,pine,all,534.863472201,kha,0.033872413
2017,all,production,spruce,1,130.254649984,kha,0.04561757
2017,all,production,spruce,1A,121.251606254,kha,0.05325203
2017,all,production,spruce,2,51.205277699,kha,0.068838296
2017,all,production,spruce,3,16.851310101,kha,0.117495474
2017,all,production,spruce,4,3.91716861,kha,0.241092117
2017,all,production,spruce,5,0.617432942,kha,0.607132831
2017,all,production,spruce,5A-5B,0.654719201,kha,0.530127932
2017,all,production,spruce,all,324.752164791,kha,0.034237494
2017,all,protected,aspen,1,7.605692907,kha,0.195498734
2017,all,protected,aspen,1A,5.976129553,kha,0.208811537
2017,all,protected,aspen,2,1.964157602,kha,0.401513648
2017,all,protected,aspen,3,0.1636798,kha,1.117693466
2017,all,protected,aspen,4,,kha,0.0
2017,all,protected,aspen,5,,kha,0.0
2017,all,protected,aspen,5A-5B,,kha,0.0
2017,all,protected,aspen,all,15.709659862,kha,0.146031443
2017,all,protected,birch,1,23.20547452,kha,0.131842264
2017,all,protected,birch,1A,9.474572498,kha,0.22769644
2017,all,protected,birch,2,26.713247214,kha,0.12962298
2017,all,protected,birch,3,13.123158924,kha,0.158922669
2017,all,protected,birch,4,9.894460289,kha,0.199169603
2017,all,protected,birch,5,2.618876803,kha,0.321659842
2017,all,protected,birch,5A-5B,1.309438402,kha,0.43283198
2017,all,protected,birch,all,86.339228649,kha,0.087540943
2017,all,protected,black alder,1,4.599827953,kha,0.23137805
2017,all,protected,black alder,1A,0.491039401,kha,0.881994282
2017,all,protected,black alder,2,7.908549642,kha,0.256049188
2017,all,protected,black alder,3,1.769869679,kha,0.361275242
2017,all,protected,black alder,4,0.654719201,kha,0.874823152
2017,all,protected,black alder,5,,kha,0.0
2017,all,protected,black alder,5A-5B,,kha,0.0
2017,all,protected,black alder,all,15.424005875,kha,0.182307196
2017,all,protected,grey alder,1,3.598140312,kha,0.234534677
2017,all,protected,grey alder,1A,0.491039401,kha,0.666246169
2017,all,protected,grey alder,2,1.720078284,kha,0.300433379
2017,all,protected,grey alder,3,0.508634979,kha,0.558232232
2017,all,protected,grey alder,4,,kha,0.0
2017,all,protected,grey alder,5,,kha,0.0
2017,all,protected,grey alder,5A-5B,,kha,0.0
2017,all,protected,grey alder,all,6.317892975,kha,0.189420629
2017,all,protected,pine,1,22.139640765,kha,0.134039266
2017,all,protected,pine,1A,4.960087193,kha,0.211656529
2017,all,protected,pine,2,33.997996769,kha,0.123672038
2017,all,protected,pine,3,32.176158753,kha,0.112740324
2017,all,protected,pine,4,24.68630204,kha,0.144054786
2017,all,protected,pine,5,16.933068161,kha,0.146617882
2017,all,protected,pine,5A-5B,23.369137952,kha,0.155198976
2017,all,protected,pine,all,158.262391633,kha,0.077300466
2017,all,protected,spruce,1,19.753451166,kha,0.126012843
2017,all,protected,spruce,1A,15.774624375,kha,0.149793115
2017,all,protected,spruce,2,11.831627093,kha,0.168935758
2017,all,protected,spruce,3,4.486725211,kha,0.261879481
2017,all,protected,spruce,4,0.982078801,kha,0.440991937
2017,all,protected,spruce,5,0.1636798,kha,1.117828219
2017,all,protected,spruce,5A-5B,,kha,0.0
2017,all,protected,spruce,all,52.992186446,kha,0.103032795
2017,other,production,aspen,1,45.992321583,kha,0.071540439
2017,other,production,aspen,1A,21.51169958,kha,0.113066967
2017,other,production,aspen,2,11.443902382,kha,0.149617838
2017,other,production,aspen,3,2.291517203,kha,0.281104305
2017,other,production,aspen,4,0.3273596,kha,0.999845262
2017,other,production,aspen,5,,kha,0.0
2017,other,production,aspen,5A-5B,,kha,0.0
2017,other,production,aspen,all,81.566800347,kha,0.059671824
2017,other,production,birch,1,139.782827616,kha,0.046511773
2017,other,production,birch,1A,40.082891549,kha,0.084390901
2017,other,production,birch,2,120.815055859,kha,0.052114279
2017,other,production,birch,3,49.918705366,kha,0.076087059
2017,other,production,birch,4,10.550439825,kha,0.143966512
2017,other,production,birch,5,2.455197003,kha,0.290417539
2017,other,production,birch,5A-5B,0.491039401,kha,0.66668875
2017,other,production,birch,all,364.096156618,kha,0.032774502
2017,other,production,black alder,1,18.989721218,kha,0.120403514
2017,other,production,black alder,1A,1.464639588,kha,0.396590649
2017,other,production,black alder,2,15.194444955,kha,0.120222945
2017,other,production,black alder,3,5.244480846,kha,0.215992921
2017,other,production,black alder,4,0.532172134,kha,0.53798365
2017,other,production,black alder,5,,kha,0.0
2017,other,production,black alder,5A-5B,,kha,0.0
2017,other,production,black alder,all,41.425458742,kha,0.084892291
2017,other,production,grey alder,1,98.476806024,kha,0.054938405
2017,other,production,grey alder,1A,18.727669858,kha,0.120700276
2017,other,production,grey alder,2,40.355041953,kha,0.078564067
2017,other,production,grey alder,3,5.660505794,kha,0.192483594
2017,other,production,grey alder,4,1.042411175,kha,0.447823661
2017,other,production,grey alder,5,,kha,0.0
2017,other,production,grey alder,5A-5B,,kha,0.0
2017,other,production,grey alder,all,164.262434805,kha,0.045593902
2017,other,production,other,1,12.254477488,kha,0.134160094
2017,other,production,other,1A,3.75478188,kha,0.2553573
2017,other,production,other,2,7.02841062,kha,0.175393637
2017,other,production,other,3,3.437275804,kha,0.252779422
2017,other,production,other,4,1.131338411,kha,0.377933496
2017,other,production,other,5,0.654719201,kha,0.544496205
2017,other,production,other,5A-5B,,kha,0.0
2017,other,production,other,all,28.261003404,kha,0.09692243
2017,other,production,pine,1,65.838857451,kha,0.07502217
2017,other,production,pine,1A,25.650212384,kha,0.10255212
2017,other,production,pine,2,78.020513796,kha,0.067005089
2017,other,production,pine,3,51.969122223,kha,0.080437231
2017,other,production,pine,4,21.748642458,kha,0.125938905
2017,other,production,pine,5,10.053082384,kha,0.165371978
2017,other,production,pine,5A-5B,3.432496354,kha,0.267844556
2017,other,production,pine,all,256.71292705,kha,0.047300787
2017,other,production,spruce,1,64.319090506,kha,0.061639862
2017,other,production,spruce,1A,53.462078416,kha,0.071769704
2017,other,production,spruce,2,30.552504239,kha,0.090951884
2017,other,production,spruce,3,10.045193017,kha,0.148160569
2017,other,production,spruce,4,2.291517203,kha,0.306748172
2017,other,production,spruce,5,0.594288619,kha,0.628955818
2017,other,production,spruce,5A-5B,0.654719201,kha,0.530127932
2017,other,production,spruce,all,161.919391201,kha,0.043563607
2017,other,protected,aspen,1,2.05914099,kha,0.371940435
2017,other,protected,aspen,1A,0.654719201,kha,0.500067096
2017,other,protected,aspen,2,0.3273596,kha,0.706941199
2017,other,protected,aspen,3,,kha,0.0
2017,other,protected,aspen,4,,kha,0.0
2017,other,protected,aspen,5,,kha,0.0
2017,other,protected,aspen,5A-5B,,kha,0.0
2017,other,protected,aspen,all,3.041219791,kha,0.303870019
2017,other,protected,birch,1,2.303334884,kha,0.347328668
2017,other,protected,birch,1A,0.1636798,kha,0.999769934
2017,other,protected,birch,2,4.283729523,kha,0.249951924
2017,other,protected,birch,3,1.800477802,kha,0.363516797
2017,other,protected,birch,4,1.055751079,kha,0.42289336
2017,other,protected,birch,5,,kha,0.0
2017,other,protected,birch,5A-5B,,kha,0.0
2017,other,protected,birch,all,9.606973088,kha,0.181047429
2017,other,protected,black alder,1,0.1636798,kha,1.000071204
2017,other,protected,black alder,1A,,kha,0.0
2017,other,protected,black alder,2,1.309438402,kha,0.379753057
2017,other,protected,black alder,3,0.491039401,kha,0.576728661
2017,other,protected,black alder,4,,kha,0.0
2017,other,protected,black alder,5,,kha,0.0
2017,other,protected,black alder,5A-5B,,kha,0.0
2017,other,protected,black alder,all,1.964157602,kha,0.350547904
2017,other,protected,grey alder,1,0.862477971,kha,0.418783957
2017,other,protected,grey alder,1A,,kha,0.0
2017,other,protected,grey alder,2,0.74564333,kha,0.455457183
2017,other,protected,grey alder,3,0.344955179,kha,0.672763811
2017,other,protected,grey alder,4,,kha,0.0
2017,other,protected,grey alder,5,,kha,0.0
2017,other,protected,grey alder,5A-5B,,kha,0.0
2017,other,protected,grey alder,all,1.95307648,kha,0.305535256
2017,other,protected,pine,1,1.168690141,kha,0.420406919
2017,other,protected,pine,1A,0.818399001,kha,0.489958746
2017,other,protected,pine,2,2.618876803,kha,0.337835917
2017,other,protected,pine,3,3.203328266,kha,0.39122743
2017,other,protected,pine,4,1.309438402,kha,0.414244489
2017,other,protected,pine,5,0.654719201,kha,0.707260718
2017,other,protected,pine,5A-5B,1.964157602,kha,0.463944462
2017,other,protected,pine,all,11.737609415,kha,0.207660126
2017,other,protected,spruce,1,2.029760466,kha,0.306260987
2017,other,protected,spruce,1A,1.432656555,kha,0.357823558
2017,other,protected,spruce,2,1.145758601,kha,0.377579817
2017,other,protected,spruce,3,0.299304883,kha,0.760901831
2017,other,protected,spruce,4,0.1636798,kha,0.999732272
2017,other,protected,spruce,5,,kha,0.0
2017,other,protected,spruce,5A-5B,,kha,0.0
2017,other,protected,spruce,all,5.071160305,kha,0.223805404
2018,State Forest Management Centre,production,aspen,1,15.192817025,kha,0.117973239
2018,State Forest Management Centre,production,aspen,1A,12.058336543,kha,0.124546609
2018,State Forest Management Centre,production,aspen,2,3.227098369,kha,0.286121845
2018,State Forest Management Centre,production,aspen,3,0.78105825,kha,0.565854013
2018,State Forest Management Centre,production,aspen,4,,kha,0.0
2018,State Forest Management Centre,production,aspen,5,,kha,0.0
2018,State Forest Management Centre,production,aspen,5A-5B,,kha,0.0
2018,State Forest Management Centre,production,aspen,all,31.259310187,kha,0.094792823
2018,State Forest Management Centre,production,birch,1,85.919844102,kha,0.058306594
2018,State Forest Management Centre,production,birch,1A,21.159539689,kha,0.099573071
2018,State Forest Management Centre,production,birch,2,61.700196297,kha,0.06856072
2018,State Forest Management Centre,production,birch,3,26.476781177,kha,0.094733991
2018,State Forest Management Centre,production,birch,4,9.651739864,kha,0.168328657
2018,State Forest Management Centre,production,birch,5,1.484010674,kha,0.353038605
2018,State Forest Management Centre,production,birch,5A-5B,0.15621165,kha,1.00001093
2018,State Forest Management Centre,production,birch,all,206.548323453,kha,0.043090198
2018,State Forest Management Centre,production,black alder,1,11.403794108,kha,0.129798808
2018,State Forest Management Centre,production,black alder,1A,0.949969907,kha,0.465245894
2018,State Forest Management Centre,production,black alder,2,7.526417883,kha,0.170449627
2018,State Forest Management Centre,production,black alder,3,2.201240843,kha,0.250799541
2018,State Forest Management Centre,production,black alder,4,0.453685495,kha,0.577770888
2018,State Forest Management Centre,production,black alder,5,,kha,0.0
2018,State Forest Management Centre,production,black alder,5A-5B,,kha,0.0
2018,State Forest Management Centre,production,black alder,all,22.535108236,kha,0.099713041
2018,State Forest Management Centre,production,grey alder,1,14.887438871,kha,0.12430932
2018,State Forest Management Centre,production,grey alder,1A,1.456954816,kha,0.314583629
2018,State Forest Management Centre,production,grey alder,2,6.663535971,kha,0.174292438
2018,State Forest Management Centre,production,grey alder,3,0.6248466,kha,0.500008383
2018,State Forest Management Centre,production,grey alder,4,,kha,0.0
2018,State Forest Management Centre,production,grey alder,5,,kha,0.0
2018,State Forest Management Centre,production,grey alder,5A-5B,,kha,0.0
2018,State Forest Management Centre,production,grey alder,all,23.632776257,kha,0.107826725
2018,State Forest Management Centre,production,other,1,0.56692332,kha,0.507629491
2018,State Forest Management Centre,production,other,1A,1.030028377,kha,0.382250551
2018,State Forest Management Centre,production,other,2,1.129644546,kha,0.356712313
2018,State Forest Management Centre,production,other,3,0.46863495,kha,0.577597376
2018,State Forest Management Centre,production,other,4,,kha,0.0
2018,State Forest Management Centre,production,other,5,,kha,0.0
2018,State Forest Management Centre,production,other,5A-5B,,kha,0.0
2018,State Forest Management Centre,production,other,all,3.195231193,kha,0.218166184
2018,State Forest Management Centre,production,pine,1,80.895374489,kha,0.061621139
2018,State Forest Management Centre,production,pine,1A,23.842990275,kha,0.102426902
2018,State Forest Management Centre,production,pine,2,79.91359989,kha,0.062886995
2018,State Forest Management Centre,production,pine,3,50.128552771,kha,0.079031744
2018,State Forest Management Centre,production,pine,4,26.894444265,kha,0.099706041
2018,State Forest Management Centre,production,pine,5,17.70060761,kha,0.11862244
2018,State Forest Management Centre,production,pine,5A-5B,13.244326631,kha,0.161465185
2018,State Forest Management Centre,production,pine,all,292.61989593,kha,0.043286347
2018,State Forest Management Centre,production,spruce,1,67.614759891,kha,0.062368998
2018,State Forest Management Centre,production,spruce,1A,70.87442839,kha,0.067089712
2018,State Forest Management Centre,production,spruce,2,21.528652197,kha,0.095533552
2018,State Forest Management Centre,production,spruce,3,7.54019575,kha,0.160289013
2018,State Forest Management Centre,production,spruce,4,1.707690136,kha,0.324088002
2018,State Forest Management Centre,production,spruce,5,0.022088327,kha,1.00001093
2018,State Forest Management Centre,production,spruce,5A-5B,,kha,0.0
2018,State Forest Management Centre,production,spruce,all,169.287814691,kha,0.048881248
2018,State Forest Management Centre,protected,aspen,1,5.809636229,kha,0.190874795
2018,State Forest Management Centre,protected,aspen,1A,5.824413851,kha,0.195702131
2018,State Forest Management Centre,protected,aspen,2,1.562116499,kha,0.374000421
2018,State Forest Management Centre,protected,aspen,3,0.15621165,kha,1.00001093
2018,State Forest Management Centre,protected,aspen,4,,kha,0.0
2018,State Forest Management Centre,protected,aspen,5,0.15621165,kha,1.00001093
2018,State Forest Management Centre,protected,aspen,5A-5B,,kha,0.0
2018,State Forest Management Centre,protected,aspen,all,13.508589879,kha,0.140049791
2018,State Forest Management Centre,protected,birch,1,15.542809227,kha,0.14201611
2018,State Forest Management Centre,protected,birch,1A,9.293405961,kha,0.192724751
2018,State Forest Management Centre,protected,birch,2,19.595939179,kha,0.154735274
2018,State Forest Management Centre,protected,birch,3,9.574165159,kha,0.16965944
2018,State Forest Management Centre,protected,birch,4,7.654370845,kha,0.196296813
2018,State Forest Management Centre,protected,birch,5,3.280444648,kha,0.281817609
2018,State Forest Management Centre,protected,birch,5A-5B,1.405904849,kha,0.400664022
2018,State Forest Management Centre,protected,birch,all,66.347039868,kha,0.090276567
2018,State Forest Management Centre,protected,black alder,1,3.374577788,kha,0.241428491
2018,State Forest Management Centre,protected,black alder,1A,0.46863495,kha,0.745366639
2018,State Forest Management Centre,protected,black alder,2,6.327680924,kha,0.234981735
2018,State Forest Management Centre,protected,black alder,3,1.064269971,kha,0.445786856
2018,State Forest Management Centre,protected,black alder,4,0.6248466,kha,0.79058324
2018,State Forest Management Centre,protected,black alder,5,,kha,0.0
2018,State Forest Management Centre,protected,black alder,5A-5B,,kha,0.0
2018,State Forest Management Centre,protected,black alder,all,11.860010232,kha,0.181431621
2018,State Forest Management Centre,protected,grey alder,1,3.298268397,kha,0.242782681
2018,State Forest Management Centre,protected,grey alder,1A,0.46863495,kha,0.577286203
2018,State Forest Management Centre,protected,grey alder,2,1.249693199,kha,0.330677254
2018,State Forest Management Centre,protected,grey alder,3,0.3124233,kha,0.707122238
2018,State Forest Management Centre,protected,grey alder,4,,kha,0.0
2018,State Forest Management Centre,protected,grey alder,5,,kha,0.0
2018,State Forest Management Centre,protected,grey alder,5A-5B,,kha,0.0
2018,State Forest Management Centre,protected,grey alder,all,5.329019846,kha,0.199390018
2018,State Forest Management Centre,protected,pine,1,16.523755903,kha,0.141128322
2018,State Forest Management Centre,protected,pine,1A,3.763310479,kha,0.220246096
2018,State Forest Management Centre,protected,pine,2,25.722325771,kha,0.12181515
2018,State Forest Management Centre,protected,pine,3,27.02096008,kha,0.107437662
2018,State Forest Management Centre,protected,pine,4,23.026675056,kha,0.127565892
2018,State Forest Management Centre,protected,pine,5,14.951407541,kha,0.132413972
2018,State Forest Management Centre,protected,pine,5A-5B,21.522247519,kha,0.146323482
2018,State Forest Management Centre,protected,pine,all,132.53068235,kha,0.07031158
2018,State Forest Management Centre,protected,spruce,1,14.81314461,kha,0.134774032
2018,State Forest Management Centre,protected,spruce,1A,13.470599206,kha,0.150946007
2018,State Forest Management Centre,protected,spruce,2,7.800038209,kha,0.179955313
2018,State Forest Management Centre,protected,spruce,3,3.186061569,kha,0.25327193
2018,State Forest Management Centre,protected,spruce,4,0.937269899,kha,0.408040269
2018,State Forest Management Centre,protected,spruce,5,0.15621165,kha,1.00001093
2018,State Forest Management Centre,protected,spruce,5A-5B,,kha,0.0
2018,State Forest Management Centre,protected,spruce,all,40.363325143,kha,0.101452761
2018,all,production,aspen,1,62.845930643,kha,0.058918201
2018,all,production,aspen,1A,33.330739149,kha,0.075691589
2018,all,production,aspen,2,14.423318437,kha,0.131375011
2018,all,production,aspen,3,2.655598048,kha,0.308417817
2018,all,production,aspen,4,,kha,0.0
2018,all,production,aspen,5,,kha,0.0
2018,all,production,aspen,5A-5B,,kha,0.0
2018,all,production,aspen,all,113.255586278,kha,0.048392471
2018,all,production,birch,1,225.601099104,kha,0.032865003
2018,all,production,birch,1A,62.453480115,kha,0.058448883
2018,all,production,birch,2,178.18725487,kha,0.038914714
2018,all,production,birch,3,77.21185692,kha,0.055892321
2018,all,production,birch,4,20.967165042,kha,0.102377192
2018,all,production,birch,5,3.760311215,kha,0.24075608
2018,all,production,birch,5A-5B,0.6248466,kha,0.499940998
2018,all,production,birch,all,568.806013868,kha,0.023403676
2018,all,production,black alder,1,29.825349725,kha,0.085503514
2018,all,production,black alder,1A,2.373776611,kha,0.279270291
2018,all,production,black alder,2,24.980585994,kha,0.093968192
2018,all,production,black alder,3,8.143703838,kha,0.163611385
2018,all,production,black alder,4,0.961576432,kha,0.39357966
2018,all,production,black alder,5,,kha,0.0
2018,all,production,black alder,5A-5B,,kha,0.0
2018,all,production,black alder,all,66.2849926,kha,0.062988906
2018,all,production,grey alder,1,115.261343863,kha,0.046406814
2018,all,production,grey alder,1A,18.702924041,kha,0.096748253
2018,all,production,grey alder,2,47.531830893,kha,0.067642523
2018,all,production,grey alder,3,7.41522643,kha,0.158056351
2018,all,production,grey alder,4,0.838637864,kha,0.497586877
2018,all,production,grey alder,5,,kha,0.0
2018,all,production,grey alder,5A-5B,,kha,0.0
2018,all,production,grey alder,all,189.74996309,kha,0.039227112
2018,all,production,other,1,11.567566402,kha,0.119410366
2018,all,production,other,1A,5.323880483,kha,0.178624306
2018,all,production,other,2,8.465687291,kha,0.141380256
2018,all,production,other,3,3.942610211,kha,0.227926429
2018,all,production,other,4,1.079719303,kha,0.377737343
2018,all,production,other,5,0.78105825,kha,0.489733172
2018,all,production,other,5A-5B,,kha,0.0
2018,all,production,other,all,31.160521939,kha,0.082240939
2018,all,production,pine,1,146.551787031,kha,0.047130605
2018,all,production,pine,1A,48.936579776,kha,0.068286411
2018,all,production,pine,2,154.116664222,kha,0.043596804
2018,all,production,pine,3,100.970352314,kha,0.054279352
2018,all,production,pine,4,48.775181899,kha,0.076270365
2018,all,production,pine,5,26.982578878,kha,0.09332981
2018,all,production,pine,5A-5B,17.39140227,kha,0.14076043
2018,all,production,pine,all,543.72454639,kha,0.029677147
2018,all,production,spruce,1,133.389471516,kha,0.040753611
2018,all,production,spruce,1A,127.102874256,kha,0.04409233
2018,all,production,spruce,2,50.359527316,kha,0.062848965
2018,all,production,spruce,3,17.87626761,kha,0.104122497
2018,all,production,spruce,4,4.296413977,kha,0.213743132
2018,all,production,spruce,5,0.589261586,kha,0.591390283
2018,all,production,spruce,5A-5B,0.6248466,kha,0.500184438
2018,all,production,spruce,all,334.238662861,kha,0.0298093
2018,all,protected,aspen,1,6.954964425,kha,0.179626808
2018,all,protected,aspen,1A,6.262509423,kha,0.187303299
2018,all,protected,aspen,2,1.718328149,kha,0.396064348
2018,all,protected,aspen,3,0.3124233,kha,0.500021859
2018,all,protected,aspen,4,,kha,0.0
2018,all,protected,aspen,5,0.15621165,kha,1.00001093
2018,all,protected,aspen,5A-5B,,kha,0.0
2018,all,protected,aspen,all,15.404436947,kha,0.132120552
2018,all,protected,birch,1,17.502390648,kha,0.129264427
2018,all,protected,birch,1A,9.293405961,kha,0.192724751
2018,all,protected,birch,2,22.122100255,kha,0.139136886
2018,all,protected,birch,3,10.980070008,kha,0.15553303
2018,all,protected,birch,4,8.349528308,kha,0.189583434
2018,all,protected,birch,5,3.436656298,kha,0.272827226
2018,all,protected,birch,5A-5B,1.405904849,kha,0.400664022
2018,all,protected,birch,all,73.090056326,kha,0.084889198
2018,all,protected,black alder,1,3.530789438,kha,0.234948772
2018,all,protected,black alder,1A,0.46863495,kha,0.745366639
2018,all,protected,black alder,2,6.796315873,kha,0.231008352
2018,all,protected,black alder,3,1.68911657,kha,0.335897374
2018,all,protected,black alder,4,0.6248466,kha,0.79058324
2018,all,protected,black alder,5,,kha,0.0
2018,all,protected,black alder,5A-5B,,kha,0.0
2018,all,protected,black alder,all,13.109703431,kha,0.174035601
2018,all,protected,grey alder,1,4.050365007,kha,0.214517052
2018,all,protected,grey alder,1A,0.46863495,kha,0.577286203
2018,all,protected,grey alder,2,1.686476593,kha,0.287394762
2018,all,protected,grey alder,3,0.557113228,kha,0.510735331
2018,all,protected,grey alder,4,,kha,0.0
2018,all,protected,grey alder,5,,kha,0.0
2018,all,protected,grey alder,5A-5B,,kha,0.0
2018,all,protected,grey alder,all,6.762589778,kha,0.173552953
2018,all,protected,pine,1,17.304814153,kha,0.134455461
2018,all,protected,pine,1A,4.388157079,kha,0.19935219
2018,all,protected,pine,2,28.948486871,kha,0.112789321
2018,all,protected,pine,3,29.921919767,kha,0.10064413
2018,all,protected,pine,4,24.901214855,kha,0.123153445
2018,all,protected,pine,5,15.420042491,kha,0.13017204
2018,all,protected,pine,5A-5B,23.865422268,kha,0.139215241
2018,all,protected,pine,all,144.750057482,kha,0.06669761
2018,all,protected,spruce,1,16.167202812,kha,0.12805041
2018,all,protected,spruce,1A,14.892172084,kha,0.145008149
2018,all,protected,spruce,2,8.893519758,kha,0.165860073
2018,all,protected,spruce,3,3.503561747,kha,0.231686578
2018,all,protected,spruce,4,0.937269899,kha,0.408040269
2018,all,protected,spruce,5,0.15621165,kha,1.00001093
2018,all,protected,spruce,5A-5B,,kha,0.0
2018,all,protected,spruce,all,44.549937951,kha,0.096082877
2018,other,production,aspen,1,47.653113618,kha,0.065735367
2018,other,production,aspen,1A,21.272402606,kha,0.096090969
2018,other,production,aspen,2,11.196220068,kha,0.133666515
2018,other,production,aspen,3,1.874539799,kha,0.29441073
2018,other,production,aspen,4,,kha,0.0
2018,other,production,aspen,5,,kha,0.0
2018,other,production,aspen,5A-5B,,kha,0.0
2018,other,production,aspen,all,81.996276091,kha,0.052869595
2018,other,production,birch,1,139.681255003,kha,0.041324462
2018,other,production,birch,1A,41.293940426,kha,0.074313835
2018,other,production,birch,2,116.487058573,kha,0.045431477
2018,other,production,birch,3,50.735075744,kha,0.066652417
2018,other,production,birch,4,11.315425178,kha,0.126375247
2018,other,production,birch,5,2.276300541,kha,0.259832297
2018,other,production,birch,5A-5B,0.46863495,kha,0.577275828
2018,other,production,birch,all,362.257690415,kha,0.028873542
2018,other,production,black alder,1,18.421555617,kha,0.110290822
2018,other,production,black alder,1A,1.423806704,kha,0.347111371
2018,other,production,black alder,2,17.454168111,kha,0.108229769
2018,other,production,black alder,3,5.942462995,kha,0.191032704
2018,other,production,black alder,4,0.507890937,kha,0.53797443
2018,other,production,black alder,5,,kha,0.0
2018,other,production,black alder,5A-5B,,kha,0.0
2018,other,production,black alder,all,43.749884364,kha,0.075851292
2018,other,production,grey alder,1,100.373904992,kha,0.049821875
2018,other,production,grey alder,1A,17.245969224,kha,0.102891435
2018,other,production,grey alder,2,40.868294922,kha,0.071145275
2018,other,production,grey alder,3,6.790379831,kha,0.164757003
2018,other,production,grey alder,4,0.838637864,kha,0.497586877
2018,other,production,grey alder,5,,kha,0.0
2018,other,production,grey alder,5A-5B,,kha,0.0
2018,other,production,grey alder,all,166.117186833,kha,0.041229
2018,other,production,other,1,11.000643082,kha,0.122844893
2018,other,production,other,1A,4.293852105,kha,0.199999201
2018,other,production,other,2,7.336042745,kha,0.150356825
2018,other,production,other,3,3.473975261,kha,0.225142626
2018,other,production,other,4,1.079719303,kha,0.377737343
2018,other,production,other,5,0.78105825,kha,0.489733172
2018,other,production,other,5A-5B,,kha,0.0
2018,other,production,other,all,27.965290746,kha,0.085693893
2018,other,production,pine,1,65.656412542,kha,0.069627967
2018,other,production,pine,1A,25.093589501,kha,0.089567468
2018,other,production,pine,2,74.203064332,kha,0.061275824
2018,other,production,pine,3,50.841799543,kha,0.070752603
2018,other,production,pine,4,21.880737634,kha,0.109802903
2018,other,production,pine,5,9.281971268,kha,0.150501171
2018,other,production,pine,5A-5B,4.147075639,kha,0.2422779
2018,other,production,pine,all,251.10465046,kha,0.042288488
2018,other,production,spruce,1,65.774711625,kha,0.055432037
2018,other,production,spruce,1A,56.228445867,kha,0.059223469
2018,other,production,spruce,2,28.83087512,kha,0.082580133
2018,other,production,spruce,3,10.33607186,kha,0.132637065
2018,other,production,spruce,4,2.588723841,kha,0.27842761
2018,other,production,spruce,5,0.567173258,kha,0.613187266
2018,other,production,spruce,5A-5B,0.6248466,kha,0.500184438
2018,other,production,spruce,all,164.95084817,kha,0.038258604
2018,other,protected,aspen,1,1.145328196,kha,0.454498674
2018,other,protected,aspen,1A,0.438095572,kha,0.580167899
2018,other,protected,aspen,2,0.15621165,kha,0.999750354
2018,other,protected,aspen,3,0.15621165,kha,1.00001093
2018,other,protected,aspen,4,,kha,0.0
2018,other,protected,aspen,5,,kha,0.0
2018,other,protected,aspen,5A-5B,,kha,0.0
2018,other,protected,aspen,all,1.895847068,kha,0.326928627
2018,other,protected,birch,1,1.959581421,kha,0.326656698
2018,other,protected,birch,1A,,kha,0.0
2018,other,protected,birch,2,2.526161075,kha,0.275148083
2018,other,protected,birch,3,1.405904849,kha,0.342213607
2018,other,protected,birch,4,0.695157463,kha,0.460496961
2018,other,protected,birch,5,0.15621165,kha,1.000010928
2018,other,protected,birch,5A-5B,,kha,0.0
2018,other,protected,birch,all,6.743016458,kha,0.186893082
2018,other,protected,black alder,1,0.15621165,kha,1.00001093
2018,other,protected,black alder,1A,,kha,0.0
2018,other,protected,black alder,2,0.46863495,kha,0.576845084
2018,other,protected,black alder,3,0.6248466,kha,0.499221652
2018,other,protected,black alder,4,,kha,0.0
2018,other,protected,black alder,5,,kha,0.0
2018,other,protected,black alder,5A-5B,,kha,0.0
2018,other,protected,black alder,all,1.249693199,kha,0.432313781
2018,other,protected,grey alder,1,0.75209661,kha,0.448495744
2018,other,protected,grey alder,1A,,kha,0.0
2018,other,protected,grey alder,2,0.436783394,kha,0.580287244
2018,other,protected,grey alder,3,0.244689928,kha,0.733313396
2018,other,protected,grey alder,4,,kha,0.0
2018,other,protected,grey alder,5,,kha,0.0
2018,other,protected,grey alder,5A-5B,,kha,0.0
2018,other,protected,grey alder,all,1.433569932,kha,0.354848247
2018,other,protected,pine,1,0.78105825,kha,0.447229999
2018,other,protected,pine,1A,0.6248466,kha,0.500080254
2018,other,protected,pine,2,3.2261611,kha,0.262640322
2018,other,protected,pine,3,2.900959687,kha,0.295313094
2018,other,protected,pine,4,1.874539799,kha,0.424894679
2018,other,protected,pine,5,0.46863495,kha,0.745370656
2018,other,protected,pine,5A-5B,2.343174749,kha,0.426851443
2018,other,protected,pine,all,12.219375133,kha,0.227107896
2018,other,protected,spruce,1,1.354058203,kha,0.381506889
2018,other,protected,spruce,1A,1.421572878,kha,0.333107875
2018,other,protected,spruce,2,1.093481549,kha,0.377786208
2018,other,protected,spruce,3,0.317500178,kha,0.646802824
2018,other,protected,spruce,4,,kha,0.0
2018,other,protected,spruce,5,,kha,0.0
2018,other,protected,spruce,5A-5B,,kha,0.0
2018,other,protected,spruce,all,4.186612808,kha,0.226978725
2019,State Forest Management Centre,production,aspen,1,14.728170822,kha,0.123326125
2019,State Forest Management Centre,production,aspen,1A,12.543819384,kha,0.124566378
2019,State Forest Management Centre,production,aspen,2,3.923557877,kha,0.253107785
2019,State Forest Management Centre,production,aspen,3,0.938530461,kha,0.500161492
2019,State Forest Management Centre,production,aspen,4,,kha,0.0
2019,State Forest Management Centre,production,aspen,5,,kha,0.0
2019,State Forest Management Centre,production,aspen,5A-5B,,kha,0.0
2019,State Forest Management Centre,production,aspen,all,32.134078544,kha,0.092532383
2019,State Forest Management Centre,production,birch,1,78.697327747,kha,0.063934804
2019,State Forest Management Centre,production,birch,1A,22.171139718,kha,0.09151272
2019,State Forest Management Centre,production,birch,2,55.770905641,kha,0.067027362
2019,State Forest Management Centre,production,birch,3,25.268994138,kha,0.101629464
2019,State Forest Management Centre,production,birch,4,7.208351923,kha,0.190095564
2019,State Forest Management Centre,production,birch,5,1.642428307,kha,0.383977747
2019,State Forest Management Centre,production,birch,5A-5B,0.625686974,kha,0.500020575
2019,State Forest Management Centre,production,birch,all,191.384834448,kha,0.044286072
2019,State Forest Management Centre,production,black alder,1,11.419131406,kha,0.128403437
2019,State Forest Management Centre,production,black alder,1A,0.951247549,kha,0.465244415
2019,State Forest Management Centre,production,black alder,2,7.123274137,kha,0.165298889
2019,State Forest Management Centre,production,black alder,3,1.734936126,kha,0.274184634
2019,State Forest Management Centre,production,black alder,4,0.45429567,kha,0.577705134
2019,State Forest Management Centre,production,black alder,5,,kha,0.0
2019,State Forest Management Centre,production,black alder,5A-5B,,kha,0.0
2019,State Forest Management Centre,production,black alder,all,21.682884887,kha,0.100078917
2019,State Forest Management Centre,production,grey alder,1,14.086779104,kha,0.127847791
2019,State Forest Management Centre,production,grey alder,1A,1.615336061,kha,0.32275395
2019,State Forest Management Centre,production,grey alder,2,5.849813438,kha,0.173559894
2019,State Forest Management Centre,production,grey alder,3,0.701285603,kha,0.458953794
2019,State Forest Management Centre,production,grey alder,4,,kha,0.0
2019,State Forest Management Centre,production,grey alder,5,,kha,0.0
2019,State Forest Management Centre,production,grey alder,5A-5B,,kha,0.0
2019,State Forest Management Centre,production,grey alder,all,22.253214207,kha,0.106344412
2019,State Forest Management Centre,production,other,1,0.254842305,kha,0.724967769
2019,State Forest Management Centre,production,other,1A,1.251373948,kha,0.395214001
2019,State Forest Management Centre,production,other,2,0.974742095,kha,0.381570244
2019,State Forest Management Centre,production,other,3,0.469265231,kha,0.745257135
2019,State Forest Management Centre,production,other,4,,kha,0.0
2019,State Forest Management Centre,production,other,5,,kha,0.0
2019,State Forest Management Centre,production,other,5A-5B,,kha,0.0
2019,State Forest Management Centre,production,other,all,2.950223578,kha,0.292937811
2019,State Forest Management Centre,production,pine,1,81.697621926,kha,0.062848844
2019,State Forest Management Centre,production,pine,1A,24.855743533,kha,0.100924328
2019,State Forest Management Centre,production,pine,2,74.055966131,kha,0.062469022
2019,State Forest Management Centre,production,pine,3,47.002278111,kha,0.080262123
2019,State Forest Management Centre,production,pine,4,27.473570907,kha,0.101483652
2019,State Forest Management Centre,production,pine,5,17.35762033,kha,0.119579347
2019,State Forest Management Centre,production,pine,5A-5B,13.633375039,kha,0.162292013
2019,State Forest Management Centre,production,pine,all,286.076175977,kha,0.043301566
2019,State Forest Management Centre,production,spruce,1,63.642814242,kha,0.062996464
2019,State Forest Management Centre,production,spruce,1A,70.556811728,kha,0.068123393
2019,State Forest Management Centre,production,spruce,2,18.889583602,kha,0.103432671
2019,State Forest Management Centre,production,spruce,3,6.591315071,kha,0.166844227
2019,State Forest Management Centre,production,spruce,4,1.596111829,kha,0.339761994
2019,State Forest Management Centre,production,spruce,5,0.022118035,kha,1.000010288
2019,State Forest Management Centre,production,spruce,5A-5B,,kha,0.0
2019,State Forest Management Centre,production,spruce,all,161.298754507,kha,0.049377503
2019,State Forest Management Centre,protected,aspen,1,6.163532887,kha,0.167594484
2019,State Forest Management Centre,protected,aspen,1A,6.145090763,kha,0.195093604
2019,State Forest Management Centre,protected,aspen,2,1.720639179,kha,0.352067511
2019,State Forest Management Centre,protected,aspen,3,,kha,0.0
2019,State Forest Management Centre,protected,aspen,4,,kha,0.0
2019,State Forest Management Centre,protected,aspen,5,0.156421744,kha,1.000010288
2019,State Forest Management Centre,protected,aspen,5A-5B,,kha,0.0
2019,State Forest Management Centre,protected,aspen,all,14.185684573,kha,0.133829095
2019,State Forest Management Centre,protected,birch,1,18.140307809,kha,0.129877456
2019,State Forest Management Centre,protected,birch,1A,9.547482676,kha,0.189351104
2019,State Forest Management Centre,protected,birch,2,20.404403051,kha,0.141307784
2019,State Forest Management Centre,protected,birch,3,10.978757271,kha,0.159762864
2019,State Forest Management Centre,protected,birch,4,8.446774151,kha,0.208719248
2019,State Forest Management Centre,protected,birch,5,3.284856614,kha,0.281829093
2019,State Forest Management Centre,protected,birch,5A-5B,1.251373948,kha,0.395333489
2019,State Forest Management Centre,protected,birch,all,72.05395552,kha,0.086567103
2019,State Forest Management Centre,protected,black alder,1,4.24896203,kha,0.246905246
2019,State Forest Management Centre,protected,black alder,1A,0.312843487,kha,0.706917741
2019,State Forest Management Centre,protected,black alder,2,5.498083506,kha,0.234692208
2019,State Forest Management Centre,protected,black alder,3,1.320887771,kha,0.394323883
2019,State Forest Management Centre,protected,black alder,4,0.469265231,kha,0.745369795
2019,State Forest Management Centre,protected,black alder,5,0.156421744,kha,1.000010288
2019,State Forest Management Centre,protected,black alder,5A-5B,,kha,0.0
2019,State Forest Management Centre,protected,black alder,all,12.006463768,kha,0.169183838
2019,State Forest Management Centre,protected,grey alder,1,3.652244363,kha,0.205687015
2019,State Forest Management Centre,protected,grey alder,1A,0.469265231,kha,0.577284979
2019,State Forest Management Centre,protected,grey alder,2,1.407795692,kha,0.293932553
2019,State Forest Management Centre,protected,grey alder,3,0.312843487,kha,0.70712133
2019,State Forest Management Centre,protected,grey alder,4,,kha,0.0
2019,State Forest Management Centre,protected,grey alder,5,,kha,0.0
2019,State Forest Management Centre,protected,grey alder,5A-5B,,kha,0.0
2019,State Forest Management Centre,protected,grey alder,all,5.842148773,kha,0.175358135
2019,State Forest Management Centre,protected,pine,1,17.246732956,kha,0.144137438
2019,State Forest Management Centre,protected,pine,1A,3.391129547,kha,0.232936287
2019,State Forest Management Centre,protected,pine,2,24.761061452,kha,0.126487514
2019,State Forest Management Centre,protected,pine,3,26.313562899,kha,0.098726959
2019,State Forest Management Centre,protected,pine,4,22.877399532,kha,0.1276419
2019,State Forest Management Centre,protected,pine,5,16.117586959,kha,0.124590119
2019,State Forest Management Centre,protected,pine,5A-5B,22.564024211,kha,0.148408911
2019,State Forest Management Centre,protected,pine,all,133.271497555,kha,0.070179764
2019,State Forest Management Centre,protected,spruce,1,14.878445191,kha,0.136866443
2019,State Forest Management Centre,protected,spruce,1A,15.463556365,kha,0.143773005
2019,State Forest Management Centre,protected,spruce,2,9.331777091,kha,0.186276829
2019,State Forest Management Centre,protected,spruce,3,4.373896077,kha,0.248863656
2019,State Forest Management Centre,protected,spruce,4,1.094952205,kha,0.377882872
2019,State Forest Management Centre,protected,spruce,5,,kha,0.0
2019,State Forest Management Centre,protected,spruce,5A-5B,,kha,0.0
2019,State Forest Management Centre,protected,spruce,all,45.142626928,kha,0.106606696
2019,all,production,aspen,1,63.268543937,kha,0.058774517
2019,all,production,aspen,1A,33.212606466,kha,0.074763205
2019,all,production,aspen,2,14.733395308,kha,0.130591442
2019,all,production,aspen,3,3.284856614,kha,0.273531831
2019,all,production,aspen,4,0.156421744,kha,1.000010288
2019,all,production,aspen,5,,kha,0.0
2019,all,production,aspen,5A-5B,,kha,0.0
2019,all,production,aspen,all,114.655824068,kha,0.048288607
2019,all,production,birch,1,221.726476233,kha,0.033026763
2019,all,production,birch,1A,64.34169095,kha,0.057030658
2019,all,production,birch,2,166.4459684,kha,0.039613559
2019,all,production,birch,3,78.370828642,kha,0.05514192
2019,all,production,birch,4,18.429093631,kha,0.109894882
2019,all,production,birch,5,3.921790312,kha,0.247759812
2019,all,production,birch,5A-5B,1.251373948,kha,0.330719418
2019,all,production,birch,all,554.487222117,kha,0.023303202
2019,all,production,black alder,1,30.250541762,kha,0.082340233
2019,all,production,black alder,1A,2.523145292,kha,0.26578823
2019,all,production,black alder,2,26.008712563,kha,0.094407959
2019,all,production,black alder,3,7.92002393,kha,0.162612333
2019,all,production,black alder,4,1.119291428,kha,0.366154957
2019,all,production,black alder,5,,kha,0.0
2019,all,production,black alder,5A-5B,,kha,0.0
2019,all,production,black alder,all,67.821714974,kha,0.061557997
2019,all,production,grey alder,1,115.897187025,kha,0.046745664
2019,all,production,grey alder,1A,18.163004604,kha,0.102566736
2019,all,production,grey alder,2,45.33313297,kha,0.066830815
2019,all,production,grey alder,3,8.120118624,kha,0.156882218
2019,all,production,grey alder,4,0.839765772,kha,0.497588934
2019,all,production,grey alder,5,,kha,0.0
2019,all,production,grey alder,5A-5B,,kha,0.0
2019,all,production,grey alder,all,188.353208994,kha,0.039128071
2019,all,production,other,1,11.361818479,kha,0.12264673
2019,all,production,other,1A,5.220998029,kha,0.181265747
2019,all,production,other,2,7.069277351,kha,0.149498968
2019,all,production,other,3,3.635069256,kha,0.247343532
2019,all,production,other,4,1.863280167,kha,0.354315944
2019,all,production,other,5,0.469265231,kha,0.62365972
2019,all,production,other,5A-5B,,kha,0.0
2019,all,production,other,all,29.619708512,kha,0.089110675
2019,all,production,pine,1,145.554358545,kha,0.045753608
2019,all,production,pine,1A,49.69259132,kha,0.06839034
2019,all,production,pine,2,145.043688478,kha,0.042668831
2019,all,production,pine,3,96.143842555,kha,0.053109106
2019,all,production,pine,4,51.725323162,kha,0.073260574
2019,all,production,pine,5,28.140897349,kha,0.091015859
2019,all,production,pine,5A-5B,18.809949293,kha,0.137609114
2019,all,production,pine,all,535.110650701,kha,0.029185585
2019,all,production,spruce,1,132.333749203,kha,0.041011817
2019,all,production,spruce,1A,130.410684646,kha,0.04307456
2019,all,production,spruce,2,46.553113074,kha,0.066483456
2019,all,production,spruce,3,15.294339322,kha,0.114457216
2019,all,production,spruce,4,4.541470691,kha,0.195762573
2019,all,production,spruce,5,0.746475844,kha,0.512278523
2019,all,production,spruce,5A-5B,0.625686974,kha,0.500210351
2019,all,production,spruce,all,330.505519754,kha,0.029707232
2019,all,protected,aspen,1,7.414906835,kha,0.161401089
2019,all,protected,aspen,1A,6.770777738,kha,0.187306002
2019,all,protected,aspen,2,1.877060922,kha,0.372639215
2019,all,protected,aspen,3,0.156421744,kha,1.000010288
2019,all,protected,aspen,4,,kha,0.0
2019,all,protected,aspen,5,0.156421744,kha,1.000010288
2019,all,protected,aspen,5A-5B,,kha,0.0
2019,all,protected,aspen,all,16.375588982,kha,0.127294224
2019,all,protected,birch,1,20.341505868,kha,0.118509215
2019,all,protected,birch,1A,10.012665299,kha,0.185458971
2019,all,protected,birch,2,24.603482187,kha,0.121945483
2019,all,protected,birch,3,12.386552963,kha,0.147920526
2019,all,protected,birch,4,9.768553526,kha,0.195586277
2019,all,protected,birch,5,3.441278358,kha,0.272838441
2019,all,protected,birch,5A-5B,1.251373948,kha,0.395333489
2019,all,protected,birch,all,81.805412149,kha,0.079193985
2019,all,protected,black alder,1,4.803383258,kha,0.231343981
2019,all,protected,black alder,1A,0.312843487,kha,0.706917741
2019,all,protected,black alder,2,6.436613967,kha,0.222107114
2019,all,protected,black alder,3,1.633731258,kha,0.346253052
2019,all,protected,black alder,4,0.469265231,kha,0.745369795
2019,all,protected,black alder,5,0.156421744,kha,1.000010288
2019,all,protected,black alder,5A-5B,,kha,0.0
2019,all,protected,black alder,all,13.812258945,kha,0.159805546
2019,all,protected,grey alder,1,4.561774233,kha,0.181179472
2019,all,protected,grey alder,1A,0.469265231,kha,0.577284979
2019,all,protected,grey alder,2,1.877060922,kha,0.263425603
2019,all,protected,grey alder,3,0.557862506,kha,0.51082263
2019,all,protected,grey alder,4,,kha,0.0
2019,all,protected,grey alder,5,,kha,0.0
2019,all,protected,grey alder,5A-5B,,kha,0.0
2019,all,protected,grey alder,all,7.465962892,kha,0.152026393
2019,all,protected,pine,1,18.341685161,kha,0.135544444
2019,all,protected,pine,1A,4.016816521,kha,0.208632317
2019,all,protected,pine,2,28.304404997,kha,0.117234993
2019,all,protected,pine,3,30.346615997,kha,0.097528609
2019,all,protected,pine,4,25.223725685,kha,0.122487211
2019,all,protected,pine,5,16.801760023,kha,0.12320441
2019,all,protected,pine,5A-5B,25.066772107,kha,0.140693679
2019,all,protected,pine,all,148.101780491,kha,0.067286364
2019,all,protected,spruce,1,16.555786831,kha,0.129827134
2019,all,protected,spruce,1A,16.989106345,kha,0.136715487
2019,all,protected,spruce,2,10.270307553,kha,0.174042884
2019,all,protected,spruce,3,4.816350621,kha,0.234406038
2019,all,protected,spruce,4,1.251373948,kha,0.35363337
2019,all,protected,spruce,5,,kha,0.0
2019,all,protected,spruce,5A-5B,,kha,0.0
2019,all,protected,spruce,all,49.882925297,kha,0.100587471
2019,other,production,aspen,1,48.540373115,kha,0.064378228
2019,other,production,aspen,1A,20.668787082,kha,0.093815155
2019,other,production,aspen,2,10.80983743,kha,0.13910947
2019,other,production,aspen,3,2.346326153,kha,0.253703489
2019,other,production,aspen,4,0.156421744,kha,1.000010288
2019,other,production,aspen,5,,kha,0.0
2019,other,production,aspen,5A-5B,,kha,0.0
2019,other,production,aspen,all,82.521745524,kha,0.052239047
2019,other,production,birch,1,143.029148486,kha,0.040352785
2019,other,production,birch,1A,42.170551233,kha,0.073867947
2019,other,production,birch,2,110.675062759,kha,0.0463435
2019,other,production,birch,3,53.101834505,kha,0.063631008
2019,other,production,birch,4,11.220741709,kha,0.126589511
2019,other,production,birch,5,2.279362005,kha,0.277278717
2019,other,production,birch,5A-5B,0.625686974,kha,0.499980091
2019,other,production,birch,all,363.102387669,kha,0.028230616
2019,other,production,black alder,1,18.831410356,kha,0.107769727
2019,other,production,black alder,1A,1.571897743,kha,0.320630292
2019,other,production,black alder,2,18.885438426,kha,0.107928504
2019,other,production,black alder,3,6.185087803,kha,0.17979172
2019,other,production,black alder,4,0.664995758,kha,0.473807807
2019,other,production,black alder,5,,kha,0.0
2019,other,production,black alder,5A-5B,,kha,0.0
2019,other,production,black alder,all,46.138830086,kha,0.073784069
2019,other,production,grey alder,1,101.81040792,kha,0.049809527
2019,other,production,grey alder,1A,16.547668542,kha,0.109381546
2019,other,production,grey alder,2,39.483319532,kha,0.070539979
2019,other,production,grey alder,3,7.418833021,kha,0.16479772
2019,other,production,grey alder,4,0.839765772,kha,0.497588934
2019,other,production,grey alder,5,,kha,0.0
2019,other,production,grey alder,5A-5B,,kha,0.0
2019,other,production,grey alder,all,166.099994788,kha,0.041294703
2019,other,production,other,1,11.106976174,kha,0.124387085
2019,other,production,other,1A,3.969624081,kha,0.201411256
2019,other,production,other,2,6.094535256,kha,0.153977181
2019,other,production,other,3,3.165804025,kha,0.24729906
2019,other,production,other,4,1.863280167,kha,0.354315944
2019,other,production,other,5,0.469265231,kha,0.62365972
2019,other,production,other,5A-5B,,kha,0.0
2019,other,production,other,all,26.669484934,kha,0.088613669
2019,other,production,pine,1,63.856736619,kha,0.066792651
2019,other,production,pine,1A,24.836847787,kha,0.093067165
2019,other,production,pine,2,70.987722347,kha,0.059423359
2019,other,production,pine,3,49.141564444,kha,0.0694387
2019,other,production,pine,4,24.251752255,kha,0.099061541
2019,other,production,pine,5,10.783277018,kha,0.139665129
2019,other,production,pine,5A-5B,5.176574254,kha,0.212622405
2019,other,production,pine,all,249.034474724,kha,0.041212648
2019,other,production,spruce,1,68.69093496,kha,0.053429562
2019,other,production,spruce,1A,59.853872917,kha,0.057546772
2019,other,production,spruce,2,27.663529472,kha,0.086804195
2019,other,production,spruce,3,8.703024251,kha,0.14733675
2019,other,production,spruce,4,2.945358862,kha,0.242497394
2019,other,production,spruce,5,0.72435781,kha,0.527037515
2019,other,production,spruce,5A-5B,0.625686974,kha,0.500210351
2019,other,production,spruce,all,169.206765247,kha,0.037922452
2019,other,protected,aspen,1,1.251373948,kha,0.499813624
2019,other,protected,aspen,1A,0.625686974,kha,0.500020574
2019,other,protected,aspen,2,0.156421744,kha,0.999911324
2019,other,protected,aspen,3,0.156421744,kha,1.000010288
2019,other,protected,aspen,4,,kha,0.0
2019,other,protected,aspen,5,,kha,0.0
2019,other,protected,aspen,5A-5B,,kha,0.0
2019,other,protected,aspen,all,2.189904409,kha,0.334862804
2019,other,protected,birch,1,2.201198059,kha,0.302088488
2019,other,protected,birch,1A,0.465182623,kha,1.000010291
2019,other,protected,birch,2,4.199079136,kha,0.227736181
2019,other,protected,birch,3,1.407795692,kha,0.37674117
2019,other,protected,birch,4,1.321779375,kha,0.338797935
2019,other,protected,birch,5,0.156421744,kha,1.000010286
2019,other,protected,birch,5A-5B,,kha,0.0
2019,other,protected,birch,all,9.751456629,kha,0.169562509
2019,other,protected,black alder,1,0.554421228,kha,0.512409951
2019,other,protected,black alder,1A,,kha,0.0
2019,other,protected,black alder,2,0.938530461,kha,0.390852102
2019,other,protected,black alder,3,0.312843487,kha,0.706777738
2019,other,protected,black alder,4,,kha,0.0
2019,other,protected,black alder,5,,kha,0.0
2019,other,protected,black alder,5A-5B,,kha,0.0
2019,other,protected,black alder,all,1.805795176,kha,0.310882839
2019,other,protected,grey alder,1,0.90952987,kha,0.378735661
2019,other,protected,grey alder,1A,,kha,0.0
2019,other,protected,grey alder,2,0.469265231,kha,0.577233031
2019,other,protected,grey alder,3,0.245019019,kha,0.733452946
2019,other,protected,grey alder,4,,kha,0.0
2019,other,protected,grey alder,5,,kha,0.0
2019,other,protected,grey alder,5A-5B,,kha,0.0
2019,other,protected,grey alder,all,1.62381412,kha,0.321818967
2019,other,protected,pine,1,1.094952205,kha,0.378100477
2019,other,protected,pine,1A,0.625686974,kha,0.500020574
2019,other,protected,pine,2,3.543343545,kha,0.255182023
2019,other,protected,pine,3,4.033053098,kha,0.291780036
2019,other,protected,pine,4,2.346326153,kha,0.371085961
2019,other,protected,pine,5,0.684173064,kha,0.56659426
2019,other,protected,pine,5A-5B,2.502747897,kha,0.405071691
2019,other,protected,pine,all,14.830282936,kha,0.208533721
2019,other,protected,spruce,1,1.67734164,kha,0.336302151
2019,other,protected,spruce,1A,1.52554998,kha,0.333334868
2019,other,protected,spruce,2,0.938530461,kha,0.40803103
2019,other,protected,spruce,3,0.442454544,kha,0.579396235
2019,other,protected,spruce,4,0.156421744,kha,1.000442015
2019,other,protected,spruce,5,,kha,0.0
2019,other,protected,spruce,5A-5B,,kha,0.0
2019,other,protected,spruce,all,4.740298369,kha,0.215675734
2020,State Forest Management Centre,production,aspen,1,15.362591269,kha,0.118965193
2020,State Forest Management Centre,production,aspen,1A,13.036043791,kha,0.120135001
2020,State Forest Management Centre,production,aspen,2,3.179953471,kha,0.267980849
2020,State Forest Management Centre,production,aspen,3,1.095575028,kha,0.473952007
2020,State Forest Management Centre,production,aspen,4,,kha,0.0
2020,State Forest Management Centre,production,aspen,5,,kha,0.0
2020,State Forest Management Centre,production,aspen,5A-5B,,kha,0.0
2020,State Forest Management Centre,production,aspen,all,32.67416356,kha,0.086709052
2020,State Forest Management Centre,production,birch,1,82.861281751,kha,0.064132089
2020,State Forest Management Centre,production,birch,1A,21.738884884,kha,0.098181092
2020,State Forest Management Centre,production,birch,2,56.943294621,kha,0.066445232
2020,State Forest Management Centre,production,birch,3,24.386154126,kha,0.099244385
2020,State Forest Management Centre,production,birch,4,7.078635463,kha,0.197983324
2020,State Forest Management Centre,production,birch,5,1.79987326,kha,0.350594721
2020,State Forest Management Centre,production,birch,5A-5B,0.313021437,kha,0.707120804
2020,State Forest Management Centre,production,birch,all,195.121145541,kha,0.043593015
2020,State Forest Management Centre,production,black alder,1,12.493687199,kha,0.126430901
2020,State Forest Management Centre,production,black alder,1A,1.421320786,kha,0.36534157
2020,State Forest Management Centre,production,black alder,2,6.301450189,kha,0.177655632
2020,State Forest Management Centre,production,black alder,3,1.579412262,kha,0.297253106
2020,State Forest Management Centre,production,black alder,4,0.454554079,kha,0.577704326
2020,State Forest Management Centre,production,black alder,5,,kha,0.0
2020,State Forest Management Centre,production,black alder,5A-5B,,kha,0.0
2020,State Forest Management Centre,production,black alder,all,22.250424516,kha,0.098637822
2020,State Forest Management Centre,production,grey alder,1,15.269138719,kha,0.11945316
2020,State Forest Management Centre,production,grey alder,1A,1.745955317,kha,0.265890676
2020,State Forest Management Centre,production,grey alder,2,6.122793204,kha,0.168463773
2020,State Forest Management Centre,production,grey alder,3,0.926919078,kha,0.408440312
2020,State Forest Management Centre,production,grey alder,4,0.156510718,kha,1.000009916
2020,State Forest Management Centre,production,grey alder,5,,kha,0.0
2020,State Forest Management Centre,production,grey alder,5A-5B,,kha,0.0
2020,State Forest Management Centre,production,grey alder,all,24.221317037,kha,0.099561129
2020,State Forest Management Centre,production,other,1,0.568008699,kha,0.507636958
2020,State Forest Management Centre,production,other,1A,1.335130333,kha,0.374848712
2020,State Forest Management Centre,production,other,2,0.818785823,kha,0.412341935
2020,State Forest Management Centre,production,other,3,0.626042873,kha,0.612315128
2020,State Forest Management Centre,production,other,4,0.156510718,kha,1.000009914
2020,State Forest Management Centre,production,other,5,,kha,0.0
2020,State Forest Management Centre,production,other,5A-5B,,kha,0.0
2020,State Forest Management Centre,production,other,all,3.504478446,kha,0.261378507
2020,State Forest Management Centre,production,pine,1,79.176142983,kha,0.064936111
2020,State Forest Management Centre,production,pine,1A,23.562594726,kha,0.106561621
2020,State Forest Management Centre,production,pine,2,71.538732954,kha,0.06287966
2020,State Forest Management Centre,production,pine,3,47.23598339,kha,0.078594948
2020,State Forest Management Centre,production,pine,4,28.013086557,kha,0.099524411
2020,State Forest Management Centre,production,pine,5,16.248410632,kha,0.125531745
2020,State Forest Management Centre,production,pine,5A-5B,14.374930382,kha,0.158513387
2020,State Forest Management Centre,production,pine,all,280.149881625,kha,0.044199453
2020,State Forest Management Centre,production,spruce,1,61.779194096,kha,0.065211314
2020,State Forest Management Centre,production,spruce,1A,67.996629332,kha,0.067282471
2020,State Forest Management Centre,production,spruce,2,19.342408417,kha,0.096583569
2020,State Forest Management Centre,production,spruce,3,5.911096807,kha,0.168444027
2020,State Forest Management Centre,production,spruce,4,1.597019718,kha,0.310207434
2020,State Forest Management Centre,production,spruce,5,0.156510718,kha,0.999865883
2020,State Forest Management Centre,production,spruce,5A-5B,,kha,0.0
2020,State Forest Management Centre,production,spruce,all,156.782859088,kha,0.049587928
2020,State Forest Management Centre,protected,aspen,1,5.77314826,kha,0.166772798
2020,State Forest Management Centre,protected,aspen,1A,6.672818822,kha,0.18742321
2020,State Forest Management Centre,protected,aspen,2,1.252085746,kha,0.395247168
2020,State Forest Management Centre,protected,aspen,3,,kha,0.0
2020,State Forest Management Centre,protected,aspen,4,,kha,0.0
2020,State Forest Management Centre,protected,aspen,5,0.156510718,kha,1.000009916
2020,State Forest Management Centre,protected,aspen,5A-5B,,kha,0.0
2020,State Forest Management Centre,protected,aspen,all,13.854563546,kha,0.130338437
2020,State Forest Management Centre,protected,birch,1,19.237530585,kha,0.12508414
2020,State Forest Management Centre,protected,birch,1A,10.544127089,kha,0.166791955
2020,State Forest Management Centre,protected,birch,2,20.102987904,kha,0.139532316
2020,State Forest Management Centre,protected,birch,3,12.191465002,kha,0.147128088
2020,State Forest Management Centre,protected,birch,4,8.49720166,kha,0.199374064
2020,State Forest Management Centre,protected,birch,5,3.59974652,kha,0.278489946
2020,State Forest Management Centre,protected,birch,5A-5B,1.095575028,kha,0.473824468
2020,State Forest Management Centre,protected,birch,all,75.268633787,kha,0.082856052
2020,State Forest Management Centre,protected,black alder,1,4.016612818,kha,0.256212851
2020,State Forest Management Centre,protected,black alder,1A,0.469532155,kha,0.577201121
2020,State Forest Management Centre,protected,black alder,2,6.499639712,kha,0.212495217
2020,State Forest Management Centre,protected,black alder,3,1.321639109,kha,0.39432294
2020,State Forest Management Centre,protected,black alder,4,0.469532155,kha,0.745369296
2020,State Forest Management Centre,protected,black alder,5,0.156510718,kha,1.000009916
2020,State Forest Management Centre,protected,black alder,5A-5B,,kha,0.0
2020,State Forest Management Centre,protected,black alder,all,12.933466667,kha,0.163344671
2020,State Forest Management Centre,protected,grey alder,1,3.810832525,kha,0.197240991
2020,State Forest Management Centre,protected,grey alder,1A,0.313021437,kha,0.707018957
2020,State Forest Management Centre,protected,grey alder,2,1.839251357,kha,0.330334137
2020,State Forest Management Centre,protected,grey alder,3,0.469532155,kha,0.623625466
2020,State Forest Management Centre,protected,grey alder,4,,kha,0.0
2020,State Forest Management Centre,protected,grey alder,5,,kha,0.0
2020,State Forest Management Centre,protected,grey alder,5A-5B,,kha,0.0
2020,State Forest Management Centre,protected,grey alder,all,6.432637473,kha,0.182035599
2020,State Forest Management Centre,protected,pine,1,18.719793129,kha,0.131602883
2020,State Forest Management Centre,protected,pine,1A,2.92352631,kha,0.260715236
2020,State Forest Management Centre,protected,pine,2,26.078379314,kha,0.116216118
2020,State Forest Management Centre,protected,pine,3,28.476812164,kha,0.098121292
2020,State Forest Management Centre,protected,pine,4,24.507105609,kha,0.12502709
2020,State Forest Management Centre,protected,pine,5,17.980107823,kha,0.120328644
2020,State Forest Management Centre,protected,pine,5A-5B,22.062799466,kha,0.144801114
2020,State Forest Management Centre,protected,pine,all,140.748523816,kha,0.067947787
2020,State Forest Management Centre,protected,spruce,1,16.947403151,kha,0.134452872
2020,State Forest Management Centre,protected,spruce,1A,17.843974801,kha,0.139570977
2020,State Forest Management Centre,protected,spruce,2,10.745681592,kha,0.164301098
2020,State Forest Management Centre,protected,spruce,3,4.346318297,kha,0.24834228
2020,State Forest Management Centre,protected,spruce,4,1.252085746,kha,0.353632348
2020,State Forest Management Centre,protected,spruce,5,,kha,0.0
2020,State Forest Management Centre,protected,spruce,5A-5B,,kha,0.0
2020,State Forest Management Centre,protected,spruce,all,51.135463586,kha,0.102880459
2020,all,production,aspen,1,64.233704737,kha,0.056625583
2020,all,production,aspen,1A,34.20871985,kha,0.074530098
2020,all,production,aspen,2,15.066066062,kha,0.129393
2020,all,production,aspen,3,3.130214365,kha,0.285047065
2020,all,production,aspen,4,0.313021437,kha,0.707120804
2020,all,production,aspen,5,,kha,0.0
2020,all,production,aspen,5A-5B,,kha,0.0
2020,all,production,aspen,all,116.951726451,kha,0.046287003
2020,all,production,birch,1,222.827095465,kha,0.034525693
2020,all,production,birch,1A,62.526548427,kha,0.060042202
2020,all,production,birch,2,162.258042242,kha,0.039287888
2020,all,production,birch,3,76.115528935,kha,0.055590201
2020,all,production,birch,4,17.371171572,kha,0.114743814
2020,all,production,birch,5,4.487334454,kha,0.221234832
2020,all,production,birch,5A-5B,0.93906431,kha,0.408239506
2020,all,production,birch,all,546.524785404,kha,0.023690512
2020,all,production,black alder,1,31.727602387,kha,0.081992653
2020,all,production,black alder,1A,2.980950093,kha,0.241887024
2020,all,production,black alder,2,25.710406964,kha,0.093870162
2020,all,production,black alder,3,8.237550378,kha,0.161142377
2020,all,production,black alder,4,0.963417377,kha,0.393650604
2020,all,production,black alder,5,,kha,0.0
2020,all,production,black alder,5A-5B,,kha,0.0
2020,all,production,black alder,all,69.619927199,kha,0.061708228
2020,all,production,grey alder,1,116.884818119,kha,0.044949653
2020,all,production,grey alder,1A,17.387714755,kha,0.107019382
2020,all,production,grey alder,2,44.036810402,kha,0.065722687
2020,all,production,grey alder,3,7.515300367,kha,0.170268874
2020,all,production,grey alder,4,1.50622785,kha,0.346742345
2020,all,production,grey alder,5,,kha,0.0
2020,all,production,grey alder,5A-5B,,kha,0.0
2020,all,production,grey alder,all,187.330871493,kha,0.038285018
2020,all,production,other,1,10.588560481,kha,0.125825093
2020,all,production,other,1A,5.057565605,kha,0.185569505
2020,all,production,other,2,6.57875588,kha,0.154262033
2020,all,production,other,3,3.431873123,kha,0.247728822
2020,all,production,other,4,2.020850743,kha,0.331470526
2020,all,production,other,5,0.469532155,kha,0.623659143
2020,all,production,other,5A-5B,,kha,0.0
2020,all,production,other,all,28.147137987,kha,0.089034839
2020,all,production,pine,1,136.387869137,kha,0.046858504
2020,all,production,pine,1A,44.520522428,kha,0.0759327
2020,all,production,pine,2,139.070462848,kha,0.043592584
2020,all,production,pine,3,96.53263385,kha,0.05200373
2020,all,production,pine,4,51.041823224,kha,0.072901663
2020,all,production,pine,5,27.555918749,kha,0.094295261
2020,all,production,pine,5A-5B,19.867470575,kha,0.133666
2020,all,production,pine,all,514.976700811,kha,0.02975769
2020,all,production,spruce,1,126.905698574,kha,0.041844882
2020,all,production,spruce,1A,126.174464847,kha,0.043433529
2020,all,production,spruce,2,46.96788053,kha,0.063088435
2020,all,production,spruce,3,13.319030821,kha,0.114757746
2020,all,production,spruce,4,4.38754322,kha,0.193282447
2020,all,production,spruce,5,0.881280552,kha,0.468353225
2020,all,production,spruce,5A-5B,0.626042873,kha,0.500208818
2020,all,production,spruce,all,319.261941418,kha,0.03024219
2020,all,protected,aspen,1,7.39020135,kha,0.166174262
2020,all,protected,aspen,1A,7.298861695,kha,0.18070702
2020,all,protected,aspen,2,1.565107183,kha,0.399887501
2020,all,protected,aspen,3,0.156510718,kha,1.000009916
2020,all,protected,aspen,4,,kha,0.0
2020,all,protected,aspen,5,0.156510718,kha,1.000009916
2020,all,protected,aspen,5A-5B,,kha,0.0
2020,all,protected,aspen,all,16.567191663,kha,0.124379235
2020,all,protected,birch,1,20.887842202,kha,0.117607204
2020,all,protected,birch,1A,10.544127089,kha,0.166791955
2020,all,protected,birch,2,23.678412658,kha,0.125181278
2020,all,protected,birch,3,13.443550748,kha,0.138097802
2020,all,protected,birch,4,9.663222162,kha,0.187703379
2020,all,protected,birch,5,3.756257238,kha,0.270124515
2020,all,protected,birch,5A-5B,1.095575028,kha,0.473824468
2020,all,protected,birch,all,83.068987125,kha,0.077631586
2020,all,protected,black alder,1,4.414838689,kha,0.244897798
2020,all,protected,black alder,1A,0.469532155,kha,0.577201121
2020,all,protected,black alder,2,7.59521474,kha,0.200637573
2020,all,protected,black alder,3,1.634660546,kha,0.346251902
2020,all,protected,black alder,4,0.469532155,kha,0.745369296
2020,all,protected,black alder,5,0.156510718,kha,1.000009916
2020,all,protected,black alder,5A-5B,,kha,0.0
2020,all,protected,black alder,all,14.740289002,kha,0.156981619
2020,all,protected,grey alder,1,4.720879748,kha,0.175119461
2020,all,protected,grey alder,1A,0.469532155,kha,0.577117939
2020,all,protected,grey alder,2,2.46529423,kha,0.269824679
2020,all,protected,grey alder,3,0.714690544,kha,0.480715778
2020,all,protected,grey alder,4,,kha,0.0
2020,all,protected,grey alder,5,,kha,0.0
2020,all,protected,grey alder,5A-5B,,kha,0.0
2020,all,protected,grey alder,all,8.370396676,kha,0.157191402
2020,all,protected,pine,1,20.44141103,kha,0.122777814
2020,all,protected,pine,1A,3.393058465,kha,0.234858116
2020,all,protected,pine,2,28.528163331,kha,0.109160759
2020,all,protected,pine,3,31.416584287,kha,0.093492754
2020,all,protected,pine,4,26.854766383,kha,0.12008284
2020,all,protected,pine,5,18.508159336,kha,0.118468598
2020,all,protected,pine,5A-5B,24.41046024,kha,0.137987185
2020,all,protected,pine,all,153.552603072,kha,0.06529986
2020,all,protected,spruce,1,18.982042488,kha,0.126390139
2020,all,protected,spruce,1A,19.737801445,kha,0.131008549
2020,all,protected,spruce,2,12.154278056,kha,0.152193433
2020,all,protected,spruce,3,4.632513796,kha,0.234661318
2020,all,protected,spruce,4,1.408596464,kha,0.333303069
2020,all,protected,spruce,5,,kha,0.0
2020,all,protected,spruce,5A-5B,,kha,0.0
2020,all,protected,spruce,all,56.915232249,kha,0.097102248
2020,other,production,aspen,1,48.871113468,kha,0.064397224
2020,other,production,aspen,1A,21.172676059,kha,0.095374711
2020,other,production,aspen,2,11.886112591,kha,0.132766161
2020,other,production,aspen,3,2.034639337,kha,0.271829992
2020,other,production,aspen,4,0.313021437,kha,0.707120804
2020,other,production,aspen,5,,kha,0.0
2020,other,production,aspen,5A-5B,,kha,0.0
2020,other,production,aspen,all,84.277562891,kha,0.052808576
2020,other,production,birch,1,139.965813714,kha,0.040073637
2020,other,production,birch,1A,40.787663543,kha,0.077689233
2020,other,production,birch,2,105.314747621,kha,0.047613918
2020,other,production,birch,3,51.729374809,kha,0.06435389
2020,other,production,birch,4,10.292536109,kha,0.138369562
2020,other,production,birch,5,2.687461194,kha,0.251736773
2020,other,production,birch,5A-5B,0.626042873,kha,0.499979325
2020,other,production,birch,all,351.403639863,kha,0.029140727
2020,other,production,black alder,1,19.233915187,kha,0.105705937
2020,other,production,black alder,1A,1.559629307,kha,0.320818323
2020,other,production,black alder,2,19.408956775,kha,0.107650845
2020,other,production,black alder,3,6.658138116,kha,0.180593317
2020,other,production,black alder,4,0.508863298,kha,0.538136532
2020,other,production,black alder,5,,kha,0.0
2020,other,production,black alder,5A-5B,,kha,0.0
2020,other,production,black alder,all,47.369502684,kha,0.073889069
2020,other,production,grey alder,1,101.6156794,kha,0.049183004
2020,other,production,grey alder,1A,15.641759437,kha,0.115866553
2020,other,production,grey alder,2,37.914017198,kha,0.070716537
2020,other,production,grey alder,3,6.588381289,kha,0.185268494
2020,other,production,grey alder,4,1.349717132,kha,0.369160871
2020,other,production,grey alder,5,,kha,0.0
2020,other,production,grey alder,5A-5B,,kha,0.0
2020,other,production,grey alder,all,163.109554456,kha,0.041946598
2020,other,production,other,1,10.020551783,kha,0.129849823
2020,other,production,other,1A,3.722435272,kha,0.213394949
2020,other,production,other,2,5.759970057,kha,0.15686739
2020,other,production,other,3,2.80583025,kha,0.240028504
2020,other,production,other,4,1.864340025,kha,0.35436809
2020,other,production,other,5,0.469532155,kha,0.623659143
2020,other,production,other,5A-5B,,kha,0.0
2020,other,production,other,all,24.642659542,kha,0.089514153
2020,other,production,pine,1,57.211726154,kha,0.067622015
2020,other,production,pine,1A,20.957927702,kha,0.09985604
2020,other,production,pine,2,67.531729894,kha,0.060099112
2020,other,production,pine,3,49.29665046,kha,0.068174431
2020,other,production,pine,4,23.028736666,kha,0.104395753
2020,other,production,pine,5,11.307508117,kha,0.136609197
2020,other,production,pine,5A-5B,5.492540193,kha,0.200513913
2020,other,production,pine,all,234.826819186,kha,0.041561356
2020,other,production,spruce,1,65.126504478,kha,0.054447095
2020,other,production,spruce,1A,58.177835516,kha,0.057756574
2020,other,production,spruce,2,27.625472112,kha,0.085758593
2020,other,production,spruce,3,7.407934014,kha,0.153736448
2020,other,production,spruce,4,2.790523502,kha,0.253222831
2020,other,production,spruce,5,0.724769834,kha,0.527036778
2020,other,production,spruce,5A-5B,0.626042873,kha,0.500208818
2020,other,production,spruce,all,162.47908233,kha,0.038957453
2020,other,protected,aspen,1,1.61705309,kha,0.396283527
2020,other,protected,aspen,1A,0.626042873,kha,0.50001983
2020,other,protected,aspen,2,0.313021437,kha,0.70687253
2020,other,protected,aspen,3,0.156510718,kha,1.000009916
2020,other,protected,aspen,4,,kha,0.0
2020,other,protected,aspen,5,,kha,0.0
2020,other,protected,aspen,5A-5B,,kha,0.0
2020,other,protected,aspen,all,2.712628118,kha,0.281163923
2020,other,protected,birch,1,1.650311618,kha,0.339079198
2020,other,protected,birch,1A,,kha,0.0
2020,other,protected,birch,2,3.575424754,kha,0.241491943
2020,other,protected,birch,3,1.252085746,kha,0.395062084
2020,other,protected,birch,4,1.166020502,kha,0.360083027
2020,other,protected,birch,5,0.156510718,kha,1.000009914
2020,other,protected,birch,5A-5B,,kha,0.0
2020,other,protected,birch,all,7.800353338,kha,0.180143002
2020,other,protected,black alder,1,0.398225872,kha,0.595767618
2020,other,protected,black alder,1A,,kha,0.0
2020,other,protected,black alder,2,1.095575028,kha,0.391061781
2020,other,protected,black alder,3,0.313021437,kha,0.706777016
2020,other,protected,black alder,4,,kha,0.0
2020,other,protected,black alder,5,,kha,0.0
2020,other,protected,black alder,5A-5B,,kha,0.0
2020,other,protected,black alder,all,1.806822336,kha,0.334034852
2020,other,protected,grey alder,1,0.910047222,kha,0.409187788
2020,other,protected,grey alder,1A,0.156510718,kha,0.999721829
2020,other,protected,grey alder,2,0.626042873,kha,0.499902804
2020,other,protected,grey alder,3,0.245158389,kha,0.733465605
2020,other,protected,grey alder,4,,kha,0.0
2020,other,protected,grey alder,5,,kha,0.0
2020,other,protected,grey alder,5A-5B,,kha,0.0
2020,other,protected,grey alder,all,1.937759203,kha,0.322675272
2020,other,protected,pine,1,1.721617901,kha,0.327550416
2020,other,protected,pine,1A,0.469532155,kha,0.577424608
2020,other,protected,pine,2,2.449784017,kha,0.298913224
2020,other,protected,pine,3,2.939772123,kha,0.282112063
2020,other,protected,pine,4,2.347660774,kha,0.359008519
2020,other,protected,pine,5,0.528051512,kha,0.672042192
2020,other,protected,pine,5A-5B,2.347660774,kha,0.42687709
2020,other,protected,pine,all,12.804079256,kha,0.214404275
2020,other,protected,spruce,1,2.034639337,kha,0.312031306
2020,other,protected,spruce,1A,1.893826644,kha,0.294273245
2020,other,protected,spruce,2,1.408596464,kha,0.332924758
2020,other,protected,spruce,3,0.286195499,kha,0.710220217
2020,other,protected,spruce,4,0.156510718,kha,0.999685813
2020,other,protected,spruce,5,,kha,0.0
2020,other,protected,spruce,5A-5B,,kha,0.0
2020,other,protected,spruce,all,5.779768663,kha,0.207649331
2021,State Forest Management Centre,production,aspen,1,12.882664113,kha,0.128969202
2021,State Forest Management Centre,production,aspen,1A,12.461960993,kha,0.122415988
2021,State Forest Management Centre,production,aspen,2,3.799091809,kha,0.245524177
2021,State Forest Management Centre,production,aspen,3,0.937360734,kha,0.527107913
2021,State Forest Management Centre,production,aspen,4,,kha,0.0
2021,State Forest Management Centre,production,aspen,5,,kha,0.0
2021,State Forest Management Centre,production,aspen,5A-5B,,kha,0.0
2021,State Forest Management Centre,production,aspen,all,30.081077649,kha,0.088987031
2021,State Forest Management Centre,production,birch,1,75.655369055,kha,0.065677305
2021,State Forest Management Centre,production,birch,1A,19.446501407,kha,0.102828452
2021,State Forest Management Centre,production,birch,2,53.720690449,kha,0.068843797
2021,State Forest Management Centre,production,birch,3,21.586995888,kha,0.109816812
2021,State Forest Management Centre,production,birch,4,7.222020755,kha,0.187741005
2021,State Forest Management Centre,production,birch,5,1.796608073,kha,0.316575462
2021,State Forest Management Centre,production,birch,5A-5B,0.468680367,kha,0.577367632
2021,State Forest Management Centre,production,birch,all,179.896865994,kha,0.046471754
2021,State Forest Management Centre,production,black alder,1,10.437464903,kha,0.146153701
2021,State Forest Management Centre,production,black alder,1A,1.106288761,kha,0.373811285
2021,State Forest Management Centre,production,black alder,2,5.870799635,kha,0.177343158
2021,State Forest Management Centre,production,black alder,3,1.26409344,kha,0.349408182
2021,State Forest Management Centre,production,black alder,4,0.297502674,kha,0.707626669
2021,State Forest Management Centre,production,black alder,5,,kha,0.0
2021,State Forest Management Centre,production,black alder,5A-5B,,kha,0.0
2021,State Forest Management Centre,production,black alder,all,18.976149413,kha,0.111524376
2021,State Forest Management Centre,production,grey alder,1,14.891787487,kha,0.124183169
2021,State Forest Management Centre,production,grey alder,1A,1.520539714,kha,0.274406057
2021,State Forest Management Centre,production,grey alder,2,6.276192529,kha,0.170511861
2021,State Forest Management Centre,production,grey alder,3,0.925237535,kha,0.408481449
2021,State Forest Management Centre,production,grey alder,4,0.312453578,kha,0.707120958
2021,State Forest Management Centre,production,grey alder,5,,kha,0.0
2021,State Forest Management Centre,production,grey alder,5A-5B,,kha,0.0
2021,State Forest Management Centre,production,grey alder,all,23.926210844,kha,0.103767288
2021,State Forest Management Centre,production,other,1,0.723205052,kha,0.546335255
2021,State Forest Management Centre,production,other,1A,1.332708246,kha,0.374916649
2021,State Forest Management Centre,production,other,2,0.504846869,kha,0.504024793
2021,State Forest Management Centre,production,other,3,0.624907156,kha,0.612374133
2021,State Forest Management Centre,production,other,4,0.156226789,kha,1.000010023
2021,State Forest Management Centre,production,other,5,,kha,0.0
2021,State Forest Management Centre,production,other,5A-5B,,kha,0.0
2021,State Forest Management Centre,production,other,all,3.341894111,kha,0.277673328
2021,State Forest Management Centre,production,pine,1,66.797169517,kha,0.068100194
2021,State Forest Management Centre,production,pine,1A,20.312091553,kha,0.114011135
2021,State Forest Management Centre,production,pine,2,65.090438715,kha,0.065506681
2021,State Forest Management Centre,production,pine,3,43.639610097,kha,0.0797739
2021,State Forest Management Centre,production,pine,4,24.291500322,kha,0.104611557
2021,State Forest Management Centre,production,pine,5,15.047404992,kha,0.128210737
2021,State Forest Management Centre,production,pine,5A-5B,15.129986473,kha,0.153481778
2021,State Forest Management Centre,production,pine,all,250.308201669,kha,0.04608756
2021,State Forest Management Centre,production,spruce,1,55.054773491,kha,0.068493501
2021,State Forest Management Centre,production,spruce,1A,61.188565302,kha,0.06845557
2021,State Forest Management Centre,production,spruce,2,15.265950647,kha,0.106654987
2021,State Forest Management Centre,production,spruce,3,5.334238728,kha,0.181935794
2021,State Forest Management Centre,production,spruce,4,1.437895743,kha,0.326272284
2021,State Forest Management Centre,production,spruce,5,0.156226789,kha,1.000010025
2021,State Forest Management Centre,production,spruce,5A-5B,,kha,0.0
2021,State Forest Management Centre,production,spruce,all,138.4376507,kha,0.053033876
2021,State Forest Management Centre,protected,aspen,1,6.177879011,kha,0.162357833
2021,State Forest Management Centre,protected,aspen,1A,8.299360692,kha,0.172748892
2021,State Forest Management Centre,protected,aspen,2,1.56226789,kha,0.346400194
2021,State Forest Management Centre,protected,aspen,3,0.156226789,kha,1.000010023
2021,State Forest Management Centre,protected,aspen,4,,kha,0.0
2021,State Forest Management Centre,protected,aspen,5,0.156226789,kha,1.000010025
2021,State Forest Management Centre,protected,aspen,5A-5B,,kha,0.0
2021,State Forest Management Centre,protected,aspen,all,16.351961171,kha,0.123593781
2021,State Forest Management Centre,protected,birch,1,22.852948427,kha,0.115189108
2021,State Forest Management Centre,protected,birch,1A,10.606892856,kha,0.16032943
2021,State Forest Management Centre,protected,birch,2,21.055809182,kha,0.13720618
2021,State Forest Management Centre,protected,birch,3,15.688872188,kha,0.130856139
2021,State Forest Management Centre,protected,birch,4,10.044054603,kha,0.185761769
2021,State Forest Management Centre,protected,birch,5,4.374350091,kha,0.247547646
2021,State Forest Management Centre,protected,birch,5A-5B,0.937360734,kha,0.527065295
2021,State Forest Management Centre,protected,birch,all,85.56028808,kha,0.077469719
2021,State Forest Management Centre,protected,black alder,1,5.25914051,kha,0.245312802
2021,State Forest Management Centre,protected,black alder,1A,0.624907156,kha,0.499876274
2021,State Forest Management Centre,protected,black alder,2,5.769642789,kha,0.218219326
2021,State Forest Management Centre,protected,black alder,3,1.787921864,kha,0.350483524
2021,State Forest Management Centre,protected,black alder,4,0.468680367,kha,0.745369442
2021,State Forest Management Centre,protected,black alder,5,0.312453578,kha,0.707120958
2021,State Forest Management Centre,protected,black alder,5A-5B,0.156226789,kha,0.999920172
2021,State Forest Management Centre,protected,black alder,all,14.378973053,kha,0.155430071
2021,State Forest Management Centre,protected,grey alder,1,3.803919217,kha,0.192912636
2021,State Forest Management Centre,protected,grey alder,1A,0.312453578,kha,0.707222604
2021,State Forest Management Centre,protected,grey alder,2,2.329294556,kha,0.292004192
2021,State Forest Management Centre,protected,grey alder,3,0.781133945,kha,0.547740861
2021,State Forest Management Centre,protected,grey alder,4,,kha,0.0
2021,State Forest Management Centre,protected,grey alder,5,,kha,0.0
2021,State Forest Management Centre,protected,grey alder,5A-5B,,kha,0.0
2021,State Forest Management Centre,protected,grey alder,all,7.226801295,kha,0.185441548
2021,State Forest Management Centre,protected,pine,1,25.711039417,kha,0.113170673
2021,State Forest Management Centre,protected,pine,1A,4.324263783,kha,0.229028075
2021,State Forest Management Centre,protected,pine,2,34.466832296,kha,0.106115533
2021,State Forest Management Centre,protected,pine,3,30.884739497,kha,0.093085284
2021,State Forest Management Centre,protected,pine,4,27.921148556,kha,0.115253878
2021,State Forest Management Centre,protected,pine,5,21.054606236,kha,0.113759017
2021,State Forest Management Centre,protected,pine,5A-5B,24.678630305,kha,0.12975748
2021,State Forest Management Centre,protected,pine,all,169.04126009,kha,0.063100413
2021,State Forest Management Centre,protected,spruce,1,18.712735424,kha,0.126048527
2021,State Forest Management Centre,protected,spruce,1A,19.060449388,kha,0.136364001
2021,State Forest Management Centre,protected,spruce,2,12.913362677,kha,0.141983285
2021,State Forest Management Centre,protected,spruce,3,4.65088713,kha,0.241174158
2021,State Forest Management Centre,protected,spruce,4,2.187175046,kha,0.257476121
2021,State Forest Management Centre,protected,spruce,5,0.312453578,kha,0.707260715
2021,State Forest Management Centre,protected,spruce,5A-5B,,kha,0.0
2021,State Forest Management Centre,protected,spruce,all,57.837063244,kha,0.092351837
2021,all,production,aspen,1,59.485287113,kha,0.058100452
2021,all,production,aspen,1A,32.983443312,kha,0.073628337
2021,all,production,aspen,2,16.220855649,kha,0.126310857
2021,all,production,aspen,3,2.96830899,kha,0.290688869
2021,all,production,aspen,4,0.312453578,kha,0.707120958
2021,all,production,aspen,5,,kha,0.0
2021,all,production,aspen,5A-5B,,kha,0.0
2021,all,production,aspen,all,111.970348642,kha,0.046088253
2021,all,production,birch,1,214.663809951,kha,0.035511066
2021,all,production,birch,1A,64.207429281,kha,0.06063163
2021,all,production,birch,2,160.974974145,kha,0.038936974
2021,all,production,birch,3,70.908371205,kha,0.057173188
2021,all,production,birch,4,18.059020048,kha,0.111340707
2021,all,production,birch,5,4.887992528,kha,0.216410157
2021,all,production,birch,5A-5B,1.093587523,kha,0.377960432
2021,all,production,birch,all,534.795184681,kha,0.024405068
2021,all,production,black alder,1,30.10516782,kha,0.084005215
2021,all,production,black alder,1A,3.13176908,kha,0.227024685
2021,all,production,black alder,2,27.001660166,kha,0.092008399
2021,all,production,black alder,3,8.187018008,kha,0.166809954
2021,all,production,black alder,4,0.805442833,kha,0.428147582
2021,all,production,black alder,5,,kha,0.0
2021,all,production,black alder,5A-5B,,kha,0.0
2021,all,production,black alder,all,69.231057907,kha,0.064224974
2021,all,production,grey alder,1,121.958895867,kha,0.045843676
2021,all,production,grey alder,1A,17.514647802,kha,0.104427364
2021,all,production,grey alder,2,45.570088906,kha,0.065968682
2021,all,production,grey alder,3,8.018605529,kha,0.165627159
2021,all,production,grey alder,4,1.650926592,kha,0.322416419
2021,all,production,grey alder,5,,kha,0.0
2021,all,production,grey alder,5A-5B,,kha,0.0
2021,all,production,grey alder,all,194.713164697,kha,0.038570512
2021,all,production,other,1,10.822657674,kha,0.128587657
2021,all,production,other,1A,5.36084415,kha,0.179570499
2021,all,production,other,2,5.317006913,kha,0.169371496
2021,all,production,other,3,3.894327659,kha,0.232219903
2021,all,production,other,4,2.173411465,kha,0.315940444
2021,all,production,other,5,0.312453578,kha,0.707165428
2021,all,production,other,5A-5B,,kha,0.0
2021,all,production,other,all,27.88070144,kha,0.087210451
2021,all,production,pine,1,122.235932832,kha,0.047944117
2021,all,production,pine,1A,41.057524974,kha,0.079126859
2021,all,production,pine,2,131.313037348,kha,0.043760123
2021,all,production,pine,3,90.392492022,kha,0.052274722
2021,all,production,pine,4,45.834752709,kha,0.073902859
2021,all,production,pine,5,27.166182598,kha,0.093458923
2021,all,production,pine,5A-5B,21.549923271,kha,0.129550523
2021,all,production,pine,all,479.549845753,kha,0.030069579
2021,all,production,spruce,1,121.068668756,kha,0.041702697
2021,all,production,spruce,1A,119.754004704,kha,0.043647317
2021,all,production,spruce,2,42.733244758,kha,0.063531448
2021,all,production,spruce,3,13.116519994,kha,0.117070005
2021,all,production,spruce,4,4.2233569,kha,0.207158162
2021,all,production,spruce,5,0.937360734,kha,0.471425786
2021,all,production,spruce,5A-5B,0.312453578,kha,0.707120958
2021,all,production,spruce,all,302.145609423,kha,0.031003546
2021,all,protected,aspen,1,7.635771783,kha,0.154885097
2021,all,protected,aspen,1A,9.0499523,kha,0.164705187
2021,all,protected,aspen,2,2.343401835,kha,0.305418246
2021,all,protected,aspen,3,0.468680367,kha,0.577274252
2021,all,protected,aspen,4,0.156226789,kha,1.000010023
2021,all,protected,aspen,5,0.156226789,kha,1.000010025
2021,all,protected,aspen,5A-5B,,kha,0.0
2021,all,protected,aspen,all,19.810259862,kha,0.115511118
2021,all,protected,birch,1,25.2307514,kha,0.105736907
2021,all,protected,birch,1A,11.231800012,kha,0.155500695
2021,all,protected,birch,2,25.249654842,kha,0.120262946
2021,all,protected,birch,3,17.563593655,kha,0.122117535
2021,all,protected,birch,4,11.227035095,kha,0.176840403
2021,all,protected,birch,5,4.53057688,kha,0.241491411
2021,all,protected,birch,5A-5B,0.937360734,kha,0.527065295
2021,all,protected,birch,all,95.970772617,kha,0.071137883
2021,all,protected,black alder,1,6.125324319,kha,0.224811364
2021,all,protected,black alder,1A,0.624907156,kha,0.499876274
2021,all,protected,black alder,2,6.394549945,kha,0.202856813
2021,all,protected,black alder,3,1.944148653,kha,0.332129139
2021,all,protected,black alder,4,0.468680367,kha,0.745369442
2021,all,protected,black alder,5,0.312453578,kha,0.707120958
2021,all,protected,black alder,5A-5B,0.156226789,kha,0.999920172
2021,all,protected,black alder,all,16.026290806,kha,0.146940159
2021,all,protected,grey alder,1,4.824767546,kha,0.169549658
2021,all,protected,grey alder,1A,0.468680367,kha,0.57728463
2021,all,protected,grey alder,2,3.212054027,kha,0.2351261
2021,all,protected,grey alder,3,1.025847587,kha,0.452412025
2021,all,protected,grey alder,4,0.156226789,kha,0.999911186
2021,all,protected,grey alder,5,,kha,0.0
2021,all,protected,grey alder,5A-5B,,kha,0.0
2021,all,protected,grey alder,all,9.687576316,kha,0.150164296
2021,all,protected,pine,1,28.210668041,kha,0.105301022
2021,all,protected,pine,1A,4.79294415,kha,0.212237821
2021,all,protected,pine,2,37.224625688,kha,0.100835982
2021,all,protected,pine,3,35.745454828,kha,0.086414251
2021,all,protected,pine,4,30.889457546,kha,0.109780369
2021,all,protected,pine,5,22.017853749,kha,0.110605332
2021,all,protected,pine,5A-5B,27.334485718,kha,0.123534566
2021,all,protected,pine,all,186.215489719,kha,0.060256433
2021,all,protected,spruce,1,21.256138794,kha,0.117250381
2021,all,protected,spruce,1A,20.883334807,kha,0.12880984
2021,all,protected,spruce,2,14.944310934,kha,0.129506904
2021,all,protected,spruce,3,5.092790226,kha,0.225955481
2021,all,protected,spruce,4,2.499628624,kha,0.24194509
2021,all,protected,spruce,5,0.312453578,kha,0.707260715
2021,all,protected,spruce,5A-5B,,kha,0.0
2021,all,protected,spruce,all,64.988656962,kha,0.08669563
2021,other,production,aspen,1,46.602622999,kha,0.065525699
2021,other,production,aspen,1A,20.521482319,kha,0.091957236
2021,other,production,aspen,2,12.42176384,kha,0.130612471
2021,other,production,aspen,3,2.030948257,kha,0.271942557
2021,other,production,aspen,4,0.312453578,kha,0.707120958
2021,other,production,aspen,5,,kha,0.0
2021,other,production,aspen,5A-5B,,kha,0.0
2021,other,production,aspen,all,81.889270993,kha,0.05237539
2021,other,production,birch,1,139.008440896,kha,0.040612562
2021,other,production,birch,1A,44.760927875,kha,0.075441699
2021,other,production,birch,2,107.254283696,kha,0.046427353
2021,other,production,birch,3,49.321375317,kha,0.06503035
2021,other,production,birch,4,10.836999293,kha,0.135282551
2021,other,production,birch,5,3.091384455,kha,0.259164936
2021,other,production,birch,5A-5B,0.624907156,kha,0.499979617
2021,other,production,birch,all,354.898318687,kha,0.029117093
2021,other,production,black alder,1,19.667702917,kha,0.102058968
2021,other,production,black alder,1A,2.025480319,kha,0.280352108
2021,other,production,black alder,2,21.130860532,kha,0.104756069
2021,other,production,black alder,3,6.922924568,kha,0.179873295
2021,other,production,black alder,4,0.507940159,kha,0.538120298
2021,other,production,black alder,5,,kha,0.0
2021,other,production,black alder,5A-5B,,kha,0.0
2021,other,production,black alder,all,50.254908494,kha,0.073967731
2021,other,production,grey alder,1,107.06710838,kha,0.049977187
2021,other,production,grey alder,1A,15.994108088,kha,0.111562146
2021,other,production,grey alder,2,39.293896376,kha,0.070623472
2021,other,production,grey alder,3,7.093367994,kha,0.178338386
2021,other,production,grey alder,4,1.338473015,kha,0.361791636
2021,other,production,grey alder,5,,kha,0.0
2021,other,production,grey alder,5A-5B,,kha,0.0
2021,other,production,grey alder,all,170.786953853,kha,0.041949591
2021,other,production,other,1,10.099452622,kha,0.131227544
2021,other,production,other,1A,4.028135904,kha,0.204327298
2021,other,production,other,2,4.812160045,kha,0.173356007
2021,other,production,other,3,3.269420503,kha,0.226720075
2021,other,production,other,4,2.017184677,kha,0.335981163
2021,other,production,other,5,0.312453578,kha,0.707165428
2021,other,production,other,5A-5B,,kha,0.0
2021,other,production,other,all,24.538807329,kha,0.088575293
2021,other,production,pine,1,55.438763315,kha,0.067469939
2021,other,production,pine,1A,20.745433421,kha,0.100760388
2021,other,production,pine,2,66.222598632,kha,0.057756965
2021,other,production,pine,3,46.752881925,kha,0.068115725
2021,other,production,pine,4,21.543252387,kha,0.099118674
2021,other,production,pine,5,12.118777606,kha,0.129878459
2021,other,production,pine,5A-5B,6.419936798,kha,0.198424929
2021,other,production,pine,all,229.241644084,kha,0.040824454
2021,other,production,spruce,1,66.013895265,kha,0.052147894
2021,other,production,spruce,1A,58.565439402,kha,0.059354242
2021,other,production,spruce,2,27.467294111,kha,0.084025481
2021,other,production,spruce,3,7.782281266,kha,0.152561745
2021,other,production,spruce,4,2.785461157,kha,0.265399105
2021,other,production,spruce,5,0.781133945,kha,0.529169207
2021,other,production,spruce,5A-5B,0.312453578,kha,0.707120958
2021,other,production,spruce,all,163.707958723,kha,0.039002434
2021,other,protected,aspen,1,1.457892772,kha,0.387948351
2021,other,protected,aspen,1A,0.750591608,kha,0.448714447
2021,other,protected,aspen,2,0.781133945,kha,0.447051144
2021,other,protected,aspen,3,0.312453578,kha,0.707006591
2021,other,protected,aspen,4,0.156226789,kha,1.000010023
2021,other,protected,aspen,5,,kha,0.0
2021,other,protected,aspen,5A-5B,,kha,0.0
2021,other,protected,aspen,all,3.458298691,kha,0.256458159
2021,other,protected,birch,1,2.377802973,kha,0.273230403
2021,other,protected,birch,1A,0.624907156,kha,0.500020047
2021,other,protected,birch,2,4.193845659,kha,0.212177982
2021,other,protected,birch,3,1.874721468,kha,0.333287034
2021,other,protected,birch,4,1.182980491,kha,0.384176056
2021,other,protected,birch,5,0.156226789,kha,1.000010023
2021,other,protected,birch,5A-5B,,kha,0.0
2021,other,protected,birch,all,10.410484537,kha,0.148933652
2021,other,protected,black alder,1,0.866183809,kha,0.415285678
2021,other,protected,black alder,1A,,kha,0.0
2021,other,protected,black alder,2,0.624907156,kha,0.500006571
2021,other,protected,black alder,3,0.156226789,kha,0.999758416
2021,other,protected,black alder,4,,kha,0.0
2021,other,protected,black alder,5,,kha,0.0
2021,other,protected,black alder,5A-5B,,kha,0.0
2021,other,protected,black alder,all,1.647317754,kha,0.320069236
2021,other,protected,grey alder,1,1.02084833,kha,0.38040462
2021,other,protected,grey alder,1A,0.156226789,kha,0.999722467
2021,other,protected,grey alder,2,0.882759471,kha,0.412058473
2021,other,protected,grey alder,3,0.244713642,kha,0.733943097
2021,other,protected,grey alder,4,0.156226789,kha,0.999911186
2021,other,protected,grey alder,5,,kha,0.0
2021,other,protected,grey alder,5A-5B,,kha,0.0
2021,other,protected,grey alder,all,2.460775021,kha,0.276079455
2021,other,protected,pine,1,2.499628624,kha,0.264961343
2021,other,protected,pine,1A,0.468680367,kha,0.577424688
2021,other,protected,pine,2,2.757793392,kha,0.276872604
2021,other,protected,pine,3,4.860715331,kha,0.229776912
2021,other,protected,pine,4,2.96830899,kha,0.311451886
2021,other,protected,pine,5,0.963247513,kha,0.45224757
2021,other,protected,pine,5A-5B,2.655855412,kha,0.385749444
2021,other,protected,pine,all,17.174229629,kha,0.181278222
2021,other,protected,spruce,1,2.54340337,kha,0.275239752
2021,other,protected,spruce,1A,1.822885419,kha,0.29673625
2021,other,protected,spruce,2,2.030948257,kha,0.276797584
2021,other,protected,spruce,3,0.441903095,kha,0.579757613
2021,other,protected,spruce,4,0.312453578,kha,0.7069494
2021,other,protected,spruce,5,,kha,0.0
2021,other,protected,spruce,5A-5B,,kha,0.0
2021,other,protected,spruce,all,7.151593719,kha,0.186320519
2022,State Forest Management Centre,production,aspen,1,13.709307683,kha,0.140964537
2022,State Forest Management Centre,production,aspen,1A,12.070338535,kha,0.120221446
2022,State Forest Management Centre,production,aspen,2,3.484831528,kha,0.252126542
2022,State Forest Management Centre,production,aspen,3,0.468437507,kha,0.577309898
2022,State Forest Management Centre,production,aspen,4,,kha,0.0
2022,State Forest Management Centre,production,aspen,5,,kha,0.0
2022,State Forest Management Centre,production,aspen,5A-5B,,kha,0.0
2022,State Forest Management Centre,production,aspen,all,29.732915252,kha,0.091525986
2022,State Forest Management Centre,production,birch,1,72.553412314,kha,0.068277062
2022,State Forest Management Centre,production,birch,1A,20.742850001,kha,0.099820045
2022,State Forest Management Centre,production,birch,2,52.501257802,kha,0.066740705
2022,State Forest Management Centre,production,birch,3,20.098358064,kha,0.122377899
2022,State Forest Management Centre,production,birch,4,8.46744514,kha,0.164285893
2022,State Forest Management Centre,production,birch,5,2.029895862,kha,0.317277228
2022,State Forest Management Centre,production,birch,5A-5B,0.468437507,kha,0.577366932
2022,State Forest Management Centre,production,birch,all,176.861656689,kha,0.047876062
2022,State Forest Management Centre,production,black alder,1,10.051856933,kha,0.149512474
2022,State Forest Management Centre,production,black alder,1A,0.94956967,kha,0.403058132
2022,State Forest Management Centre,production,black alder,2,5.754676696,kha,0.177870008
2022,State Forest Management Centre,production,black alder,3,1.029656869,kha,0.378897322
2022,State Forest Management Centre,production,black alder,4,0.297348515,kha,0.707626295
2022,State Forest Management Centre,production,black alder,5,,kha,0.0
2022,State Forest Management Centre,production,black alder,5A-5B,,kha,0.0
2022,State Forest Management Centre,production,black alder,all,18.083108682,kha,0.114960227
2022,State Forest Management Centre,production,grey alder,1,14.105871261,kha,0.116657558
2022,State Forest Management Centre,production,grey alder,1A,1.519751803,kha,0.274342408
2022,State Forest Management Centre,production,grey alder,2,6.105895524,kha,0.169913234
2022,State Forest Management Centre,production,grey alder,3,1.237049767,kha,0.353862701
2022,State Forest Management Centre,production,grey alder,4,0.312291671,kha,0.707120385
2022,State Forest Management Centre,production,grey alder,5,,kha,0.0
2022,State Forest Management Centre,production,grey alder,5A-5B,,kha,0.0
2022,State Forest Management Centre,production,grey alder,all,23.280860026,kha,0.097806573
2022,State Forest Management Centre,production,other,1,0.722830302,kha,0.546334515
2022,State Forest Management Centre,production,other,1A,1.332017665,kha,0.374859436
2022,State Forest Management Centre,production,other,2,0.453556808,kha,0.549290542
2022,State Forest Management Centre,production,other,3,0.468437507,kha,0.745240374
2022,State Forest Management Centre,production,other,4,0.156145836,kha,1.000009619
2022,State Forest Management Centre,production,other,5,,kha,0.0
2022,State Forest Management Centre,production,other,5A-5B,,kha,0.0
2022,State Forest Management Centre,production,other,all,3.132988117,kha,0.29126838
2022,State Forest Management Centre,production,pine,1,66.655877793,kha,0.067971387
2022,State Forest Management Centre,production,pine,1A,19.176879031,kha,0.119299426
2022,State Forest Management Centre,production,pine,2,66.078481722,kha,0.065733322
2022,State Forest Management Centre,production,pine,3,44.87940482,kha,0.077311628
2022,State Forest Management Centre,production,pine,4,23.76495896,kha,0.103339002
2022,State Forest Management Centre,production,pine,5,14.883461908,kha,0.131763178
2022,State Forest Management Centre,production,pine,5A-5B,16.21516728,kha,0.149947328
2022,State Forest Management Centre,production,pine,all,251.654231514,kha,0.044740052
2022,State Forest Management Centre,production,spruce,1,53.842784748,kha,0.067487828
2022,State Forest Management Centre,production,spruce,1A,62.273332627,kha,0.070788008
2022,State Forest Management Centre,production,spruce,2,15.661349231,kha,0.105951339
2022,State Forest Management Centre,production,spruce,3,5.643766309,kha,0.18575762
2022,State Forest Management Centre,production,spruce,4,1.717604191,kha,0.301207348
2022,State Forest Management Centre,production,spruce,5,0.156145836,kha,1.000009621
2022,State Forest Management Centre,production,spruce,5A-5B,,kha,0.0
2022,State Forest Management Centre,production,spruce,all,139.294982941,kha,0.052693183
2022,State Forest Management Centre,protected,aspen,1,7.599773961,kha,0.174057918
2022,State Forest Management Centre,protected,aspen,1A,8.978869595,kha,0.172004955
2022,State Forest Management Centre,protected,aspen,2,1.40531252,kha,0.368553507
2022,State Forest Management Centre,protected,aspen,3,0.312291671,kha,0.707221977
2022,State Forest Management Centre,protected,aspen,4,,kha,0.0
2022,State Forest Management Centre,protected,aspen,5,0.156145836,kha,1.000009621
2022,State Forest Management Centre,protected,aspen,5A-5B,,kha,0.0
2022,State Forest Management Centre,protected,aspen,all,18.452393583,kha,0.120706433
2022,State Forest Management Centre,protected,birch,1,22.338816586,kha,0.11621876
2022,State Forest Management Centre,protected,birch,1A,11.382125764,kha,0.156827595
2022,State Forest Management Centre,protected,birch,2,22.462327941,kha,0.13238511
2022,State Forest Management Centre,protected,birch,3,15.680742544,kha,0.134786107
2022,State Forest Management Centre,protected,birch,4,8.633537465,kha,0.194038291
2022,State Forest Management Centre,protected,birch,5,3.747500053,kha,0.263586616
2022,State Forest Management Centre,protected,birch,5A-5B,0.780729178,kha,0.600016033
2022,State Forest Management Centre,protected,birch,all,85.025779531,kha,0.079913036
2022,State Forest Management Centre,protected,black alder,1,6.06176871,kha,0.214622994
2022,State Forest Management Centre,protected,black alder,1A,0.468437507,kha,0.57736693
2022,State Forest Management Centre,protected,black alder,2,6.132393472,kha,0.21164398
2022,State Forest Management Centre,protected,black alder,3,1.162412058,kha,0.46706962
2022,State Forest Management Centre,protected,black alder,4,0.312291671,kha,1.000009621
2022,State Forest Management Centre,protected,black alder,5,0.468437507,kha,0.577366932
2022,State Forest Management Centre,protected,black alder,5A-5B,0.156145836,kha,0.999919814
2022,State Forest Management Centre,protected,black alder,all,14.76188676,kha,0.149090929
2022,State Forest Management Centre,protected,grey alder,1,4.114239777,kha,0.189127193
2022,State Forest Management Centre,protected,grey alder,1A,0.156145836,kha,1.000009624
2022,State Forest Management Centre,protected,grey alder,2,2.699605351,kha,0.271834741
2022,State Forest Management Centre,protected,grey alder,3,0.780729178,kha,0.547740123
2022,State Forest Management Centre,protected,grey alder,4,,kha,0.0
2022,State Forest Management Centre,protected,grey alder,5,,kha,0.0
2022,State Forest Management Centre,protected,grey alder,5A-5B,,kha,0.0
2022,State Forest Management Centre,protected,grey alder,all,7.75072014,kha,0.177309757
2022,State Forest Management Centre,protected,pine,1,25.697716497,kha,0.109566867
2022,State Forest Management Centre,protected,pine,1A,4.165877205,kha,0.228755772
2022,State Forest Management Centre,protected,pine,2,33.524932483,kha,0.108261483
2022,State Forest Management Centre,protected,pine,3,30.246822426,kha,0.097018887
2022,State Forest Management Centre,protected,pine,4,27.458900991,kha,0.114750731
2022,State Forest Management Centre,protected,pine,5,21.217252278,kha,0.114585356
2022,State Forest Management Centre,protected,pine,5A-5B,24.821988193,kha,0.129474975
2022,State Forest Management Centre,protected,pine,all,167.133490073,kha,0.063879467
2022,State Forest Management Centre,protected,spruce,1,18.215270517,kha,0.123302315
2022,State Forest Management Centre,protected,spruce,1A,18.879717891,kha,0.131161257
2022,State Forest Management Centre,protected,spruce,2,11.133994417,kha,0.143595021
2022,State Forest Management Centre,protected,spruce,3,3.55545629,kha,0.234805137
2022,State Forest Management Centre,protected,spruce,4,2.498333369,kha,0.257576765
2022,State Forest Management Centre,protected,spruce,5,0.468437507,kha,0.5774758
2022,State Forest Management Centre,protected,spruce,5A-5B,,kha,0.0
2022,State Forest Management Centre,protected,spruce,all,54.75120999,kha,0.08761173
2022,all,production,aspen,1,59.263137595,kha,0.058263514
2022,all,production,aspen,1A,32.490794229,kha,0.072661952
2022,all,production,aspen,2,15.39293454,kha,0.121766369
2022,all,production,aspen,3,2.186041697,kha,0.281207719
2022,all,production,aspen,4,0.312291671,kha,0.707120387
2022,all,production,aspen,5,0.156145836,kha,0.999794069
2022,all,production,aspen,5A-5B,,kha,0.0
2022,all,production,aspen,all,109.801345568,kha,0.044671533
2022,all,production,birch,1,210.428592402,kha,0.035849421
2022,all,production,birch,1A,63.12378092,kha,0.061832694
2022,all,production,birch,2,158.741588288,kha,0.03992607
2022,all,production,birch,3,73.628007954,kha,0.0598273
2022,all,production,birch,4,17.689917853,kha,0.109371979
2022,all,production,birch,5,5.000882675,kha,0.217200893
2022,all,production,birch,5A-5B,1.249166684,kha,0.35352345
2022,all,production,birch,all,529.861936776,kha,0.025033695
2022,all,production,black alder,1,29.541933281,kha,0.081987886
2022,all,production,black alder,1A,3.034179032,kha,0.22989661
2022,all,production,black alder,2,26.162547035,kha,0.090941166
2022,all,production,black alder,3,7.406090667,kha,0.164286694
2022,all,production,black alder,4,0.80502547,kha,0.428146841
2022,all,production,black alder,5,,kha,0.0
2022,all,production,black alder,5A-5B,,kha,0.0
2022,all,production,black alder,all,66.949775485,kha,0.063194288
2022,all,production,grey alder,1,124.640415214,kha,0.045852916
2022,all,production,grey alder,1A,17.598510081,kha,0.108129146
2022,all,production,grey alder,2,47.385654782,kha,0.063042386
2022,all,production,grey alder,3,8.753238863,kha,0.159983059
2022,all,production,grey alder,4,1.493925281,kha,0.340424234
2022,all,production,grey alder,5,,kha,0.0
2022,all,production,grey alder,5A-5B,,kha,0.0
2022,all,production,grey alder,all,199.871744222,kha,0.038101289
2022,all,production,other,1,10.834085111,kha,0.127124551
2022,all,production,other,1A,5.41388841,kha,0.181813672
2022,all,production,other,2,4.828575745,kha,0.177716103
2022,all,production,other,3,3.369611516,kha,0.235935165
2022,all,production,other,4,2.172285249,kha,0.290556138
2022,all,production,other,5,0.312291671,kha,0.707164834
2022,all,production,other,5A-5B,,kha,0.0
2022,all,production,other,all,26.930737702,kha,0.086899711
2022,all,production,pine,1,118.581785035,kha,0.048012697
2022,all,production,pine,1A,39.062098029,kha,0.081270321
2022,all,production,pine,2,130.766687769,kha,0.044584385
2022,all,production,pine,3,89.079325421,kha,0.052134037
2022,all,production,pine,4,44.301587155,kha,0.074778161
2022,all,production,pine,5,26.288650412,kha,0.093996981
2022,all,production,pine,5A-5B,22.163339896,kha,0.129588736
2022,all,production,pine,all,470.243473718,kha,0.029751391
2022,all,production,spruce,1,117.776275513,kha,0.042497515
2022,all,production,spruce,1A,121.096107737,kha,0.044928479
2022,all,production,spruce,2,41.847614819,kha,0.066152514
2022,all,production,spruce,3,12.613304449,kha,0.123185296
2022,all,production,spruce,4,3.877038638,kha,0.212478517
2022,all,production,spruce,5,0.936875013,kha,0.408271856
2022,all,production,spruce,5A-5B,0.156145836,kha,1.000009621
2022,all,production,spruce,all,298.303362004,kha,0.031688532
2022,all,protected,aspen,1,9.056911284,kha,0.154479367
2022,all,protected,aspen,1A,10.197509769,kha,0.159845978
2022,all,protected,aspen,2,2.654479204,kha,0.294076715
2022,all,protected,aspen,3,0.780729178,kha,0.446994085
2022,all,protected,aspen,4,0.156145836,kha,1.000009619
2022,all,protected,aspen,5,0.156145836,kha,1.000009621
2022,all,protected,aspen,5A-5B,,kha,0.0
2022,all,protected,aspen,all,23.001921105,kha,0.107912078
2022,all,protected,birch,1,25.496116609,kha,0.10338634
2022,all,protected,birch,1A,12.298545673,kha,0.153122748
2022,all,protected,birch,2,27.256754592,kha,0.116001089
2022,all,protected,birch,3,18.361985144,kha,0.12182999
2022,all,protected,birch,4,9.972050797,kha,0.183933777
2022,all,protected,birch,5,3.903645888,kha,0.25618917
2022,all,protected,birch,5A-5B,0.780729178,kha,0.600016033
2022,all,protected,birch,all,98.069827881,kha,0.071720454
2022,all,protected,black alder,1,7.970183112,kha,0.194767118
2022,all,protected,black alder,1A,0.624583342,kha,0.500050668
2022,all,protected,black alder,2,7.693851827,kha,0.195942582
2022,all,protected,black alder,3,1.7869954,kha,0.350240487
2022,all,protected,black alder,4,0.312291671,kha,1.000009621
2022,all,protected,black alder,5,0.468437507,kha,0.577366932
2022,all,protected,black alder,5A-5B,0.156145836,kha,0.999919814
2022,all,protected,black alder,all,19.012488695,kha,0.138853824
2022,all,protected,grey alder,1,5.915288302,kha,0.155439046
2022,all,protected,grey alder,1A,0.312291671,kha,0.706917162
2022,all,protected,grey alder,2,4.362636572,kha,0.197629045
2022,all,protected,grey alder,3,1.025316014,kha,0.452411085
2022,all,protected,grey alder,4,0.156145836,kha,0.999928795
2022,all,protected,grey alder,5,,kha,0.0
2022,all,protected,grey alder,5A-5B,,kha,0.0
2022,all,protected,grey alder,all,11.771678395,kha,0.135610671
2022,all,protected,pine,1,28.601154622,kha,0.100952279
2022,all,protected,pine,1A,4.634314711,kha,0.211698692
2022,all,protected,pine,2,37.621605853,kha,0.099642233
2022,all,protected,pine,3,35.498225479,kha,0.088561875
2022,all,protected,pine,4,30.658110557,kha,0.108234557
2022,all,protected,pine,5,23.126509867,kha,0.108763654
2022,all,protected,pine,5A-5B,27.944904904,kha,0.120510025
2022,all,protected,pine,all,188.084825993,kha,0.0590859
2022,all,protected,spruce,1,21.538085126,kha,0.112458742
2022,all,protected,spruce,1A,20.389367058,kha,0.125190762
2022,all,protected,spruce,2,13.539514701,kha,0.128594013
2022,all,protected,spruce,3,4.309422071,kha,0.205876392
2022,all,protected,spruce,4,2.966770875,kha,0.235201521
2022,all,protected,spruce,5,0.468437507,kha,0.5774758
2022,all,protected,spruce,5A-5B,,kha,0.0
2022,all,protected,spruce,all,63.211597338,kha,0.080707519
2022,other,production,aspen,1,45.553829913,kha,0.064837081
2022,other,production,aspen,1A,20.420455694,kha,0.090036813
2022,other,production,aspen,2,11.908103011,kha,0.126323006
2022,other,production,aspen,3,1.717604191,kha,0.308300395
2022,other,production,aspen,4,0.312291671,kha,0.707120387
2022,other,production,aspen,5,0.156145836,kha,0.999794069
2022,other,production,aspen,5A-5B,,kha,0.0
2022,other,production,aspen,all,80.068430315,kha,0.051749405
2022,other,production,birch,1,137.875180088,kha,0.041561034
2022,other,production,birch,1A,42.38093092,kha,0.078143641
2022,other,production,birch,2,106.240330486,kha,0.04835019
2022,other,production,birch,3,53.529649889,kha,0.066145159
2022,other,production,birch,4,9.222472713,kha,0.146134386
2022,other,production,birch,5,2.970986813,kha,0.264662151
2022,other,production,birch,5A-5B,0.780729178,kha,0.447162815
2022,other,production,birch,all,353.000280087,kha,0.029824673
2022,other,production,black alder,1,19.490076347,kha,0.097669351
2022,other,production,black alder,1A,2.084609363,kha,0.274713407
2022,other,production,black alder,2,20.40787034,kha,0.102750034
2022,other,production,black alder,3,6.376433798,kha,0.174136272
2022,other,production,black alder,4,0.507676955,kha,0.538119651
2022,other,production,black alder,5,,kha,0.0
2022,other,production,black alder,5A-5B,,kha,0.0
2022,other,production,black alder,all,48.866666803,kha,0.072100942
2022,other,production,grey alder,1,110.534543953,kha,0.049882549
2022,other,production,grey alder,1A,16.078758279,kha,0.114470828
2022,other,production,grey alder,2,41.279759259,kha,0.067050445
2022,other,production,grey alder,3,7.516189095,kha,0.174320974
2022,other,production,grey alder,4,1.18163361,kha,0.387690684
2022,other,production,grey alder,5,,kha,0.0
2022,other,production,grey alder,5A-5B,,kha,0.0
2022,other,production,grey alder,all,176.590884196,kha,0.041323954
2022,other,production,other,1,10.111254809,kha,0.129581823
2022,other,production,other,1A,4.081870745,kha,0.207856612
2022,other,production,other,2,4.375018937,kha,0.180534957
2022,other,production,other,3,2.90117401,kha,0.227947416
2022,other,production,other,4,2.016139414,kha,0.308224102
2022,other,production,other,5,0.312291671,kha,0.707164834
2022,other,production,other,5A-5B,,kha,0.0
2022,other,production,other,all,23.797749585,kha,0.087593962
2022,other,production,pine,1,51.925907242,kha,0.067403732
2022,other,production,pine,1A,19.885218999,kha,0.098533305
2022,other,production,pine,2,64.688206047,kha,0.058118749
2022,other,production,pine,3,44.199920602,kha,0.068527371
2022,other,production,pine,4,20.536628196,kha,0.100813423
2022,other,production,pine,5,11.405188504,kha,0.128018997
2022,other,production,pine,5A-5B,5.948172615,kha,0.206676294
2022,other,production,pine,all,218.589242204,kha,0.040113075
2022,other,production,spruce,1,63.933490765,kha,0.052596376
2022,other,production,spruce,1A,58.82277511,kha,0.058565701
2022,other,production,spruce,2,26.186265588,kha,0.08661896
2022,other,production,spruce,3,6.96953814,kha,0.161847339
2022,other,production,spruce,4,2.159434447,kha,0.279002845
2022,other,production,spruce,5,0.780729178,kha,0.447235108
2022,other,production,spruce,5A-5B,0.156145836,kha,1.000009621
2022,other,production,spruce,all,159.008379063,kha,0.039701792
2022,other,protected,aspen,1,1.457137323,kha,0.356999126
2022,other,protected,aspen,1A,1.218640173,kha,0.397999375
2022,other,protected,aspen,2,1.249166684,kha,0.395178399
2022,other,protected,aspen,3,0.468437507,kha,0.576972764
2022,other,protected,aspen,4,0.156145836,kha,1.000009619
2022,other,protected,aspen,5,,kha,0.0
2022,other,protected,aspen,5A-5B,,kha,0.0
2022,other,protected,aspen,all,4.549527522,kha,0.220216337
2022,other,protected,birch,1,3.157300024,kha,0.233596659
2022,other,protected,birch,1A,0.916419909,kha,0.408802765
2022,other,protected,birch,2,4.794426651,kha,0.200840405
2022,other,protected,birch,3,2.6812426,kha,0.254051674
2022,other,protected,birch,4,1.338513331,kha,0.358849998
2022,other,protected,birch,5,0.156145836,kha,1.000009619
2022,other,protected,birch,5A-5B,,kha,0.0
2022,other,protected,birch,all,13.04404835,kha,0.129241342
2022,other,protected,black alder,1,1.908414402,kha,0.353753415
2022,other,protected,black alder,1A,0.156145836,kha,1.00007248
2022,other,protected,black alder,2,1.561458355,kha,0.424019972
2022,other,protected,black alder,3,0.624583342,kha,0.499444191
2022,other,protected,black alder,4,,kha,0.0
2022,other,protected,black alder,5,,kha,0.0
2022,other,protected,black alder,5A-5B,,kha,0.0
2022,other,protected,black alder,all,4.250601935,kha,0.269200594
2022,other,protected,grey alder,1,1.801048525,kha,0.289784342
2022,other,protected,grey alder,1A,0.156145836,kha,0.999722211
2022,other,protected,grey alder,2,1.663031221,kha,0.30305087
2022,other,protected,grey alder,3,0.244586837,kha,0.733942428
2022,other,protected,grey alder,4,0.156145836,kha,0.999928795
2022,other,protected,grey alder,5,,kha,0.0
2022,other,protected,grey alder,5A-5B,,kha,0.0
2022,other,protected,grey alder,all,4.020958255,kha,0.222699025
2022,other,protected,pine,1,2.903438124,kha,0.242350236
2022,other,protected,pine,1A,0.468437507,kha,0.577558731
2022,other,protected,pine,2,4.09667337,kha,0.243837489
2022,other,protected,pine,3,5.251403053,kha,0.201128175
2022,other,protected,pine,4,3.199209566,kha,0.297785349
2022,other,protected,pine,5,1.909257589,kha,0.360448524
2022,other,protected,pine,5A-5B,3.122916711,kha,0.346418491
2022,other,protected,pine,all,20.95133592,kha,0.15275274
2022,other,protected,spruce,1,3.322814609,kha,0.235375162
2022,other,protected,spruce,1A,1.509649167,kha,0.310147291
2022,other,protected,spruce,2,2.405520284,kha,0.268250072
2022,other,protected,spruce,3,0.753965781,kha,0.397917042
2022,other,protected,spruce,4,0.468437507,kha,0.577180255
2022,other,protected,spruce,5,,kha,0.0
2022,other,protected,spruce,5A-5B,,kha,0.0
2022,other,protected,spruce,all,8.460387348,kha,0.162829632
2023,State Forest Management Centre,production,aspen,1,14.04923166,kha,0.138221629
2023,State Forest Management Centre,production,aspen,1A,11.335719906,kha,0.12725113
2023,State Forest Management Centre,production,aspen,2,3.479037895,kha,0.252117932
2023,State Forest Management Centre,production,aspen,3,0.467658716,kha,0.577325184
2023,State Forest Management Centre,production,aspen,4,,kha,0.0
2023,State Forest Management Centre,production,aspen,5,,kha,0.0
2023,State Forest Management Centre,production,aspen,5A-5B,,kha,0.0
2023,State Forest Management Centre,production,aspen,all,29.331648176,kha,0.092632344
2023,State Forest Management Centre,production,birch,1,73.841440562,kha,0.070053962
2023,State Forest Management Centre,production,birch,1A,19.204561043,kha,0.101669385
2023,State Forest Management Centre,production,birch,2,52.698995333,kha,0.068282091
2023,State Forest Management Centre,production,birch,3,20.478447796,kha,0.122499154
2023,State Forest Management Centre,production,birch,4,8.459416152,kha,0.166728053
2023,State Forest Management Centre,production,birch,5,2.268986556,kha,0.294082979
2023,State Forest Management Centre,production,birch,5A-5B,0.467658716,kha,0.577366592
2023,State Forest Management Centre,production,birch,all,177.419506159,kha,0.048936
2023,State Forest Management Centre,production,black alder,1,10.227696111,kha,0.152570054
2023,State Forest Management Centre,production,black alder,1A,1.09120367,kha,0.378009736
2023,State Forest Management Centre,production,black alder,2,5.609644237,kha,0.172523998
2023,State Forest Management Centre,production,black alder,3,0.795846014,kha,0.459609964
2023,State Forest Management Centre,production,black alder,4,0.296854164,kha,0.707626669
2023,State Forest Management Centre,production,black alder,5,,kha,0.0
2023,State Forest Management Centre,production,black alder,5A-5B,,kha,0.0
2023,State Forest Management Centre,production,black alder,all,18.021244195,kha,0.11637672
2023,State Forest Management Centre,production,grey alder,1,12.857029296,kha,0.126562872
2023,State Forest Management Centre,production,grey alder,1A,1.778054025,kha,0.29106231
2023,State Forest Management Centre,production,grey alder,2,6.488686736,kha,0.167915598
2023,State Forest Management Centre,production,grey alder,3,1.546765613,kha,0.316484504
2023,State Forest Management Centre,production,grey alder,4,0.311772477,kha,0.707088411
2023,State Forest Management Centre,production,grey alder,5,,kha,0.0
2023,State Forest Management Centre,production,grey alder,5A-5B,,kha,0.0
2023,State Forest Management Centre,production,grey alder,all,22.982308148,kha,0.098499855
2023,State Forest Management Centre,production,other,1,0.900133907,kha,0.478956894
2023,State Forest Management Centre,production,other,1A,1.079948683,kha,0.417934709
2023,State Forest Management Centre,production,other,2,0.647613789,kha,0.446388493
2023,State Forest Management Centre,production,other,3,0.623544954,kha,0.61197045
2023,State Forest Management Centre,production,other,4,0.155886239,kha,1.000009423
2023,State Forest Management Centre,production,other,5,,kha,0.0
2023,State Forest Management Centre,production,other,5A-5B,,kha,0.0
2023,State Forest Management Centre,production,other,all,3.407127573,kha,0.275044277
2023,State Forest Management Centre,production,pine,1,62.849418635,kha,0.070197086
2023,State Forest Management Centre,production,pine,1A,17.402329062,kha,0.122456034
2023,State Forest Management Centre,production,pine,2,64.538025137,kha,0.068653619
2023,State Forest Management Centre,production,pine,3,43.821180516,kha,0.081089904
2023,State Forest Management Centre,production,pine,4,22.770287275,kha,0.102187616
2023,State Forest Management Centre,production,pine,5,15.189399197,kha,0.134696015
2023,State Forest Management Centre,production,pine,5A-5B,16.709352378,kha,0.140044258
2023,State Forest Management Centre,production,pine,all,243.279992201,kha,0.045679542
2023,State Forest Management Centre,production,spruce,1,53.305985169,kha,0.068962032
2023,State Forest Management Centre,production,spruce,1A,61.058020748,kha,0.074906538
2023,State Forest Management Centre,production,spruce,2,15.037955717,kha,0.108858961
2023,State Forest Management Centre,production,spruce,3,5.774150985,kha,0.187023405
2023,State Forest Management Centre,production,spruce,4,1.558862385,kha,0.315925724
2023,State Forest Management Centre,production,spruce,5,0.155886239,kha,1.000009424
2023,State Forest Management Centre,production,spruce,5A-5B,,kha,0.0
2023,State Forest Management Centre,production,spruce,all,136.890861242,kha,0.054169611
2023,State Forest Management Centre,protected,aspen,1,7.431252878,kha,0.180050095
2023,State Forest Management Centre,protected,aspen,1A,9.466784203,kha,0.174200244
2023,State Forest Management Centre,protected,aspen,2,1.402976147,kha,0.368471859
2023,State Forest Management Centre,protected,aspen,3,0.311772477,kha,0.707221528
2023,State Forest Management Centre,protected,aspen,4,,kha,0.0
2023,State Forest Management Centre,protected,aspen,5,,kha,0.0
2023,State Forest Management Centre,protected,aspen,5A-5B,,kha,0.0
2023,State Forest Management Centre,protected,aspen,all,18.612785705,kha,0.127337105
2023,State Forest Management Centre,protected,birch,1,22.864426975,kha,0.113230289
2023,State Forest Management Centre,protected,birch,1A,12.766178796,kha,0.145426908
2023,State Forest Management Centre,protected,birch,2,21.879381833,kha,0.121799355
2023,State Forest Management Centre,protected,birch,3,16.170095113,kha,0.133208599
2023,State Forest Management Centre,protected,birch,4,8.417856881,kha,0.200297434
2023,State Forest Management Centre,protected,birch,5,4.520700918,kha,0.220866661
2023,State Forest Management Centre,protected,birch,5A-5B,0.935317431,kha,0.471424513
2023,State Forest Management Centre,protected,birch,all,87.553957947,kha,0.074931408
2023,State Forest Management Centre,protected,black alder,1,6.207577082,kha,0.218100278
2023,State Forest Management Centre,protected,black alder,1A,0.623544954,kha,0.500018846
2023,State Forest Management Centre,protected,black alder,2,6.310727006,kha,0.207116588
2023,State Forest Management Centre,protected,black alder,3,1.495416686,kha,0.418445427
2023,State Forest Management Centre,protected,black alder,4,0.467658716,kha,0.745368635
2023,State Forest Management Centre,protected,black alder,5,0.467658716,kha,0.577366592
2023,State Forest Management Centre,protected,black alder,5A-5B,0.155886239,kha,0.999857007
2023,State Forest Management Centre,protected,black alder,all,15.728469399,kha,0.149464943
2023,State Forest Management Centre,protected,grey alder,1,3.447315045,kha,0.203869097
2023,State Forest Management Centre,protected,grey alder,1A,0.155886239,kha,1.000009428
2023,State Forest Management Centre,protected,grey alder,2,3.155496006,kha,0.241917028
2023,State Forest Management Centre,protected,grey alder,3,0.623544954,kha,0.612387827
2023,State Forest Management Centre,protected,grey alder,4,,kha,0.0
2023,State Forest Management Centre,protected,grey alder,5,,kha,0.0
2023,State Forest Management Centre,protected,grey alder,5A-5B,,kha,0.0
2023,State Forest Management Centre,protected,grey alder,all,7.382242244,kha,0.175557001
2023,State Forest Management Centre,protected,pine,1,26.393629061,kha,0.106966032
2023,State Forest Management Centre,protected,pine,1A,4.162864057,kha,0.22542414
2023,State Forest Management Centre,protected,pine,2,34.886358102,kha,0.111798882
2023,State Forest Management Centre,protected,pine,3,31.678796092,kha,0.099769646
2023,State Forest Management Centre,protected,pine,4,27.695201209,kha,0.107455542
2023,State Forest Management Centre,protected,pine,5,20.847040807,kha,0.107389739
2023,State Forest Management Centre,protected,pine,5A-5B,25.248379632,kha,0.127291217
2023,State Forest Management Centre,protected,pine,all,170.912268961,kha,0.063377285
2023,State Forest Management Centre,protected,spruce,1,16.749820445,kha,0.1163953
2023,State Forest Management Centre,protected,spruce,1A,18.274917871,kha,0.134919149
2023,State Forest Management Centre,protected,spruce,2,12.055976682,kha,0.14102785
2023,State Forest Management Centre,protected,spruce,3,3.931482113,kha,0.227089322
2023,State Forest Management Centre,protected,spruce,4,2.494179817,kha,0.257556685
2023,State Forest Management Centre,protected,spruce,5,0.467658716,kha,0.57755807
2023,State Forest Management Centre,protected,spruce,5A-5B,,kha,0.0
2023,State Forest Management Centre,protected,spruce,all,53.974035644,kha,0.087023301
2023,all,production,aspen,1,59.979802402,kha,0.057088722
2023,all,production,aspen,1A,33.51142589,kha,0.07194165
2023,all,production,aspen,2,16.031668133,kha,0.119672469
2023,all,production,aspen,3,3.117724771,kha,0.257164294
2023,all,production,aspen,4,0.467658716,kha,0.577283772
2023,all,production,aspen,5,0.155886239,kha,0.999785269
2023,all,production,aspen,5A-5B,,kha,0.0
2023,all,production,aspen,all,113.264166149,kha,0.044760815
2023,all,production,birch,1,212.539023309,kha,0.036128386
2023,all,production,birch,1A,65.071904327,kha,0.062032723
2023,all,production,birch,2,158.75228498,kha,0.039188473
2023,all,production,birch,3,74.00050688,kha,0.057961974
2023,all,production,birch,4,19.131575106,kha,0.106644648
2023,all,production,birch,5,6.01446521,kha,0.20193625
2023,all,production,birch,5A-5B,1.247089908,kha,0.353580047
2023,all,production,birch,all,536.75684972,kha,0.024617401
2023,all,production,black alder,1,29.289060055,kha,0.081751502
2023,all,production,black alder,1A,3.426660118,kha,0.215029758
2023,all,production,black alder,2,25.47347936,kha,0.09118662
2023,all,production,black alder,3,7.948701658,kha,0.157993533
2023,all,production,black alder,4,0.95957333,kha,0.393464681
2023,all,production,black alder,5,,kha,0.0
2023,all,production,black alder,5A-5B,,kha,0.0
2023,all,production,black alder,all,67.097474522,kha,0.062607703
2023,all,production,grey alder,1,124.136545388,kha,0.044437672
2023,all,production,grey alder,1A,16.636724979,kha,0.112016973
2023,all,production,grey alder,2,52.014561214,kha,0.060697731
2023,all,production,grey alder,3,9.296696728,kha,0.155589807
2023,all,production,grey alder,4,1.647327826,kha,0.326379615
2023,all,production,grey alder,5,0.155886239,kha,1.000009424
2023,all,production,grey alder,5A-5B,,kha,0.0
2023,all,production,grey alder,all,203.887742374,kha,0.036541473
2023,all,production,other,1,11.306350938,kha,0.123598149
2023,all,production,other,1A,4.687374484,kha,0.196457546
2023,all,production,other,2,5.713043579,kha,0.1818255
2023,all,production,other,3,3.29297208,kha,0.224347603
2023,all,production,other,4,2.012787523,kha,0.298248392
2023,all,production,other,5,0.155886239,kha,1.000072178
2023,all,production,other,5A-5B,,kha,0.0
2023,all,production,other,all,27.168414843,kha,0.085184528
2023,all,production,pine,1,114.307715396,kha,0.04842404
2023,all,production,pine,1A,35.421811743,kha,0.087143343
2023,all,production,pine,2,125.771293194,kha,0.04652119
2023,all,production,pine,3,89.210888365,kha,0.053813043
2023,all,production,pine,4,44.906429332,kha,0.072498671
2023,all,production,pine,5,27.234884736,kha,0.09309334
2023,all,production,pine,5A-5B,22.945674882,kha,0.121259754
2023,all,production,pine,all,459.798697648,kha,0.029739685
2023,all,production,spruce,1,116.879058901,kha,0.042363745
2023,all,production,spruce,1A,118.848821822,kha,0.046579832
2023,all,production,spruce,2,41.599941915,kha,0.067342094
2023,all,production,spruce,3,13.050795891,kha,0.117322476
2023,all,production,spruce,4,3.62555537,kha,0.22139729
2023,all,production,spruce,5,0.935317431,kha,0.408271375
2023,all,production,spruce,5A-5B,0.21704041,kha,0.77148683
2023,all,production,spruce,all,295.15653174,kha,0.031790199
2023,all,protected,aspen,1,9.041853905,kha,0.153343198
2023,all,protected,aspen,1A,11.618715783,kha,0.153601783
2023,all,protected,aspen,2,2.961838532,kha,0.278325528
2023,all,protected,aspen,3,0.623544954,kha,0.499678066
2023,all,protected,aspen,4,0.155886239,kha,1.000009423
2023,all,protected,aspen,5,,kha,0.0
2023,all,protected,aspen,5A-5B,,kha,0.0
2023,all,protected,aspen,all,24.401839414,kha,0.109147149
2023,all,protected,birch,1,26.018145878,kha,0.101431103
2023,all,protected,birch,1A,13.525188892,kha,0.141912601
2023,all,protected,birch,2,26.93748497,kha,0.107752266
2023,all,protected,birch,3,19.482677682,kha,0.117839555
2023,all,protected,birch,4,10.111358211,kha,0.185608741
2023,all,protected,birch,5,4.520700918,kha,0.220866661
2023,all,protected,birch,5A-5B,0.935317431,kha,0.471424513
2023,all,protected,birch,all,101.530873981,kha,0.067259211
2023,all,protected,black alder,1,8.4964859,kha,0.195898668
2023,all,protected,black alder,1A,0.779431193,kha,0.44726273
2023,all,protected,black alder,2,8.02547563,kha,0.190636312
2023,all,protected,black alder,3,2.274847879,kha,0.329204213
2023,all,protected,black alder,4,0.467658716,kha,0.745368635
2023,all,protected,black alder,5,0.467658716,kha,0.577366592
2023,all,protected,black alder,5A-5B,0.155886239,kha,0.999857007
2023,all,protected,black alder,all,20.667444272,kha,0.13689578
2023,all,protected,grey alder,1,5.289048599,kha,0.165826859
2023,all,protected,grey alder,1A,0.311772477,kha,0.706917227
2023,all,protected,grey alder,2,4.850026185,kha,0.19051695
2023,all,protected,grey alder,3,0.867725158,kha,0.486194545
2023,all,protected,grey alder,4,0.311772477,kha,0.706847469
2023,all,protected,grey alder,5,,kha,0.0
2023,all,protected,grey alder,5A-5B,,kha,0.0
2023,all,protected,grey alder,all,11.630344896,kha,0.137812299
2023,all,protected,pine,1,28.420150162,kha,0.101537586
2023,all,protected,pine,1A,4.56972714,kha,0.211941333
2023,all,protected,pine,2,39.287993111,kha,0.103425625
2023,all,protected,pine,3,36.647701123,kha,0.092370376
2023,all,protected,pine,4,31.333570428,kha,0.104564001
2023,all,protected,pine,5,23.170244597,kha,0.103024611
2023,all,protected,pine,5A-5B,27.742559449,kha,0.119260685
2023,all,protected,pine,all,191.17194601,kha,0.059551503
2023,all,protected,spruce,1,19.847997082,kha,0.107618666
2023,all,protected,spruce,1A,20.591309433,kha,0.123243975
2023,all,protected,spruce,2,14.39427026,kha,0.129542958
2023,all,protected,spruce,3,4.840080643,kha,0.197175154
2023,all,protected,spruce,4,2.961838532,kha,0.235182993
2023,all,protected,spruce,5,0.467658716,kha,0.57755807
2023,all,protected,spruce,5A-5B,,kha,0.0
2023,all,protected,spruce,all,63.103154666,kha,0.079425474
2023,other,production,aspen,1,45.930570742,kha,0.062793854
2023,other,production,aspen,1A,22.175705984,kha,0.086265153
2023,other,production,aspen,2,12.552630238,kha,0.12689177
2023,other,production,aspen,3,2.650066055,kha,0.278787901
2023,other,production,aspen,4,0.467658716,kha,0.577283772
2023,other,production,aspen,5,0.155886239,kha,0.999785269
2023,other,production,aspen,5A-5B,,kha,0.0
2023,other,production,aspen,all,83.932517974,kha,0.051305911
2023,other,production,birch,1,138.697582746,kha,0.04159071
2023,other,production,birch,1A,45.867343284,kha,0.075355142
2023,other,production,birch,2,106.053289647,kha,0.047256631
2023,other,production,birch,3,53.522059084,kha,0.064842984
2023,other,production,birch,4,10.672158954,kha,0.137316817
2023,other,production,birch,5,3.745478653,kha,0.250953256
2023,other,production,birch,5A-5B,0.779431193,kha,0.44723467
2023,other,production,birch,all,359.337343561,kha,0.029286081
2023,other,production,black alder,1,19.061363945,kha,0.097142354
2023,other,production,black alder,1A,2.335456449,kha,0.257168786
2023,other,production,black alder,2,19.863835123,kha,0.103899765
2023,other,production,black alder,3,7.152855644,kha,0.165926956
2023,other,production,black alder,4,0.662719166,kha,0.473797133
2023,other,production,black alder,5,,kha,0.0
2023,other,production,black alder,5A-5B,,kha,0.0
2023,other,production,black alder,all,49.076230327,kha,0.072137484
2023,other,production,grey alder,1,111.279516092,kha,0.047589343
2023,other,production,grey alder,1A,14.858670954,kha,0.119374131
2023,other,production,grey alder,2,45.525874478,kha,0.065099099
2023,other,production,grey alder,3,7.749931115,kha,0.17024115
2023,other,production,grey alder,4,1.335555349,kha,0.367178251
2023,other,production,grey alder,5,0.155886239,kha,1.000009424
2023,other,production,grey alder,5A-5B,,kha,0.0
2023,other,production,grey alder,all,180.905434226,kha,0.039256495
2023,other,production,other,1,10.406217031,kha,0.125971315
2023,other,production,other,1A,3.607425801,kha,0.222564525
2023,other,production,other,2,5.06542979,kha,0.187230936
2023,other,production,other,3,2.669427126,kha,0.23723457
2023,other,production,other,4,1.856901285,kha,0.323285249
2023,other,production,other,5,0.155886239,kha,1.000072178
2023,other,production,other,5A-5B,,kha,0.0
2023,other,production,other,all,23.761287271,kha,0.087360362
2023,other,production,pine,1,51.458296761,kha,0.06347444
2023,other,production,pine,1A,18.019482681,kha,0.104580792
2023,other,production,pine,2,61.233268057,kha,0.061899636
2023,other,production,pine,3,45.389707849,kha,0.071127752
2023,other,production,pine,4,22.136142057,kha,0.099643552
2023,other,production,pine,5,12.045485538,kha,0.123305263
2023,other,production,pine,5A-5B,6.236322505,kha,0.198977232
2023,other,production,pine,all,216.518705447,kha,0.03958053
2023,other,production,spruce,1,63.573073732,kha,0.052604607
2023,other,production,spruce,1A,57.790801074,kha,0.057994374
2023,other,production,spruce,2,26.561986198,kha,0.084638859
2023,other,production,spruce,3,7.276644906,kha,0.143531996
2023,other,production,spruce,4,2.066692985,kha,0.287833642
2023,other,production,spruce,5,0.779431193,kha,0.447234669
2023,other,production,spruce,5A-5B,0.21704041,kha,0.77148683
2023,other,production,spruce,all,158.265670498,kha,0.038788134
2023,other,protected,aspen,1,1.610601028,kha,0.336502739
2023,other,protected,aspen,1A,2.15193158,kha,0.304375983
2023,other,protected,aspen,2,1.558862385,kha,0.346183666
2023,other,protected,aspen,3,0.311772477,kha,0.706536659
2023,other,protected,aspen,4,0.155886239,kha,1.000009423
2023,other,protected,aspen,5,,kha,0.0
2023,other,protected,aspen,5A-5B,,kha,0.0
2023,other,protected,aspen,all,5.789053709,kha,0.19984488
2023,other,protected,birch,1,3.153718903,kha,0.224133723
2023,other,protected,birch,1A,0.759010095,kha,0.44790663
2023,other,protected,birch,2,5.058103136,kha,0.197998606
2023,other,protected,birch,3,3.312582569,kha,0.236058918
2023,other,protected,birch,4,1.69350133,kha,0.352667664
2023,other,protected,birch,5,,kha,0.0
2023,other,protected,birch,5A-5B,,kha,0.0
2023,other,protected,birch,all,13.976916034,kha,0.131708796
2023,other,protected,black alder,1,2.288908818,kha,0.353167528
2023,other,protected,black alder,1A,0.155886239,kha,1.000072178
2023,other,protected,black alder,2,1.714748624,kha,0.396349016
2023,other,protected,black alder,3,0.779431193,kha,0.528673132
2023,other,protected,black alder,4,,kha,0.0
2023,other,protected,black alder,5,,kha,0.0
2023,other,protected,black alder,5A-5B,,kha,0.0
2023,other,protected,black alder,all,4.938974873,kha,0.254355105
2023,other,protected,grey alder,1,1.841733554,kha,0.288946172
2023,other,protected,grey alder,1A,0.155886239,kha,0.999722499
2023,other,protected,grey alder,2,1.694530179,kha,0.293573172
2023,other,protected,grey alder,3,0.244180204,kha,0.733941771
2023,other,protected,grey alder,4,0.311772477,kha,0.706847469
2023,other,protected,grey alder,5,,kha,0.0
2023,other,protected,grey alder,5A-5B,,kha,0.0
2023,other,protected,grey alder,all,4.248102652,kha,0.220524917
2023,other,protected,pine,1,2.026521101,kha,0.297779785
2023,other,protected,pine,1A,0.406863083,kha,0.590013616
2023,other,protected,pine,2,4.401635009,kha,0.218072073
2023,other,protected,pine,3,4.968905031,kha,0.214666785
2023,other,protected,pine,4,3.638369219,kha,0.365370954
2023,other,protected,pine,5,2.32320379,kha,0.317036224
2023,other,protected,pine,5A-5B,2.494179817,kha,0.353505556
2023,other,protected,pine,all,20.259677049,kha,0.154127559
2023,other,protected,spruce,1,3.098176637,kha,0.24371802
2023,other,protected,spruce,1A,2.316391562,kha,0.248753996
2023,other,protected,spruce,2,2.338293578,kha,0.274475004
2023,other,protected,spruce,3,0.90859853,kha,0.371472976
2023,other,protected,spruce,4,0.467658716,kha,0.577180229
2023,other,protected,spruce,5,,kha,0.0
2023,other,protected,spruce,5A-5B,,kha,0.0
2023,other,protected,spruce,all,9.129119022,kha,0.149900597
2024,State Forest Management Centre,production,aspen,1,14.948704706,kha,0.120895844
2024,State Forest Management Centre,production,aspen,1A,9.870595745,kha,0.134017784
2024,State Forest Management Centre,production,aspen,2,4.419530492,kha,0.259804065
2024,State Forest Management Centre,production,aspen,3,0.468028476,kha,0.577372009
2024,State Forest Management Centre,production,aspen,4,0.156009492,kha,1.000009561
2024,State Forest Management Centre,production,aspen,5,,kha,0.0
2024,State Forest Management Centre,production,aspen,5A-5B,,kha,0.0
2024,State Forest Management Centre,production,aspen,all,29.86286891,kha,0.090070965
2024,State Forest Management Centre,production,birch,1,71.777861093,kha,0.069727979
2024,State Forest Management Centre,production,birch,1A,19.03428128,kha,0.103964278
2024,State Forest Management Centre,production,birch,2,52.404539986,kha,0.070238083
2024,State Forest Management Centre,production,birch,3,22.117886892,kha,0.116993358
2024,State Forest Management Centre,production,birch,4,8.622114185,kha,0.179977032
2024,State Forest Management Centre,production,birch,5,2.270780558,kha,0.309676335
2024,State Forest Management Centre,production,birch,5A-5B,0.468028476,kha,0.577366829
2024,State Forest Management Centre,production,birch,all,176.695492469,kha,0.04810389
2024,State Forest Management Centre,production,black alder,1,11.847906848,kha,0.143929643
2024,State Forest Management Centre,production,black alder,1A,1.092066443,kha,0.364263044
2024,State Forest Management Centre,production,black alder,2,5.654486029,kha,0.167401931
2024,State Forest Management Centre,production,black alder,3,1.264503735,kha,0.399839144
2024,State Forest Management Centre,production,black alder,4,0.297088875,kha,0.708012634
2024,State Forest Management Centre,production,black alder,5,,kha,0.0
2024,State Forest Management Centre,production,black alder,5A-5B,,kha,0.0
2024,State Forest Management Centre,production,black alder,all,20.15605193,kha,0.10972282
2024,State Forest Management Centre,production,grey alder,1,12.853684441,kha,0.129210451
2024,State Forest Management Centre,production,grey alder,1A,2.091478849,kha,0.263145555
2024,State Forest Management Centre,production,grey alder,2,8.227644185,kha,0.170417021
2024,State Forest Management Centre,production,grey alder,3,1.906264381,kha,0.282856864
2024,State Forest Management Centre,production,grey alder,4,0.468028476,kha,0.577340927
2024,State Forest Management Centre,production,grey alder,5,,kha,0.0
2024,State Forest Management Centre,production,grey alder,5A-5B,,kha,0.0
2024,State Forest Management Centre,production,grey alder,all,25.547100331,kha,0.094864908
2024,State Forest Management Centre,production,other,1,1.295206403,kha,0.379482248
2024,State Forest Management Centre,production,other,1A,1.179306951,kha,0.344561218
2024,State Forest Management Centre,production,other,2,0.492116341,kha,0.49516571
2024,State Forest Management Centre,production,other,3,0.503567438,kha,0.519331894
2024,State Forest Management Centre,production,other,4,0.156009492,kha,1.000009559
2024,State Forest Management Centre,production,other,5,,kha,0.0
2024,State Forest Management Centre,production,other,5A-5B,,kha,0.0
2024,State Forest Management Centre,production,other,all,3.626206625,kha,0.222149249
2024,State Forest Management Centre,production,pine,1,62.154259576,kha,0.070816472
2024,State Forest Management Centre,production,pine,1A,15.027614307,kha,0.123710188
2024,State Forest Management Centre,production,pine,2,62.042946803,kha,0.069169127
2024,State Forest Management Centre,production,pine,3,41.776564961,kha,0.085208984
2024,State Forest Management Centre,production,pine,4,20.139421318,kha,0.10501625
2024,State Forest Management Centre,production,pine,5,14.289439795,kha,0.138308011
2024,State Forest Management Centre,production,pine,5A-5B,12.666317041,kha,0.163275345
2024,State Forest Management Centre,production,pine,all,228.096563801,kha,0.04755723
2024,State Forest Management Centre,production,spruce,1,53.69517531,kha,0.070967259
2024,State Forest Management Centre,production,spruce,1A,59.085864889,kha,0.075758107
2024,State Forest Management Centre,production,spruce,2,16.052659072,kha,0.106131854
2024,State Forest Management Centre,production,spruce,3,6.402754355,kha,0.185132881
2024,State Forest Management Centre,production,spruce,4,2.066876152,kha,0.272479833
2024,State Forest Management Centre,production,spruce,5,0.156009492,kha,1.000009561
2024,State Forest Management Centre,production,spruce,5A-5B,0.156009492,kha,1.000009561
2024,State Forest Management Centre,production,spruce,all,137.615348763,kha,0.053896784
2024,State Forest Management Centre,protected,aspen,1,8.217175948,kha,0.175314279
2024,State Forest Management Centre,protected,aspen,1A,10.748897982,kha,0.15826296
2024,State Forest Management Centre,protected,aspen,2,2.340142378,kha,0.33322202
2024,State Forest Management Centre,protected,aspen,3,0.468028476,kha,0.745360793
2024,State Forest Management Centre,protected,aspen,4,0.156009492,kha,1.000009561
2024,State Forest Management Centre,protected,aspen,5,,kha,0.0
2024,State Forest Management Centre,protected,aspen,5A-5B,,kha,0.0
2024,State Forest Management Centre,protected,aspen,all,21.930254276,kha,0.124738609
2024,State Forest Management Centre,protected,birch,1,23.531769715,kha,0.10475958
2024,State Forest Management Centre,protected,birch,1A,13.170368109,kha,0.142056752
2024,State Forest Management Centre,protected,birch,2,21.29080257,kha,0.123583503
2024,State Forest Management Centre,protected,birch,3,16.099945549,kha,0.131832574
2024,State Forest Management Centre,protected,birch,4,9.094027297,kha,0.185975153
2024,State Forest Management Centre,protected,birch,5,4.368265773,kha,0.220215618
2024,State Forest Management Centre,protected,birch,5A-5B,0.936056951,kha,0.471424803
2024,State Forest Management Centre,protected,birch,all,88.491235964,kha,0.074228464
2024,State Forest Management Centre,protected,black alder,1,5.900466195,kha,0.198685954
2024,State Forest Management Centre,protected,black alder,1A,0.624037968,kha,0.500019119
2024,State Forest Management Centre,protected,black alder,2,6.627735643,kha,0.210453479
2024,State Forest Management Centre,protected,black alder,3,1.964627531,kha,0.34689124
2024,State Forest Management Centre,protected,black alder,4,0.468028476,kha,0.577004088
2024,State Forest Management Centre,protected,black alder,5,0.468028476,kha,0.577366829
2024,State Forest Management Centre,protected,black alder,5A-5B,0.156009492,kha,0.999785216
2024,State Forest Management Centre,protected,black alder,all,16.20893378,kha,0.143347904
2024,State Forest Management Centre,protected,grey alder,1,3.33801029,kha,0.220860146
2024,State Forest Management Centre,protected,grey alder,1A,0.156009492,kha,1.000009564
2024,State Forest Management Centre,protected,grey alder,2,2.8648023,kha,0.261628594
2024,State Forest Management Centre,protected,grey alder,3,0.624037968,kha,0.61238805
2024,State Forest Management Centre,protected,grey alder,4,,kha,0.0
2024,State Forest Management Centre,protected,grey alder,5,,kha,0.0
2024,State Forest Management Centre,protected,grey alder,5A-5B,,kha,0.0
2024,State Forest Management Centre,protected,grey alder,all,6.98286005,kha,0.188162237
2024,State Forest Management Centre,protected,pine,1,26.258488013,kha,0.106179494
2024,State Forest Management Centre,protected,pine,1A,6.557484569,kha,0.206622386
2024,State Forest Management Centre,protected,pine,2,39.19526311,kha,0.100940501
2024,State Forest Management Centre,protected,pine,3,31.23921585,kha,0.097396021
2024,State Forest Management Centre,protected,pine,4,32.606420633,kha,0.103482377
2024,State Forest Management Centre,protected,pine,5,24.019065363,kha,0.10293371
2024,State Forest Management Centre,protected,pine,5A-5B,30.810579771,kha,0.113590863
2024,State Forest Management Centre,protected,pine,all,190.686517308,kha,0.06013945
2024,State Forest Management Centre,protected,spruce,1,18.372067789,kha,0.106405517
2024,State Forest Management Centre,protected,spruce,1A,19.543090636,kha,0.128140526
2024,State Forest Management Centre,protected,spruce,2,12.334344443,kha,0.134828349
2024,State Forest Management Centre,protected,spruce,3,3.778581096,kha,0.212021961
2024,State Forest Management Centre,protected,spruce,4,2.652161362,kha,0.25961156
2024,State Forest Management Centre,protected,spruce,5,0.624037968,kha,0.500104354
2024,State Forest Management Centre,protected,spruce,5A-5B,,kha,0.0
2024,State Forest Management Centre,protected,spruce,all,57.304283295,kha,0.081102018
2024,all,production,aspen,1,63.175372902,kha,0.056575863
2024,all,production,aspen,1A,31.510687966,kha,0.073309388
2024,all,production,aspen,2,17.244930412,kha,0.126740874
2024,all,production,aspen,3,2.964180346,kha,0.26023052
2024,all,production,aspen,4,0.468028476,kha,0.577283937
2024,all,production,aspen,5,0.156009492,kha,0.999839061
2024,all,production,aspen,5A-5B,,kha,0.0
2024,all,production,aspen,all,115.519209595,kha,0.044853949
2024,all,production,birch,1,213.141135086,kha,0.035971818
2024,all,production,birch,1A,68.43092706,kha,0.061286039
2024,all,production,birch,2,157.471425642,kha,0.040734473
2024,all,production,birch,3,74.593348792,kha,0.059096634
2024,all,production,birch,4,19.568332972,kha,0.109127746
2024,all,production,birch,5,5.863211128,kha,0.202321801
2024,all,production,birch,5A-5B,0.936056951,kha,0.408291452
2024,all,production,birch,all,540.004437632,kha,0.024788004
2024,all,production,black alder,1,31.898262347,kha,0.081819283
2024,all,production,black alder,1A,3.168521578,kha,0.216296248
2024,all,production,black alder,2,24.441960292,kha,0.091279398
2024,all,production,black alder,3,7.798976904,kha,0.167556724
2024,all,production,black alder,4,0.804322536,kha,0.428159225
2024,all,production,black alder,5,,kha,0.0
2024,all,production,black alder,5A-5B,,kha,0.0
2024,all,production,black alder,all,68.112043658,kha,0.063070915
2024,all,production,grey alder,1,124.436041311,kha,0.044742488
2024,all,production,grey alder,1A,16.532731481,kha,0.103813422
2024,all,production,grey alder,2,52.63175221,kha,0.061788033
2024,all,production,grey alder,3,9.287837889,kha,0.160563813
2024,all,production,grey alder,4,1.648630306,kha,0.326380451
2024,all,production,grey alder,5,0.156009492,kha,1.000009561
2024,all,production,grey alder,5A-5B,,kha,0.0
2024,all,production,grey alder,all,204.693002687,kha,0.037105637
2024,all,production,other,1,11.596887575,kha,0.120441189
2024,all,production,other,1A,5.257613483,kha,0.178215083
2024,all,production,other,2,5.873570158,kha,0.178950876
2024,all,production,other,3,3.676956513,kha,0.214946564
2024,all,production,other,4,1.234331499,kha,0.330207549
2024,all,production,other,5,0.156009492,kha,1.000072369
2024,all,production,other,5A-5B,,kha,0.0
2024,all,production,other,all,27.79536872,kha,0.082014463
2024,all,production,pine,1,112.060572765,kha,0.049827396
2024,all,production,pine,1A,31.762814906,kha,0.084804945
2024,all,production,pine,2,122.139846806,kha,0.04791333
2024,all,production,pine,3,88.10015137,kha,0.05533079
2024,all,production,pine,4,40.183957664,kha,0.074892908
2024,all,production,pine,5,25.031629369,kha,0.096775369
2024,all,production,pine,5A-5B,18.595551386,kha,0.132289865
2024,all,production,pine,all,437.874524266,kha,0.030484937
2024,all,production,spruce,1,116.313859542,kha,0.042925882
2024,all,production,spruce,1A,115.479161958,kha,0.048894462
2024,all,production,spruce,2,40.127170209,kha,0.069512426
2024,all,production,spruce,3,13.661563994,kha,0.115498703
2024,all,production,spruce,4,3.782980563,kha,0.214189375
2024,all,production,spruce,5,0.780047459,kha,0.447234974
2024,all,production,spruce,5A-5B,0.529230999,kha,0.523492081
2024,all,production,spruce,all,290.674014725,kha,0.03288661
2024,all,protected,aspen,1,10.026215213,kha,0.150309573
2024,all,protected,aspen,1A,12.393347233,kha,0.144384671
2024,all,protected,aspen,2,3.744227805,kha,0.260025096
2024,all,protected,aspen,3,0.780047459,kha,0.528808727
2024,all,protected,aspen,4,0.312018984,kha,0.707107611
2024,all,protected,aspen,5,,kha,0.0
2024,all,protected,aspen,5A-5B,,kha,0.0
2024,all,protected,aspen,all,27.255856695,kha,0.113016088
2024,all,protected,birch,1,26.580881628,kha,0.096188405
2024,all,protected,birch,1A,14.554016292,kha,0.132849286
2024,all,protected,birch,2,27.227353761,kha,0.108723945
2024,all,protected,birch,3,20.351204204,kha,0.114535591
2024,all,protected,birch,4,10.743390847,kha,0.173217041
2024,all,protected,birch,5,4.368265773,kha,0.220215618
2024,all,protected,birch,5A-5B,0.936056951,kha,0.471424803
2024,all,protected,birch,all,104.761169456,kha,0.066136198
2024,all,protected,black alder,1,8.261045817,kha,0.188333784
2024,all,protected,black alder,1A,0.780047459,kha,0.447263059
2024,all,protected,black alder,2,8.499849546,kha,0.18786834
2024,all,protected,black alder,3,2.744674991,kha,0.284419217
2024,all,protected,black alder,4,0.468028476,kha,0.577004088
2024,all,protected,black alder,5,0.468028476,kha,0.577366829
2024,all,protected,black alder,5A-5B,0.156009492,kha,0.999785216
2024,all,protected,black alder,all,21.377684256,kha,0.129185682
2024,all,protected,grey alder,1,5.181200033,kha,0.181901442
2024,all,protected,grey alder,1A,0.156009492,kha,1.000009564
2024,all,protected,grey alder,2,4.537192851,kha,0.213480247
2024,all,protected,grey alder,3,0.96989541,kha,0.447754268
2024,all,protected,grey alder,4,0.312018984,kha,0.706828386
2024,all,protected,grey alder,5,,kha,0.0
2024,all,protected,grey alder,5A-5B,,kha,0.0
2024,all,protected,grey alder,all,11.15631677,kha,0.1479151
2024,all,protected,pine,1,28.286611408,kha,0.10085866
2024,all,protected,pine,1A,6.869503553,kha,0.199841046
2024,all,protected,pine,2,44.805270833,kha,0.092982629
2024,all,protected,pine,3,36.992097065,kha,0.091197783
2024,all,protected,pine,4,35.490817725,kha,0.097949203
2024,all,protected,pine,5,26.336352351,kha,0.097418198
2024,all,protected,pine,5A-5B,33.462741133,kha,0.107659083
2024,all,protected,pine,all,212.243394066,kha,0.056330592
2024,all,protected,spruce,1,22.096732005,kha,0.096765769
2024,all,protected,spruce,1A,21.777255767,kha,0.119012615
2024,all,protected,spruce,2,15.29852479,kha,0.122714716
2024,all,protected,spruce,3,4.999917004,kha,0.173943991
2024,all,protected,spruce,4,3.27619933,kha,0.230612959
2024,all,protected,spruce,5,0.624037968,kha,0.500104354
2024,all,protected,spruce,5A-5B,,kha,0.0
2024,all,protected,spruce,all,68.072666862,kha,0.074084429
2024,other,production,aspen,1,48.226668196,kha,0.062660562
2024,other,production,aspen,1A,21.640092222,kha,0.087182343
2024,other,production,aspen,2,12.82539992,kha,0.133082583
2024,other,production,aspen,3,2.49615187,kha,0.289490884
2024,other,production,aspen,4,0.312018984,kha,0.70701878
2024,other,production,aspen,5,0.156009492,kha,0.999839061
2024,other,production,aspen,5A-5B,,kha,0.0
2024,other,production,aspen,all,85.656340684,kha,0.050339763
2024,other,production,birch,1,141.363273994,kha,0.041522228
2024,other,production,birch,1A,49.39664578,kha,0.070990886
2024,other,production,birch,2,105.066885657,kha,0.048850299
2024,other,production,birch,3,52.475461901,kha,0.068356837
2024,other,production,birch,4,10.946218787,kha,0.132966231
2024,other,production,birch,5,3.59243057,kha,0.235799497
2024,other,production,birch,5A-5B,0.468028476,kha,0.577394749
2024,other,production,birch,all,363.308945164,kha,0.02923394
2024,other,production,black alder,1,20.050355499,kha,0.097256039
2024,other,production,black alder,1A,2.076455135,kha,0.276712652
2024,other,production,black alder,2,18.787474263,kha,0.105412797
2024,other,production,black alder,3,6.534473169,kha,0.171948563
2024,other,production,black alder,4,0.507233661,kha,0.537837562
2024,other,production,black alder,5,,kha,0.0
2024,other,production,black alder,5A-5B,,kha,0.0
2024,other,production,black alder,all,47.955991728,kha,0.074135684
2024,other,production,grey alder,1,111.582356869,kha,0.047697994
2024,other,production,grey alder,1A,14.441252632,kha,0.112779313
2024,other,production,grey alder,2,44.404108025,kha,0.066400379
2024,other,production,grey alder,3,7.381573508,kha,0.177583404
2024,other,production,grey alder,4,1.18060183,kha,0.394131557
2024,other,production,grey alder,5,0.156009492,kha,1.000009561
2024,other,production,grey alder,5A-5B,,kha,0.0
2024,other,production,grey alder,all,179.145902356,kha,0.039784068
2024,other,production,other,1,10.301681173,kha,0.122543478
2024,other,production,other,1A,4.078306531,kha,0.210339673
2024,other,production,other,2,5.381453817,kha,0.181036768
2024,other,production,other,3,3.173389075,kha,0.235088048
2024,other,production,other,4,1.078322007,kha,0.377998817
2024,other,production,other,5,0.156009492,kha,1.000072369
2024,other,production,other,5A-5B,,kha,0.0
2024,other,production,other,all,24.169162095,kha,0.087309381
2024,other,production,pine,1,49.906313189,kha,0.06484998
2024,other,production,pine,1A,16.735200599,kha,0.098761225
2024,other,production,pine,2,60.096900002,kha,0.06531595
2024,other,production,pine,3,46.32358641,kha,0.071896456
2024,other,production,pine,4,20.044536345,kha,0.10780392
2024,other,production,pine,5,10.742189574,kha,0.132582859
2024,other,production,pine,5A-5B,5.929234345,kha,0.203668253
2024,other,production,pine,all,209.777960465,kha,0.039759476
2024,other,production,spruce,1,62.618684232,kha,0.052632635
2024,other,production,spruce,1A,56.393297069,kha,0.060334603
2024,other,production,spruce,2,24.074511136,kha,0.087319822
2024,other,production,spruce,3,7.258809639,kha,0.140090005
2024,other,production,spruce,4,1.716104411,kha,0.314731051
2024,other,production,spruce,5,0.624037968,kha,0.500019122
2024,other,production,spruce,5A-5B,0.373221507,kha,0.613440244
2024,other,production,spruce,all,153.058665962,kha,0.039930372
2024,other,protected,aspen,1,1.809039265,kha,0.357293844
2024,other,protected,aspen,1A,1.644449251,kha,0.331209106
2024,other,protected,aspen,2,1.404085427,kha,0.36833686
2024,other,protected,aspen,3,0.312018984,kha,0.706460148
2024,other,protected,aspen,4,0.156009492,kha,0.999991613
2024,other,protected,aspen,5,,kha,0.0
2024,other,protected,aspen,5A-5B,,kha,0.0
2024,other,protected,aspen,all,5.325602419,kha,0.207365443
2024,other,protected,birch,1,3.049111913,kha,0.218885847
2024,other,protected,birch,1A,1.383648184,kha,0.36981431
2024,other,protected,birch,2,5.93655119,kha,0.193777544
2024,other,protected,birch,3,4.251258654,kha,0.225236384
2024,other,protected,birch,4,1.64936355,kha,0.320011516
2024,other,protected,birch,5,,kha,0.0
2024,other,protected,birch,5A-5B,,kha,0.0
2024,other,protected,birch,all,16.269933492,kha,0.129068892
2024,other,protected,black alder,1,2.360579622,kha,0.355947415
2024,other,protected,black alder,1A,0.156009492,kha,1.000072369
2024,other,protected,black alder,2,1.872113903,kha,0.372874143
2024,other,protected,black alder,3,0.780047459,kha,0.446769268
2024,other,protected,black alder,4,,kha,0.0
2024,other,protected,black alder,5,,kha,0.0
2024,other,protected,black alder,5A-5B,,kha,0.0
2024,other,protected,black alder,all,5.168750476,kha,0.227959498
2024,other,protected,grey alder,1,1.843189743,kha,0.289030611
2024,other,protected,grey alder,1A,,kha,0.0
2024,other,protected,grey alder,2,1.672390551,kha,0.302366405
2024,other,protected,grey alder,3,0.345857443,kha,0.595950345
2024,other,protected,grey alder,4,0.312018984,kha,0.706828386
2024,other,protected,grey alder,5,,kha,0.0
2024,other,protected,grey alder,5A-5B,,kha,0.0
2024,other,protected,grey alder,all,4.173456721,kha,0.21920378
2024,other,protected,pine,1,2.028123395,kha,0.297617797
2024,other,protected,pine,1A,0.312018984,kha,0.707190088
2024,other,protected,pine,2,5.610007723,kha,0.200042847
2024,other,protected,pine,3,5.752881216,kha,0.230362156
2024,other,protected,pine,4,2.884397092,kha,0.254865373
2024,other,protected,pine,5,2.317286988,kha,0.271601833
2024,other,protected,pine,5A-5B,2.652161362,kha,0.347991215
2024,other,protected,pine,all,21.556876759,kha,0.132640181
2024,other,protected,spruce,1,3.724664215,kha,0.233335948
2024,other,protected,spruce,1A,2.234165131,kha,0.255319365
2024,other,protected,spruce,2,2.964180346,kha,0.254858144
2024,other,protected,spruce,3,1.221335908,kha,0.354347766
2024,other,protected,spruce,4,0.624037968,kha,0.499767827
2024,other,protected,spruce,5,,kha,0.0
2024,other,protected,spruce,5A-5B,,kha,0.0
2024,other,protected,spruce,all,10.768383568,kha,0.151593767
