YEAR,DOMINANT_SPECIES,AGE_GROUP,ECONOMIC_CATEGORY,AREA,UNIT
1999,aspen,...10,production_forest,4.9,kha
1999,aspen,101...110,production_forest,0.0,kha
1999,aspen,11...20,production_forest,4.4,kha
1999,aspen,111...120,production_forest,0.0,kha
1999,aspen,121...130,production_forest,0.0,kha
1999,aspen,131...140,production_forest,0.0,kha
1999,aspen,141...,production_forest,0.0,kha
1999,aspen,21...30,production_forest,7.4,kha
1999,aspen,31...40,production_forest,14.3,kha
1999,aspen,41...50,production_forest,25.8,kha
1999,aspen,51...60,production_forest,21.4,kha
1999,aspen,61...70,production_forest,12.7,kha
1999,aspen,71...80,production_forest,8.0,kha
1999,aspen,81...90,production_forest,5.7,kha
1999,aspen,91...100,production_forest,1.1,kha
1999,aspen,no_trees,production_forest,0.0,kha
1999,aspen,renewal_not_complete,production_forest,13.5,kha
1999,aspen,...10,protected_forest,0.0,kha
1999,aspen,101...110,protected_forest,0.0,kha
1999,aspen,11...20,protected_forest,0.0,kha
1999,aspen,111...120,protected_forest,0.0,kha
1999,aspen,121...130,protected_forest,0.0,kha
1999,aspen,131...140,protected_forest,0.0,kha
1999,aspen,141...,protected_forest,0.0,kha
1999,aspen,21...30,protected_forest,0.0,kha
1999,aspen,31...40,protected_forest,0.0,kha
1999,aspen,41...50,protected_forest,0.0,kha
1999,aspen,51...60,protected_forest,6.9,kha
1999,aspen,61...70,protected_forest,4.5,kha
1999,aspen,71...80,protected_forest,1.1,kha
1999,aspen,81...90,protected_forest,0.0,kha
1999,aspen,91...100,protected_forest,0.0,kha
1999,aspen,no_trees,protected_forest,1.1,kha
1999,aspen,renewal_not_complete,protected_forest,0.0,kha
1999,birch,...10,production_forest,60.0,kha
1999,birch,101...110,production_forest,0.0,kha
1999,birch,11...20,production_forest,31.2,kha
1999,birch,111...120,production_forest,0.0,kha
1999,birch,121...130,production_forest,0.0,kha
1999,birch,131...140,production_forest,0.0,kha
1999,birch,141...,production_forest,0.0,kha
1999,birch,21...30,production_forest,53.4,kha
1999,birch,31...40,production_forest,117.7,kha
1999,birch,41...50,production_forest,133.0,kha
1999,birch,51...60,production_forest,114.6,kha
1999,birch,61...70,production_forest,42.6,kha
1999,birch,71...80,production_forest,24.3,kha
1999,birch,81...90,production_forest,4.6,kha
1999,birch,91...100,production_forest,1.1,kha
1999,birch,no_trees,production_forest,13.9,kha
1999,birch,renewal_not_complete,production_forest,11.9,kha
1999,birch,...10,protected_forest,6.8,kha
1999,birch,101...110,protected_forest,0.0,kha
1999,birch,11...20,protected_forest,2.3,kha
1999,birch,111...120,protected_forest,0.0,kha
1999,birch,121...130,protected_forest,0.0,kha
1999,birch,131...140,protected_forest,0.0,kha
1999,birch,141...,protected_forest,0.0,kha
1999,birch,21...30,protected_forest,0.0,kha
1999,birch,31...40,protected_forest,9.1,kha
1999,birch,41...50,protected_forest,9.6,kha
1999,birch,51...60,protected_forest,11.1,kha
1999,birch,61...70,protected_forest,7.5,kha
1999,birch,71...80,protected_forest,1.2,kha
1999,birch,81...90,protected_forest,0.0,kha
1999,birch,91...100,protected_forest,0.0,kha
1999,birch,no_trees,protected_forest,0.0,kha
1999,birch,renewal_not_complete,protected_forest,4.2,kha
1999,black_alder,...10,production_forest,0.0,kha
1999,black_alder,101...110,production_forest,1.1,kha
1999,black_alder,11...20,production_forest,4.6,kha
1999,black_alder,111...120,production_forest,0.0,kha
1999,black_alder,121...130,production_forest,0.0,kha
1999,black_alder,131...140,production_forest,0.0,kha
1999,black_alder,141...,production_forest,0.0,kha
1999,black_alder,21...30,production_forest,0.5,kha
1999,black_alder,31...40,production_forest,13.6,kha
1999,black_alder,41...50,production_forest,12.7,kha
1999,black_alder,51...60,production_forest,7.6,kha
1999,black_alder,61...70,production_forest,2.4,kha
1999,black_alder,71...80,production_forest,1.0,kha
1999,black_alder,81...90,production_forest,0.0,kha
1999,black_alder,91...100,production_forest,0.0,kha
1999,black_alder,no_trees,production_forest,0.0,kha
1999,black_alder,renewal_not_complete,production_forest,2.3,kha
1999,black_alder,...10,protected_forest,0.0,kha
1999,black_alder,101...110,protected_forest,0.0,kha
1999,black_alder,11...20,protected_forest,2.8,kha
1999,black_alder,111...120,protected_forest,0.0,kha
1999,black_alder,121...130,protected_forest,0.0,kha
1999,black_alder,131...140,protected_forest,0.0,kha
1999,black_alder,141...,protected_forest,0.0,kha
1999,black_alder,21...30,protected_forest,1.1,kha
1999,black_alder,31...40,protected_forest,1.2,kha
1999,black_alder,41...50,protected_forest,2.3,kha
1999,black_alder,51...60,protected_forest,3.5,kha
1999,black_alder,61...70,protected_forest,1.2,kha
1999,black_alder,71...80,protected_forest,1.1,kha
1999,black_alder,81...90,protected_forest,0.0,kha
1999,black_alder,91...100,protected_forest,0.0,kha
1999,black_alder,no_trees,protected_forest,0.0,kha
1999,black_alder,renewal_not_complete,protected_forest,1.1,kha
1999,grey_alder,...10,production_forest,22.1,kha
1999,grey_alder,101...110,production_forest,0.0,kha
1999,grey_alder,11...20,production_forest,20.9,kha
1999,grey_alder,111...120,production_forest,0.0,kha
1999,grey_alder,121...130,production_forest,0.0,kha
1999,grey_alder,131...140,production_forest,0.0,kha
1999,grey_alder,141...,production_forest,0.0,kha
1999,grey_alder,21...30,production_forest,49.9,kha
1999,grey_alder,31...40,production_forest,61.2,kha
1999,grey_alder,41...50,production_forest,30.1,kha
1999,grey_alder,51...60,production_forest,8.0,kha
1999,grey_alder,61...70,production_forest,0.0,kha
1999,grey_alder,71...80,production_forest,0.0,kha
1999,grey_alder,81...90,production_forest,0.0,kha
1999,grey_alder,91...100,production_forest,0.0,kha
1999,grey_alder,no_trees,production_forest,2.0,kha
1999,grey_alder,renewal_not_complete,production_forest,4.0,kha
1999,grey_alder,...10,protected_forest,0.0,kha
1999,grey_alder,101...110,protected_forest,0.0,kha
1999,grey_alder,11...20,protected_forest,0.2,kha
1999,grey_alder,111...120,protected_forest,0.0,kha
1999,grey_alder,121...130,protected_forest,0.0,kha
1999,grey_alder,131...140,protected_forest,0.0,kha
1999,grey_alder,141...,protected_forest,0.0,kha
1999,grey_alder,21...30,protected_forest,1.6,kha
1999,grey_alder,31...40,protected_forest,0.0,kha
1999,grey_alder,41...50,protected_forest,0.0,kha
1999,grey_alder,51...60,protected_forest,0.0,kha
1999,grey_alder,61...70,protected_forest,0.0,kha
1999,grey_alder,71...80,protected_forest,0.0,kha
1999,grey_alder,81...90,protected_forest,0.0,kha
1999,grey_alder,91...100,protected_forest,0.0,kha
1999,grey_alder,no_trees,protected_forest,0.0,kha
1999,grey_alder,renewal_not_complete,protected_forest,0.0,kha
1999,other,...10,production_forest,3.6,kha
1999,other,101...110,production_forest,0.0,kha
1999,other,11...20,production_forest,2.1,kha
1999,other,111...120,production_forest,0.0,kha
1999,other,121...130,production_forest,0.0,kha
1999,other,131...140,production_forest,0.0,kha
1999,other,141...,production_forest,0.0,kha
1999,other,21...30,production_forest,4.1,kha
1999,other,31...40,production_forest,6.9,kha
1999,other,41...50,production_forest,3.4,kha
1999,other,51...60,production_forest,1.1,kha
1999,other,61...70,production_forest,3.4,kha
1999,other,71...80,production_forest,4.6,kha
1999,other,81...90,production_forest,0.0,kha
1999,other,91...100,production_forest,1.1,kha
1999,other,no_trees,production_forest,0.0,kha
1999,other,renewal_not_complete,production_forest,0.0,kha
1999,other,...10,protected_forest,0.0,kha
1999,other,101...110,protected_forest,0.0,kha
1999,other,11...20,protected_forest,0.0,kha
1999,other,111...120,protected_forest,0.0,kha
1999,other,121...130,protected_forest,0.0,kha
1999,other,131...140,protected_forest,0.0,kha
1999,other,141...,protected_forest,0.0,kha
1999,other,21...30,protected_forest,0.0,kha
1999,other,31...40,protected_forest,0.0,kha
1999,other,41...50,protected_forest,0.0,kha
1999,other,51...60,protected_forest,1.2,kha
1999,other,61...70,protected_forest,2.3,kha
1999,other,71...80,protected_forest,1.1,kha
1999,other,81...90,protected_forest,0.0,kha
1999,other,91...100,protected_forest,1.2,kha
1999,other,no_trees,protected_forest,1.1,kha
1999,other,renewal_not_complete,protected_forest,0.0,kha
1999,pine,...10,production_forest,12.0,kha
1999,pine,101...110,production_forest,18.5,kha
1999,pine,11...20,production_forest,33.6,kha
1999,pine,111...120,production_forest,15.9,kha
1999,pine,121...130,production_forest,3.9,kha
1999,pine,131...140,production_forest,0.0,kha
1999,pine,141...,production_forest,5.5,kha
1999,pine,21...30,production_forest,27.6,kha
1999,pine,31...40,production_forest,49.6,kha
1999,pine,41...50,production_forest,76.7,kha
1999,pine,51...60,production_forest,88.8,kha
1999,pine,61...70,production_forest,79.0,kha
1999,pine,71...80,production_forest,71.5,kha
1999,pine,81...90,production_forest,59.1,kha
1999,pine,91...100,production_forest,29.9,kha
1999,pine,no_trees,production_forest,10.1,kha
1999,pine,renewal_not_complete,production_forest,22.3,kha
1999,pine,...10,protected_forest,0.5,kha
1999,pine,101...110,protected_forest,4.6,kha
1999,pine,11...20,protected_forest,1.2,kha
1999,pine,111...120,protected_forest,3.5,kha
1999,pine,121...130,protected_forest,2.3,kha
1999,pine,131...140,protected_forest,5.2,kha
1999,pine,141...,protected_forest,4.9,kha
1999,pine,21...30,protected_forest,7.3,kha
1999,pine,31...40,protected_forest,3.2,kha
1999,pine,41...50,protected_forest,10.3,kha
1999,pine,51...60,protected_forest,10.3,kha
1999,pine,61...70,protected_forest,20.8,kha
1999,pine,71...80,protected_forest,10.3,kha
1999,pine,81...90,protected_forest,13.3,kha
1999,pine,91...100,protected_forest,8.0,kha
1999,pine,no_trees,protected_forest,1.2,kha
1999,pine,renewal_not_complete,protected_forest,0.5,kha
1999,spruce,...10,production_forest,1.1,kha
1999,spruce,101...110,production_forest,9.1,kha
1999,spruce,11...20,production_forest,22.7,kha
1999,spruce,111...120,production_forest,4.6,kha
1999,spruce,121...130,production_forest,0.0,kha
1999,spruce,131...140,production_forest,0.0,kha
1999,spruce,141...,production_forest,0.0,kha
1999,spruce,21...30,production_forest,43.2,kha
1999,spruce,31...40,production_forest,44.2,kha
1999,spruce,41...50,production_forest,31.7,kha
1999,spruce,51...60,production_forest,45.5,kha
1999,spruce,61...70,production_forest,53.2,kha
1999,spruce,71...80,production_forest,35.4,kha
1999,spruce,81...90,production_forest,23.1,kha
1999,spruce,91...100,production_forest,11.5,kha
1999,spruce,no_trees,production_forest,22.7,kha
1999,spruce,renewal_not_complete,production_forest,25.5,kha
1999,spruce,...10,protected_forest,0.7,kha
1999,spruce,101...110,protected_forest,1.2,kha
1999,spruce,11...20,protected_forest,1.8,kha
1999,spruce,111...120,protected_forest,0.0,kha
1999,spruce,121...130,protected_forest,0.0,kha
1999,spruce,131...140,protected_forest,0.0,kha
1999,spruce,141...,protected_forest,0.0,kha
1999,spruce,21...30,protected_forest,2.3,kha
1999,spruce,31...40,protected_forest,4.6,kha
1999,spruce,41...50,protected_forest,0.3,kha
1999,spruce,51...60,protected_forest,1.2,kha
1999,spruce,61...70,protected_forest,1.1,kha
1999,spruce,71...80,protected_forest,2.2,kha
1999,spruce,81...90,protected_forest,1.2,kha
1999,spruce,91...100,protected_forest,0.0,kha
1999,spruce,no_trees,protected_forest,0.0,kha
1999,spruce,renewal_not_complete,protected_forest,1.1,kha
2000,aspen,...10,production_forest,10.1,kha
2000,aspen,101...110,production_forest,0.0,kha
2000,aspen,11...20,production_forest,5.0,kha
2000,aspen,111...120,production_forest,0.6,kha
2000,aspen,121...130,production_forest,0.0,kha
2000,aspen,131...140,production_forest,0.0,kha
2000,aspen,141...,production_forest,0.0,kha
2000,aspen,21...30,production_forest,5.7,kha
2000,aspen,31...40,production_forest,9.8,kha
2000,aspen,41...50,production_forest,27.1,kha
2000,aspen,51...60,production_forest,24.4,kha
2000,aspen,61...70,production_forest,11.9,kha
2000,aspen,71...80,production_forest,7.1,kha
2000,aspen,81...90,production_forest,2.8,kha
2000,aspen,91...100,production_forest,0.6,kha
2000,aspen,no_trees,production_forest,0.6,kha
2000,aspen,renewal_not_complete,production_forest,8.5,kha
2000,aspen,...10,protected_forest,0.5,kha
2000,aspen,101...110,protected_forest,0.0,kha
2000,aspen,11...20,protected_forest,0.0,kha
2000,aspen,111...120,protected_forest,0.0,kha
2000,aspen,121...130,protected_forest,0.0,kha
2000,aspen,131...140,protected_forest,0.0,kha
2000,aspen,141...,protected_forest,0.0,kha
2000,aspen,21...30,protected_forest,0.0,kha
2000,aspen,31...40,protected_forest,0.0,kha
2000,aspen,41...50,protected_forest,0.0,kha
2000,aspen,51...60,protected_forest,4.4,kha
2000,aspen,61...70,protected_forest,2.8,kha
2000,aspen,71...80,protected_forest,0.6,kha
2000,aspen,81...90,protected_forest,0.0,kha
2000,aspen,91...100,protected_forest,0.5,kha
2000,aspen,no_trees,protected_forest,0.6,kha
2000,aspen,renewal_not_complete,protected_forest,0.0,kha
2000,birch,...10,production_forest,47.3,kha
2000,birch,101...110,production_forest,0.6,kha
2000,birch,11...20,production_forest,43.6,kha
2000,birch,111...120,production_forest,0.0,kha
2000,birch,121...130,production_forest,0.0,kha
2000,birch,131...140,production_forest,0.0,kha
2000,birch,141...,production_forest,0.0,kha
2000,birch,21...30,production_forest,54.5,kha
2000,birch,31...40,production_forest,104.5,kha
2000,birch,41...50,production_forest,124.7,kha
2000,birch,51...60,production_forest,111.7,kha
2000,birch,61...70,production_forest,63.2,kha
2000,birch,71...80,production_forest,26.3,kha
2000,birch,81...90,production_forest,10.4,kha
2000,birch,91...100,production_forest,2.8,kha
2000,birch,no_trees,production_forest,17.7,kha
2000,birch,renewal_not_complete,production_forest,16.0,kha
2000,birch,...10,protected_forest,6.2,kha
2000,birch,101...110,protected_forest,1.1,kha
2000,birch,11...20,protected_forest,1.6,kha
2000,birch,111...120,protected_forest,0.0,kha
2000,birch,121...130,protected_forest,0.0,kha
2000,birch,131...140,protected_forest,0.0,kha
2000,birch,141...,protected_forest,0.0,kha
2000,birch,21...30,protected_forest,1.8,kha
2000,birch,31...40,protected_forest,7.0,kha
2000,birch,41...50,protected_forest,8.1,kha
2000,birch,51...60,protected_forest,10.5,kha
2000,birch,61...70,protected_forest,10.6,kha
2000,birch,71...80,protected_forest,4.0,kha
2000,birch,81...90,protected_forest,1.1,kha
2000,birch,91...100,protected_forest,1.7,kha
2000,birch,no_trees,protected_forest,0.6,kha
2000,birch,renewal_not_complete,protected_forest,2.7,kha
2000,black_alder,...10,production_forest,0.7,kha
2000,black_alder,101...110,production_forest,0.6,kha
2000,black_alder,11...20,production_forest,3.6,kha
2000,black_alder,111...120,production_forest,0.6,kha
2000,black_alder,121...130,production_forest,0.0,kha
2000,black_alder,131...140,production_forest,0.0,kha
2000,black_alder,141...,production_forest,0.0,kha
2000,black_alder,21...30,production_forest,2.9,kha
2000,black_alder,31...40,production_forest,10.1,kha
2000,black_alder,41...50,production_forest,15.5,kha
2000,black_alder,51...60,production_forest,11.1,kha
2000,black_alder,61...70,production_forest,5.7,kha
2000,black_alder,71...80,production_forest,1.7,kha
2000,black_alder,81...90,production_forest,0.6,kha
2000,black_alder,91...100,production_forest,0.0,kha
2000,black_alder,no_trees,production_forest,1.1,kha
2000,black_alder,renewal_not_complete,production_forest,1.7,kha
2000,black_alder,...10,protected_forest,0.2,kha
2000,black_alder,101...110,protected_forest,0.0,kha
2000,black_alder,11...20,protected_forest,1.3,kha
2000,black_alder,111...120,protected_forest,0.0,kha
2000,black_alder,121...130,protected_forest,0.0,kha
2000,black_alder,131...140,protected_forest,0.0,kha
2000,black_alder,141...,protected_forest,0.0,kha
2000,black_alder,21...30,protected_forest,0.6,kha
2000,black_alder,31...40,protected_forest,0.6,kha
2000,black_alder,41...50,protected_forest,1.1,kha
2000,black_alder,51...60,protected_forest,1.6,kha
2000,black_alder,61...70,protected_forest,0.5,kha
2000,black_alder,71...80,protected_forest,1.1,kha
2000,black_alder,81...90,protected_forest,0.0,kha
2000,black_alder,91...100,protected_forest,0.0,kha
2000,black_alder,no_trees,protected_forest,0.0,kha
2000,black_alder,renewal_not_complete,protected_forest,0.5,kha
2000,grey_alder,...10,production_forest,17.0,kha
2000,grey_alder,101...110,production_forest,0.0,kha
2000,grey_alder,11...20,production_forest,23.9,kha
2000,grey_alder,111...120,production_forest,0.0,kha
2000,grey_alder,121...130,production_forest,0.0,kha
2000,grey_alder,131...140,production_forest,0.0,kha
2000,grey_alder,141...,production_forest,0.0,kha
2000,grey_alder,21...30,production_forest,44.8,kha
2000,grey_alder,31...40,production_forest,52.8,kha
2000,grey_alder,41...50,production_forest,23.5,kha
2000,grey_alder,51...60,production_forest,4.7,kha
2000,grey_alder,61...70,production_forest,0.0,kha
2000,grey_alder,71...80,production_forest,0.0,kha
2000,grey_alder,81...90,production_forest,0.0,kha
2000,grey_alder,91...100,production_forest,0.0,kha
2000,grey_alder,no_trees,production_forest,2.1,kha
2000,grey_alder,renewal_not_complete,production_forest,6.1,kha
2000,grey_alder,...10,protected_forest,0.0,kha
2000,grey_alder,101...110,protected_forest,0.0,kha
2000,grey_alder,11...20,protected_forest,0.7,kha
2000,grey_alder,111...120,protected_forest,0.0,kha
2000,grey_alder,121...130,protected_forest,0.0,kha
2000,grey_alder,131...140,protected_forest,0.0,kha
2000,grey_alder,141...,protected_forest,0.0,kha
2000,grey_alder,21...30,protected_forest,1.3,kha
2000,grey_alder,31...40,protected_forest,0.8,kha
2000,grey_alder,41...50,protected_forest,0.5,kha
2000,grey_alder,51...60,protected_forest,0.0,kha
2000,grey_alder,61...70,protected_forest,0.0,kha
2000,grey_alder,71...80,protected_forest,0.0,kha
2000,grey_alder,81...90,protected_forest,0.0,kha
2000,grey_alder,91...100,protected_forest,0.0,kha
2000,grey_alder,no_trees,protected_forest,0.0,kha
2000,grey_alder,renewal_not_complete,protected_forest,0.0,kha
2000,other,...10,production_forest,2.6,kha
2000,other,101...110,production_forest,0.0,kha
2000,other,11...20,production_forest,2.2,kha
2000,other,111...120,production_forest,0.0,kha
2000,other,121...130,production_forest,0.0,kha
2000,other,131...140,production_forest,0.0,kha
2000,other,141...,production_forest,0.0,kha
2000,other,21...30,production_forest,3.5,kha
2000,other,31...40,production_forest,6.2,kha
2000,other,41...50,production_forest,2.3,kha
2000,other,51...60,production_forest,3.4,kha
2000,other,61...70,production_forest,2.2,kha
2000,other,71...80,production_forest,3.9,kha
2000,other,81...90,production_forest,0.0,kha
2000,other,91...100,production_forest,0.6,kha
2000,other,no_trees,production_forest,0.0,kha
2000,other,renewal_not_complete,production_forest,0.6,kha
2000,other,...10,protected_forest,0.0,kha
2000,other,101...110,protected_forest,0.0,kha
2000,other,11...20,protected_forest,0.0,kha
2000,other,111...120,protected_forest,0.0,kha
2000,other,121...130,protected_forest,0.0,kha
2000,other,131...140,protected_forest,0.0,kha
2000,other,141...,protected_forest,0.0,kha
2000,other,21...30,protected_forest,0.0,kha
2000,other,31...40,protected_forest,0.0,kha
2000,other,41...50,protected_forest,0.0,kha
2000,other,51...60,protected_forest,1.6,kha
2000,other,61...70,protected_forest,2.3,kha
2000,other,71...80,protected_forest,0.6,kha
2000,other,81...90,protected_forest,0.0,kha
2000,other,91...100,protected_forest,0.5,kha
2000,other,no_trees,protected_forest,0.6,kha
2000,other,renewal_not_complete,protected_forest,0.0,kha
2000,pine,...10,production_forest,8.1,kha
2000,pine,101...110,production_forest,17.1,kha
2000,pine,11...20,production_forest,28.4,kha
2000,pine,111...120,production_forest,18.5,kha
2000,pine,121...130,production_forest,3.0,kha
2000,pine,131...140,production_forest,2.2,kha
2000,pine,141...,production_forest,9.0,kha
2000,pine,21...30,production_forest,25.5,kha
2000,pine,31...40,production_forest,51.8,kha
2000,pine,41...50,production_forest,81.9,kha
2000,pine,51...60,production_forest,90.2,kha
2000,pine,61...70,production_forest,86.2,kha
2000,pine,71...80,production_forest,80.8,kha
2000,pine,81...90,production_forest,64.0,kha
2000,pine,91...100,production_forest,42.5,kha
2000,pine,no_trees,production_forest,13.4,kha
2000,pine,renewal_not_complete,production_forest,24.6,kha
2000,pine,...10,protected_forest,0.8,kha
2000,pine,101...110,protected_forest,4.5,kha
2000,pine,11...20,protected_forest,2.4,kha
2000,pine,111...120,protected_forest,6.6,kha
2000,pine,121...130,protected_forest,4.5,kha
2000,pine,131...140,protected_forest,5.4,kha
2000,pine,141...,protected_forest,4.9,kha
2000,pine,21...30,protected_forest,5.8,kha
2000,pine,31...40,protected_forest,4.2,kha
2000,pine,41...50,protected_forest,10.7,kha
2000,pine,51...60,protected_forest,5.6,kha
2000,pine,61...70,protected_forest,17.5,kha
2000,pine,71...80,protected_forest,11.7,kha
2000,pine,81...90,protected_forest,12.7,kha
2000,pine,91...100,protected_forest,6.7,kha
2000,pine,no_trees,protected_forest,1.1,kha
2000,pine,renewal_not_complete,protected_forest,1.3,kha
2000,spruce,...10,production_forest,4.5,kha
2000,spruce,101...110,production_forest,7.4,kha
2000,spruce,11...20,production_forest,26.0,kha
2000,spruce,111...120,production_forest,5.6,kha
2000,spruce,121...130,production_forest,0.6,kha
2000,spruce,131...140,production_forest,0.6,kha
2000,spruce,141...,production_forest,0.0,kha
2000,spruce,21...30,production_forest,36.5,kha
2000,spruce,31...40,production_forest,39.5,kha
2000,spruce,41...50,production_forest,32.3,kha
2000,spruce,51...60,production_forest,47.9,kha
2000,spruce,61...70,production_forest,51.0,kha
2000,spruce,71...80,production_forest,44.8,kha
2000,spruce,81...90,production_forest,28.9,kha
2000,spruce,91...100,production_forest,18.5,kha
2000,spruce,no_trees,production_forest,20.4,kha
2000,spruce,renewal_not_complete,production_forest,26.0,kha
2000,spruce,...10,protected_forest,0.3,kha
2000,spruce,101...110,protected_forest,1.1,kha
2000,spruce,11...20,protected_forest,0.9,kha
2000,spruce,111...120,protected_forest,2.0,kha
2000,spruce,121...130,protected_forest,0.0,kha
2000,spruce,131...140,protected_forest,0.0,kha
2000,spruce,141...,protected_forest,0.6,kha
2000,spruce,21...30,protected_forest,2.8,kha
2000,spruce,31...40,protected_forest,2.5,kha
2000,spruce,41...50,protected_forest,1.3,kha
2000,spruce,51...60,protected_forest,1.1,kha
2000,spruce,61...70,protected_forest,2.3,kha
2000,spruce,71...80,protected_forest,1.7,kha
2000,spruce,81...90,protected_forest,2.3,kha
2000,spruce,91...100,protected_forest,0.6,kha
2000,spruce,no_trees,protected_forest,0.0,kha
2000,spruce,renewal_not_complete,protected_forest,1.1,kha
2001,aspen,...10,production_forest,8.7,kha
2001,aspen,101...110,production_forest,0.0,kha
2001,aspen,11...20,production_forest,3.9,kha
2001,aspen,111...120,production_forest,0.4,kha
2001,aspen,121...130,production_forest,0.0,kha
2001,aspen,131...140,production_forest,0.0,kha
2001,aspen,141...,production_forest,0.0,kha
2001,aspen,21...30,production_forest,5.7,kha
2001,aspen,31...40,production_forest,12.0,kha
2001,aspen,41...50,production_forest,26.8,kha
2001,aspen,51...60,production_forest,24.1,kha
2001,aspen,61...70,production_forest,11.1,kha
2001,aspen,71...80,production_forest,7.5,kha
2001,aspen,81...90,production_forest,2.8,kha
2001,aspen,91...100,production_forest,0.4,kha
2001,aspen,no_trees,production_forest,0.8,kha
2001,aspen,renewal_not_complete,production_forest,9.4,kha
2001,aspen,...10,protected_forest,0.4,kha
2001,aspen,101...110,protected_forest,0.0,kha
2001,aspen,11...20,protected_forest,0.0,kha
2001,aspen,111...120,protected_forest,0.0,kha
2001,aspen,121...130,protected_forest,0.0,kha
2001,aspen,131...140,protected_forest,0.0,kha
2001,aspen,141...,protected_forest,0.0,kha
2001,aspen,21...30,protected_forest,0.0,kha
2001,aspen,31...40,protected_forest,0.0,kha
2001,aspen,41...50,protected_forest,0.4,kha
2001,aspen,51...60,protected_forest,3.4,kha
2001,aspen,61...70,protected_forest,2.2,kha
2001,aspen,71...80,protected_forest,0.9,kha
2001,aspen,81...90,protected_forest,0.0,kha
2001,aspen,91...100,protected_forest,0.3,kha
2001,aspen,no_trees,protected_forest,0.4,kha
2001,aspen,renewal_not_complete,protected_forest,0.0,kha
2001,birch,...10,production_forest,41.1,kha
2001,birch,101...110,production_forest,0.4,kha
2001,birch,11...20,production_forest,46.6,kha
2001,birch,111...120,production_forest,0.0,kha
2001,birch,121...130,production_forest,0.0,kha
2001,birch,131...140,production_forest,0.0,kha
2001,birch,141...,production_forest,0.0,kha
2001,birch,21...30,production_forest,52.3,kha
2001,birch,31...40,production_forest,108.2,kha
2001,birch,41...50,production_forest,130.9,kha
2001,birch,51...60,production_forest,114.5,kha
2001,birch,61...70,production_forest,65.4,kha
2001,birch,71...80,production_forest,28.5,kha
2001,birch,81...90,production_forest,10.9,kha
2001,birch,91...100,production_forest,3.0,kha
2001,birch,no_trees,production_forest,22.8,kha
2001,birch,renewal_not_complete,production_forest,19.7,kha
2001,birch,...10,protected_forest,4.4,kha
2001,birch,101...110,protected_forest,0.8,kha
2001,birch,11...20,protected_forest,1.5,kha
2001,birch,111...120,protected_forest,0.0,kha
2001,birch,121...130,protected_forest,0.0,kha
2001,birch,131...140,protected_forest,0.0,kha
2001,birch,141...,protected_forest,0.0,kha
2001,birch,21...30,protected_forest,1.1,kha
2001,birch,31...40,protected_forest,6.5,kha
2001,birch,41...50,protected_forest,7.0,kha
2001,birch,51...60,protected_forest,8.1,kha
2001,birch,61...70,protected_forest,7.4,kha
2001,birch,71...80,protected_forest,3.0,kha
2001,birch,81...90,protected_forest,0.7,kha
2001,birch,91...100,protected_forest,1.1,kha
2001,birch,no_trees,protected_forest,0.4,kha
2001,birch,renewal_not_complete,protected_forest,2.2,kha
2001,black_alder,...10,production_forest,0.6,kha
2001,black_alder,101...110,production_forest,0.4,kha
2001,black_alder,11...20,production_forest,2.7,kha
2001,black_alder,111...120,production_forest,0.4,kha
2001,black_alder,121...130,production_forest,0.0,kha
2001,black_alder,131...140,production_forest,0.0,kha
2001,black_alder,141...,production_forest,0.0,kha
2001,black_alder,21...30,production_forest,3.6,kha
2001,black_alder,31...40,production_forest,11.5,kha
2001,black_alder,41...50,production_forest,14.7,kha
2001,black_alder,51...60,production_forest,13.4,kha
2001,black_alder,61...70,production_forest,5.0,kha
2001,black_alder,71...80,production_forest,2.6,kha
2001,black_alder,81...90,production_forest,1.5,kha
2001,black_alder,91...100,production_forest,0.7,kha
2001,black_alder,no_trees,production_forest,1.5,kha
2001,black_alder,renewal_not_complete,production_forest,1.5,kha
2001,black_alder,...10,protected_forest,0.2,kha
2001,black_alder,101...110,protected_forest,0.0,kha
2001,black_alder,11...20,protected_forest,0.9,kha
2001,black_alder,111...120,protected_forest,0.0,kha
2001,black_alder,121...130,protected_forest,0.0,kha
2001,black_alder,131...140,protected_forest,0.0,kha
2001,black_alder,141...,protected_forest,0.0,kha
2001,black_alder,21...30,protected_forest,0.4,kha
2001,black_alder,31...40,protected_forest,0.4,kha
2001,black_alder,41...50,protected_forest,0.7,kha
2001,black_alder,51...60,protected_forest,1.1,kha
2001,black_alder,61...70,protected_forest,0.4,kha
2001,black_alder,71...80,protected_forest,0.7,kha
2001,black_alder,81...90,protected_forest,0.4,kha
2001,black_alder,91...100,protected_forest,0.0,kha
2001,black_alder,no_trees,protected_forest,0.0,kha
2001,black_alder,renewal_not_complete,protected_forest,0.4,kha
2001,grey_alder,...10,production_forest,18.5,kha
2001,grey_alder,101...110,production_forest,0.0,kha
2001,grey_alder,11...20,production_forest,23.6,kha
2001,grey_alder,111...120,production_forest,0.0,kha
2001,grey_alder,121...130,production_forest,0.0,kha
2001,grey_alder,131...140,production_forest,0.0,kha
2001,grey_alder,141...,production_forest,0.0,kha
2001,grey_alder,21...30,production_forest,44.4,kha
2001,grey_alder,31...40,production_forest,55.3,kha
2001,grey_alder,41...50,production_forest,24.5,kha
2001,grey_alder,51...60,production_forest,4.3,kha
2001,grey_alder,61...70,production_forest,0.0,kha
2001,grey_alder,71...80,production_forest,0.0,kha
2001,grey_alder,81...90,production_forest,0.0,kha
2001,grey_alder,91...100,production_forest,0.0,kha
2001,grey_alder,no_trees,production_forest,2.3,kha
2001,grey_alder,renewal_not_complete,production_forest,10.0,kha
2001,grey_alder,...10,protected_forest,0.0,kha
2001,grey_alder,101...110,protected_forest,0.0,kha
2001,grey_alder,11...20,protected_forest,0.5,kha
2001,grey_alder,111...120,protected_forest,0.0,kha
2001,grey_alder,121...130,protected_forest,0.0,kha
2001,grey_alder,131...140,protected_forest,0.0,kha
2001,grey_alder,141...,protected_forest,0.0,kha
2001,grey_alder,21...30,protected_forest,1.3,kha
2001,grey_alder,31...40,protected_forest,0.9,kha
2001,grey_alder,41...50,protected_forest,1.9,kha
2001,grey_alder,51...60,protected_forest,0.0,kha
2001,grey_alder,61...70,protected_forest,0.0,kha
2001,grey_alder,71...80,protected_forest,0.0,kha
2001,grey_alder,81...90,protected_forest,0.0,kha
2001,grey_alder,91...100,protected_forest,0.0,kha
2001,grey_alder,no_trees,protected_forest,0.0,kha
2001,grey_alder,renewal_not_complete,protected_forest,0.0,kha
2001,other,...10,production_forest,2.5,kha
2001,other,101...110,production_forest,0.4,kha
2001,other,11...20,production_forest,2.9,kha
2001,other,111...120,production_forest,0.0,kha
2001,other,121...130,production_forest,0.0,kha
2001,other,131...140,production_forest,0.0,kha
2001,other,141...,production_forest,0.0,kha
2001,other,21...30,production_forest,2.3,kha
2001,other,31...40,production_forest,4.8,kha
2001,other,41...50,production_forest,3.7,kha
2001,other,51...60,production_forest,3.0,kha
2001,other,61...70,production_forest,2.2,kha
2001,other,71...80,production_forest,3.7,kha
2001,other,81...90,production_forest,0.7,kha
2001,other,91...100,production_forest,0.4,kha
2001,other,no_trees,production_forest,0.0,kha
2001,other,renewal_not_complete,production_forest,0.4,kha
2001,other,...10,protected_forest,0.0,kha
2001,other,101...110,protected_forest,0.0,kha
2001,other,11...20,protected_forest,0.0,kha
2001,other,111...120,protected_forest,0.0,kha
2001,other,121...130,protected_forest,0.0,kha
2001,other,131...140,protected_forest,0.0,kha
2001,other,141...,protected_forest,0.0,kha
2001,other,21...30,protected_forest,0.0,kha
2001,other,31...40,protected_forest,0.0,kha
2001,other,41...50,protected_forest,0.0,kha
2001,other,51...60,protected_forest,1.9,kha
2001,other,61...70,protected_forest,1.5,kha
2001,other,71...80,protected_forest,0.4,kha
2001,other,81...90,protected_forest,0.4,kha
2001,other,91...100,protected_forest,0.3,kha
2001,other,no_trees,protected_forest,0.4,kha
2001,other,renewal_not_complete,protected_forest,0.0,kha
2001,pine,...10,production_forest,7.0,kha
2001,pine,101...110,production_forest,15.5,kha
2001,pine,11...20,production_forest,25.0,kha
2001,pine,111...120,production_forest,16.5,kha
2001,pine,121...130,production_forest,3.5,kha
2001,pine,131...140,production_forest,1.5,kha
2001,pine,141...,production_forest,7.2,kha
2001,pine,21...30,production_forest,33.2,kha
2001,pine,31...40,production_forest,53.0,kha
2001,pine,41...50,production_forest,80.1,kha
2001,pine,51...60,production_forest,87.3,kha
2001,pine,61...70,production_forest,78.2,kha
2001,pine,71...80,production_forest,77.8,kha
2001,pine,81...90,production_forest,58.2,kha
2001,pine,91...100,production_forest,41.8,kha
2001,pine,no_trees,production_forest,13.1,kha
2001,pine,renewal_not_complete,production_forest,25.4,kha
2001,pine,...10,protected_forest,0.6,kha
2001,pine,101...110,protected_forest,5.1,kha
2001,pine,11...20,protected_forest,1.9,kha
2001,pine,111...120,protected_forest,8.0,kha
2001,pine,121...130,protected_forest,3.8,kha
2001,pine,131...140,protected_forest,3.9,kha
2001,pine,141...,protected_forest,7.4,kha
2001,pine,21...30,protected_forest,6.9,kha
2001,pine,31...40,protected_forest,6.2,kha
2001,pine,41...50,protected_forest,11.5,kha
2001,pine,51...60,protected_forest,4.9,kha
2001,pine,61...70,protected_forest,14.7,kha
2001,pine,71...80,protected_forest,11.5,kha
2001,pine,81...90,protected_forest,10.0,kha
2001,pine,91...100,protected_forest,6.0,kha
2001,pine,no_trees,protected_forest,0.9,kha
2001,pine,renewal_not_complete,protected_forest,1.3,kha
2001,spruce,...10,production_forest,4.3,kha
2001,spruce,101...110,production_forest,6.9,kha
2001,spruce,11...20,production_forest,25.1,kha
2001,spruce,111...120,production_forest,5.2,kha
2001,spruce,121...130,production_forest,0.4,kha
2001,spruce,131...140,production_forest,0.4,kha
2001,spruce,141...,production_forest,0.0,kha
2001,spruce,21...30,production_forest,37.9,kha
2001,spruce,31...40,production_forest,41.0,kha
2001,spruce,41...50,production_forest,36.3,kha
2001,spruce,51...60,production_forest,48.2,kha
2001,spruce,61...70,production_forest,55.3,kha
2001,spruce,71...80,production_forest,44.5,kha
2001,spruce,81...90,production_forest,26.7,kha
2001,spruce,91...100,production_forest,15.1,kha
2001,spruce,no_trees,production_forest,23.3,kha
2001,spruce,renewal_not_complete,production_forest,23.5,kha
2001,spruce,...10,protected_forest,0.2,kha
2001,spruce,101...110,protected_forest,1.1,kha
2001,spruce,11...20,protected_forest,0.9,kha
2001,spruce,111...120,protected_forest,1.7,kha
2001,spruce,121...130,protected_forest,0.0,kha
2001,spruce,131...140,protected_forest,0.0,kha
2001,spruce,141...,protected_forest,0.4,kha
2001,spruce,21...30,protected_forest,2.6,kha
2001,spruce,31...40,protected_forest,1.6,kha
2001,spruce,41...50,protected_forest,1.3,kha
2001,spruce,51...60,protected_forest,0.8,kha
2001,spruce,61...70,protected_forest,1.8,kha
2001,spruce,71...80,protected_forest,1.5,kha
2001,spruce,81...90,protected_forest,1.5,kha
2001,spruce,91...100,protected_forest,1.1,kha
2001,spruce,no_trees,protected_forest,0.0,kha
2001,spruce,renewal_not_complete,protected_forest,0.7,kha
2002,aspen,...10,production_forest,9.5,kha
2002,aspen,101...110,production_forest,0.0,kha
2002,aspen,11...20,production_forest,3.9,kha
2002,aspen,111...120,production_forest,0.3,kha
2002,aspen,121...130,production_forest,0.0,kha
2002,aspen,131...140,production_forest,0.0,kha
2002,aspen,141...,production_forest,0.0,kha
2002,aspen,21...30,production_forest,5.6,kha
2002,aspen,31...40,production_forest,12.6,kha
2002,aspen,41...50,production_forest,27.2,kha
2002,aspen,51...60,production_forest,25.1,kha
2002,aspen,61...70,production_forest,11.9,kha
2002,aspen,71...80,production_forest,7.3,kha
2002,aspen,81...90,production_forest,2.1,kha
2002,aspen,91...100,production_forest,0.3,kha
2002,aspen,no_trees,production_forest,0.6,kha
2002,aspen,renewal_not_complete,production_forest,10.7,kha
2002,aspen,...10,protected_forest,0.3,kha
2002,aspen,101...110,protected_forest,0.0,kha
2002,aspen,11...20,protected_forest,0.0,kha
2002,aspen,111...120,protected_forest,0.0,kha
2002,aspen,121...130,protected_forest,0.0,kha
2002,aspen,131...140,protected_forest,0.0,kha
2002,aspen,141...,protected_forest,0.0,kha
2002,aspen,21...30,protected_forest,0.0,kha
2002,aspen,31...40,protected_forest,0.0,kha
2002,aspen,41...50,protected_forest,0.6,kha
2002,aspen,51...60,protected_forest,2.8,kha
2002,aspen,61...70,protected_forest,1.9,kha
2002,aspen,71...80,protected_forest,0.6,kha
2002,aspen,81...90,protected_forest,0.0,kha
2002,aspen,91...100,protected_forest,0.3,kha
2002,aspen,no_trees,protected_forest,0.3,kha
2002,aspen,renewal_not_complete,protected_forest,0.2,kha
2002,birch,...10,production_forest,43.6,kha
2002,birch,101...110,production_forest,0.3,kha
2002,birch,11...20,production_forest,52.1,kha
2002,birch,111...120,production_forest,0.3,kha
2002,birch,121...130,production_forest,0.0,kha
2002,birch,131...140,production_forest,0.0,kha
2002,birch,141...,production_forest,0.0,kha
2002,birch,21...30,production_forest,55.7,kha
2002,birch,31...40,production_forest,100.3,kha
2002,birch,41...50,production_forest,127.2,kha
2002,birch,51...60,production_forest,113.3,kha
2002,birch,61...70,production_forest,63.0,kha
2002,birch,71...80,production_forest,31.3,kha
2002,birch,81...90,production_forest,11.0,kha
2002,birch,91...100,production_forest,2.9,kha
2002,birch,no_trees,production_forest,25.3,kha
2002,birch,renewal_not_complete,production_forest,21.2,kha
2002,birch,...10,protected_forest,3.6,kha
2002,birch,101...110,protected_forest,0.6,kha
2002,birch,11...20,protected_forest,1.3,kha
2002,birch,111...120,protected_forest,0.0,kha
2002,birch,121...130,protected_forest,0.0,kha
2002,birch,131...140,protected_forest,0.0,kha
2002,birch,141...,protected_forest,0.0,kha
2002,birch,21...30,protected_forest,1.8,kha
2002,birch,31...40,protected_forest,6.8,kha
2002,birch,41...50,protected_forest,6.9,kha
2002,birch,51...60,protected_forest,8.8,kha
2002,birch,61...70,protected_forest,7.2,kha
2002,birch,71...80,protected_forest,3.1,kha
2002,birch,81...90,protected_forest,0.8,kha
2002,birch,91...100,protected_forest,0.9,kha
2002,birch,no_trees,protected_forest,0.6,kha
2002,birch,renewal_not_complete,protected_forest,1.9,kha
2002,black_alder,...10,production_forest,1.2,kha
2002,black_alder,101...110,production_forest,0.3,kha
2002,black_alder,11...20,production_forest,2.7,kha
2002,black_alder,111...120,production_forest,0.3,kha
2002,black_alder,121...130,production_forest,0.0,kha
2002,black_alder,131...140,production_forest,0.0,kha
2002,black_alder,141...,production_forest,0.0,kha
2002,black_alder,21...30,production_forest,3.8,kha
2002,black_alder,31...40,production_forest,9.9,kha
2002,black_alder,41...50,production_forest,13.4,kha
2002,black_alder,51...60,production_forest,13.0,kha
2002,black_alder,61...70,production_forest,5.1,kha
2002,black_alder,71...80,production_forest,2.5,kha
2002,black_alder,81...90,production_forest,1.4,kha
2002,black_alder,91...100,production_forest,0.6,kha
2002,black_alder,no_trees,production_forest,1.4,kha
2002,black_alder,renewal_not_complete,production_forest,1.4,kha
2002,black_alder,...10,protected_forest,0.1,kha
2002,black_alder,101...110,protected_forest,0.0,kha
2002,black_alder,11...20,protected_forest,0.7,kha
2002,black_alder,111...120,protected_forest,0.0,kha
2002,black_alder,121...130,protected_forest,0.0,kha
2002,black_alder,131...140,protected_forest,0.0,kha
2002,black_alder,141...,protected_forest,0.0,kha
2002,black_alder,21...30,protected_forest,0.2,kha
2002,black_alder,31...40,protected_forest,0.3,kha
2002,black_alder,41...50,protected_forest,0.5,kha
2002,black_alder,51...60,protected_forest,0.8,kha
2002,black_alder,61...70,protected_forest,0.6,kha
2002,black_alder,71...80,protected_forest,0.5,kha
2002,black_alder,81...90,protected_forest,0.3,kha
2002,black_alder,91...100,protected_forest,0.0,kha
2002,black_alder,no_trees,protected_forest,0.0,kha
2002,black_alder,renewal_not_complete,protected_forest,0.3,kha
2002,grey_alder,...10,production_forest,16.9,kha
2002,grey_alder,101...110,production_forest,0.0,kha
2002,grey_alder,11...20,production_forest,26.3,kha
2002,grey_alder,111...120,production_forest,0.0,kha
2002,grey_alder,121...130,production_forest,0.0,kha
2002,grey_alder,131...140,production_forest,0.0,kha
2002,grey_alder,141...,production_forest,0.0,kha
2002,grey_alder,21...30,production_forest,42.4,kha
2002,grey_alder,31...40,production_forest,58.2,kha
2002,grey_alder,41...50,production_forest,22.5,kha
2002,grey_alder,51...60,production_forest,3.2,kha
2002,grey_alder,61...70,production_forest,0.0,kha
2002,grey_alder,71...80,production_forest,0.0,kha
2002,grey_alder,81...90,production_forest,0.0,kha
2002,grey_alder,91...100,production_forest,0.0,kha
2002,grey_alder,no_trees,production_forest,2.3,kha
2002,grey_alder,renewal_not_complete,production_forest,9.5,kha
2002,grey_alder,...10,protected_forest,0.0,kha
2002,grey_alder,101...110,protected_forest,0.0,kha
2002,grey_alder,11...20,protected_forest,0.3,kha
2002,grey_alder,111...120,protected_forest,0.0,kha
2002,grey_alder,121...130,protected_forest,0.0,kha
2002,grey_alder,131...140,protected_forest,0.0,kha
2002,grey_alder,141...,protected_forest,0.0,kha
2002,grey_alder,21...30,protected_forest,0.9,kha
2002,grey_alder,31...40,protected_forest,1.5,kha
2002,grey_alder,41...50,protected_forest,1.3,kha
2002,grey_alder,51...60,protected_forest,0.0,kha
2002,grey_alder,61...70,protected_forest,0.0,kha
2002,grey_alder,71...80,protected_forest,0.0,kha
2002,grey_alder,81...90,protected_forest,0.0,kha
2002,grey_alder,91...100,protected_forest,0.0,kha
2002,grey_alder,no_trees,protected_forest,0.0,kha
2002,grey_alder,renewal_not_complete,protected_forest,0.0,kha
2002,other,...10,production_forest,1.8,kha
2002,other,101...110,production_forest,0.3,kha
2002,other,11...20,production_forest,2.7,kha
2002,other,111...120,production_forest,0.0,kha
2002,other,121...130,production_forest,0.4,kha
2002,other,131...140,production_forest,0.0,kha
2002,other,141...,production_forest,0.0,kha
2002,other,21...30,production_forest,2.4,kha
2002,other,31...40,production_forest,4.5,kha
2002,other,41...50,production_forest,4.0,kha
2002,other,51...60,production_forest,3.4,kha
2002,other,61...70,production_forest,1.9,kha
2002,other,71...80,production_forest,3.9,kha
2002,other,81...90,production_forest,0.6,kha
2002,other,91...100,production_forest,0.6,kha
2002,other,no_trees,production_forest,0.0,kha
2002,other,renewal_not_complete,production_forest,0.3,kha
2002,other,...10,protected_forest,0.0,kha
2002,other,101...110,protected_forest,0.3,kha
2002,other,11...20,protected_forest,0.0,kha
2002,other,111...120,protected_forest,0.0,kha
2002,other,121...130,protected_forest,0.0,kha
2002,other,131...140,protected_forest,0.0,kha
2002,other,141...,protected_forest,0.6,kha
2002,other,21...30,protected_forest,0.0,kha
2002,other,31...40,protected_forest,0.0,kha
2002,other,41...50,protected_forest,0.0,kha
2002,other,51...60,protected_forest,1.3,kha
2002,other,61...70,protected_forest,1.4,kha
2002,other,71...80,protected_forest,0.2,kha
2002,other,81...90,protected_forest,0.2,kha
2002,other,91...100,protected_forest,0.5,kha
2002,other,no_trees,protected_forest,0.3,kha
2002,other,renewal_not_complete,protected_forest,0.0,kha
2002,pine,...10,production_forest,6.8,kha
2002,pine,101...110,production_forest,19.2,kha
2002,pine,11...20,production_forest,21.5,kha
2002,pine,111...120,production_forest,15.3,kha
2002,pine,121...130,production_forest,4.6,kha
2002,pine,131...140,production_forest,2.4,kha
2002,pine,141...,production_forest,7.0,kha
2002,pine,21...30,production_forest,30.4,kha
2002,pine,31...40,production_forest,53.3,kha
2002,pine,41...50,production_forest,79.6,kha
2002,pine,51...60,production_forest,80.6,kha
2002,pine,61...70,production_forest,78.7,kha
2002,pine,71...80,production_forest,76.8,kha
2002,pine,81...90,production_forest,58.4,kha
2002,pine,91...100,production_forest,38.8,kha
2002,pine,no_trees,production_forest,12.9,kha
2002,pine,renewal_not_complete,production_forest,25.9,kha
2002,pine,...10,protected_forest,0.4,kha
2002,pine,101...110,protected_forest,6.3,kha
2002,pine,11...20,protected_forest,1.5,kha
2002,pine,111...120,protected_forest,7.5,kha
2002,pine,121...130,protected_forest,3.8,kha
2002,pine,131...140,protected_forest,3.2,kha
2002,pine,141...,protected_forest,6.9,kha
2002,pine,21...30,protected_forest,6.6,kha
2002,pine,31...40,protected_forest,5.1,kha
2002,pine,41...50,protected_forest,10.6,kha
2002,pine,51...60,protected_forest,5.5,kha
2002,pine,61...70,protected_forest,14.6,kha
2002,pine,71...80,protected_forest,13.3,kha
2002,pine,81...90,protected_forest,10.4,kha
2002,pine,91...100,protected_forest,6.2,kha
2002,pine,no_trees,protected_forest,0.9,kha
2002,pine,renewal_not_complete,protected_forest,1.2,kha
2002,spruce,...10,production_forest,4.3,kha
2002,spruce,101...110,production_forest,7.3,kha
2002,spruce,11...20,production_forest,24.2,kha
2002,spruce,111...120,production_forest,4.4,kha
2002,spruce,121...130,production_forest,0.3,kha
2002,spruce,131...140,production_forest,0.3,kha
2002,spruce,141...,production_forest,0.3,kha
2002,spruce,21...30,production_forest,37.9,kha
2002,spruce,31...40,production_forest,39.7,kha
2002,spruce,41...50,production_forest,35.2,kha
2002,spruce,51...60,production_forest,50.4,kha
2002,spruce,61...70,production_forest,55.5,kha
2002,spruce,71...80,production_forest,42.8,kha
2002,spruce,81...90,production_forest,25.5,kha
2002,spruce,91...100,production_forest,12.9,kha
2002,spruce,no_trees,production_forest,23.1,kha
2002,spruce,renewal_not_complete,production_forest,21.8,kha
2002,spruce,...10,protected_forest,0.2,kha
2002,spruce,101...110,protected_forest,1.4,kha
2002,spruce,11...20,protected_forest,0.7,kha
2002,spruce,111...120,protected_forest,1.3,kha
2002,spruce,121...130,protected_forest,0.0,kha
2002,spruce,131...140,protected_forest,0.0,kha
2002,spruce,141...,protected_forest,0.3,kha
2002,spruce,21...30,protected_forest,2.6,kha
2002,spruce,31...40,protected_forest,1.3,kha
2002,spruce,41...50,protected_forest,1.7,kha
2002,spruce,51...60,protected_forest,1.4,kha
2002,spruce,61...70,protected_forest,1.6,kha
2002,spruce,71...80,protected_forest,2.3,kha
2002,spruce,81...90,protected_forest,2.0,kha
2002,spruce,91...100,protected_forest,1.4,kha
2002,spruce,no_trees,protected_forest,0.0,kha
2002,spruce,renewal_not_complete,protected_forest,1.1,kha
2003,aspen,...10,production_forest,12.5,kha
2003,aspen,101...110,production_forest,0.0,kha
2003,aspen,11...20,production_forest,4.3,kha
2003,aspen,111...120,production_forest,0.2,kha
2003,aspen,121...130,production_forest,0.0,kha
2003,aspen,131...140,production_forest,0.0,kha
2003,aspen,141...,production_forest,0.0,kha
2003,aspen,21...30,production_forest,5.7,kha
2003,aspen,31...40,production_forest,13.1,kha
2003,aspen,41...50,production_forest,26.6,kha
2003,aspen,51...60,production_forest,24.4,kha
2003,aspen,61...70,production_forest,12.0,kha
2003,aspen,71...80,production_forest,6.7,kha
2003,aspen,81...90,production_forest,2.5,kha
2003,aspen,91...100,production_forest,0.2,kha
2003,aspen,no_trees,production_forest,2.4,kha
2003,aspen,renewal_not_complete,production_forest,11.0,kha
2003,aspen,...10,protected_forest,0.2,kha
2003,aspen,101...110,protected_forest,0.0,kha
2003,aspen,11...20,protected_forest,0.0,kha
2003,aspen,111...120,protected_forest,0.0,kha
2003,aspen,121...130,protected_forest,0.0,kha
2003,aspen,131...140,protected_forest,0.0,kha
2003,aspen,141...,protected_forest,0.0,kha
2003,aspen,21...30,protected_forest,0.0,kha
2003,aspen,31...40,protected_forest,0.0,kha
2003,aspen,41...50,protected_forest,0.5,kha
2003,aspen,51...60,protected_forest,2.6,kha
2003,aspen,61...70,protected_forest,1.5,kha
2003,aspen,71...80,protected_forest,0.5,kha
2003,aspen,81...90,protected_forest,0.0,kha
2003,aspen,91...100,protected_forest,0.2,kha
2003,aspen,no_trees,protected_forest,0.2,kha
2003,aspen,renewal_not_complete,protected_forest,0.2,kha
2003,birch,...10,production_forest,45.1,kha
2003,birch,101...110,production_forest,0.3,kha
2003,birch,11...20,production_forest,51.4,kha
2003,birch,111...120,production_forest,0.2,kha
2003,birch,121...130,production_forest,0.0,kha
2003,birch,131...140,production_forest,0.0,kha
2003,birch,141...,production_forest,0.0,kha
2003,birch,21...30,production_forest,55.7,kha
2003,birch,31...40,production_forest,98.3,kha
2003,birch,41...50,production_forest,129.9,kha
2003,birch,51...60,production_forest,114.4,kha
2003,birch,61...70,production_forest,62.3,kha
2003,birch,71...80,production_forest,33.8,kha
2003,birch,81...90,production_forest,11.3,kha
2003,birch,91...100,production_forest,2.7,kha
2003,birch,no_trees,production_forest,23.7,kha
2003,birch,renewal_not_complete,production_forest,24.1,kha
2003,birch,...10,protected_forest,3.5,kha
2003,birch,101...110,protected_forest,0.6,kha
2003,birch,11...20,protected_forest,2.0,kha
2003,birch,111...120,protected_forest,0.0,kha
2003,birch,121...130,protected_forest,0.0,kha
2003,birch,131...140,protected_forest,0.0,kha
2003,birch,141...,protected_forest,0.0,kha
2003,birch,21...30,protected_forest,2.7,kha
2003,birch,31...40,protected_forest,5.8,kha
2003,birch,41...50,protected_forest,6.9,kha
2003,birch,51...60,protected_forest,10.1,kha
2003,birch,61...70,protected_forest,8.1,kha
2003,birch,71...80,protected_forest,3.7,kha
2003,birch,81...90,protected_forest,1.3,kha
2003,birch,91...100,protected_forest,0.6,kha
2003,birch,no_trees,protected_forest,0.4,kha
2003,birch,renewal_not_complete,protected_forest,2.0,kha
2003,black_alder,...10,production_forest,0.9,kha
2003,black_alder,101...110,production_forest,0.2,kha
2003,black_alder,11...20,production_forest,2.6,kha
2003,black_alder,111...120,production_forest,0.2,kha
2003,black_alder,121...130,production_forest,0.0,kha
2003,black_alder,131...140,production_forest,0.0,kha
2003,black_alder,141...,production_forest,0.0,kha
2003,black_alder,21...30,production_forest,3.9,kha
2003,black_alder,31...40,production_forest,11.4,kha
2003,black_alder,41...50,production_forest,15.2,kha
2003,black_alder,51...60,production_forest,13.5,kha
2003,black_alder,61...70,production_forest,4.7,kha
2003,black_alder,71...80,production_forest,3.5,kha
2003,black_alder,81...90,production_forest,1.1,kha
2003,black_alder,91...100,production_forest,0.5,kha
2003,black_alder,no_trees,production_forest,1.2,kha
2003,black_alder,renewal_not_complete,production_forest,2.6,kha
2003,black_alder,...10,protected_forest,0.1,kha
2003,black_alder,101...110,protected_forest,0.0,kha
2003,black_alder,11...20,protected_forest,0.5,kha
2003,black_alder,111...120,protected_forest,0.0,kha
2003,black_alder,121...130,protected_forest,0.0,kha
2003,black_alder,131...140,protected_forest,0.0,kha
2003,black_alder,141...,protected_forest,0.0,kha
2003,black_alder,21...30,protected_forest,0.4,kha
2003,black_alder,31...40,protected_forest,0.6,kha
2003,black_alder,41...50,protected_forest,0.4,kha
2003,black_alder,51...60,protected_forest,0.9,kha
2003,black_alder,61...70,protected_forest,0.6,kha
2003,black_alder,71...80,protected_forest,0.7,kha
2003,black_alder,81...90,protected_forest,0.4,kha
2003,black_alder,91...100,protected_forest,0.0,kha
2003,black_alder,no_trees,protected_forest,0.0,kha
2003,black_alder,renewal_not_complete,protected_forest,0.2,kha
2003,grey_alder,...10,production_forest,19.1,kha
2003,grey_alder,101...110,production_forest,0.0,kha
2003,grey_alder,11...20,production_forest,29.6,kha
2003,grey_alder,111...120,production_forest,0.0,kha
2003,grey_alder,121...130,production_forest,0.0,kha
2003,grey_alder,131...140,production_forest,0.0,kha
2003,grey_alder,141...,production_forest,0.0,kha
2003,grey_alder,21...30,production_forest,48.8,kha
2003,grey_alder,31...40,production_forest,59.8,kha
2003,grey_alder,41...50,production_forest,25.1,kha
2003,grey_alder,51...60,production_forest,2.6,kha
2003,grey_alder,61...70,production_forest,0.0,kha
2003,grey_alder,71...80,production_forest,0.0,kha
2003,grey_alder,81...90,production_forest,0.0,kha
2003,grey_alder,91...100,production_forest,0.0,kha
2003,grey_alder,no_trees,production_forest,2.9,kha
2003,grey_alder,renewal_not_complete,production_forest,9.0,kha
2003,grey_alder,...10,protected_forest,0.0,kha
2003,grey_alder,101...110,protected_forest,0.0,kha
2003,grey_alder,11...20,protected_forest,0.2,kha
2003,grey_alder,111...120,protected_forest,0.0,kha
2003,grey_alder,121...130,protected_forest,0.0,kha
2003,grey_alder,131...140,protected_forest,0.0,kha
2003,grey_alder,141...,protected_forest,0.0,kha
2003,grey_alder,21...30,protected_forest,1.2,kha
2003,grey_alder,31...40,protected_forest,1.4,kha
2003,grey_alder,41...50,protected_forest,1.1,kha
2003,grey_alder,51...60,protected_forest,0.0,kha
2003,grey_alder,61...70,protected_forest,0.0,kha
2003,grey_alder,71...80,protected_forest,0.0,kha
2003,grey_alder,81...90,protected_forest,0.0,kha
2003,grey_alder,91...100,protected_forest,0.0,kha
2003,grey_alder,no_trees,protected_forest,0.0,kha
2003,grey_alder,renewal_not_complete,protected_forest,0.0,kha
2003,other,...10,production_forest,2.9,kha
2003,other,101...110,production_forest,0.2,kha
2003,other,11...20,production_forest,3.0,kha
2003,other,111...120,production_forest,0.0,kha
2003,other,121...130,production_forest,0.3,kha
2003,other,131...140,production_forest,0.0,kha
2003,other,141...,production_forest,0.0,kha
2003,other,21...30,production_forest,2.8,kha
2003,other,31...40,production_forest,6.2,kha
2003,other,41...50,production_forest,4.7,kha
2003,other,51...60,production_forest,3.9,kha
2003,other,61...70,production_forest,2.0,kha
2003,other,71...80,production_forest,3.5,kha
2003,other,81...90,production_forest,1.1,kha
2003,other,91...100,production_forest,1.1,kha
2003,other,no_trees,production_forest,0.0,kha
2003,other,renewal_not_complete,production_forest,0.4,kha
2003,other,...10,protected_forest,0.0,kha
2003,other,101...110,protected_forest,0.2,kha
2003,other,11...20,protected_forest,0.0,kha
2003,other,111...120,protected_forest,0.0,kha
2003,other,121...130,protected_forest,0.0,kha
2003,other,131...140,protected_forest,0.0,kha
2003,other,141...,protected_forest,0.4,kha
2003,other,21...30,protected_forest,0.2,kha
2003,other,31...40,protected_forest,0.0,kha
2003,other,41...50,protected_forest,0.2,kha
2003,other,51...60,protected_forest,1.1,kha
2003,other,61...70,protected_forest,1.3,kha
2003,other,71...80,protected_forest,0.6,kha
2003,other,81...90,protected_forest,0.2,kha
2003,other,91...100,protected_forest,0.4,kha
2003,other,no_trees,protected_forest,0.2,kha
2003,other,renewal_not_complete,protected_forest,0.0,kha
2003,pine,...10,production_forest,7.3,kha
2003,pine,101...110,production_forest,21.0,kha
2003,pine,11...20,production_forest,20.2,kha
2003,pine,111...120,production_forest,15.0,kha
2003,pine,121...130,production_forest,4.9,kha
2003,pine,131...140,production_forest,2.6,kha
2003,pine,141...,production_forest,6.8,kha
2003,pine,21...30,production_forest,29.9,kha
2003,pine,31...40,production_forest,54.0,kha
2003,pine,41...50,production_forest,80.3,kha
2003,pine,51...60,production_forest,78.1,kha
2003,pine,61...70,production_forest,80.3,kha
2003,pine,71...80,production_forest,78.3,kha
2003,pine,81...90,production_forest,55.6,kha
2003,pine,91...100,production_forest,38.3,kha
2003,pine,no_trees,production_forest,12.8,kha
2003,pine,renewal_not_complete,production_forest,24.2,kha
2003,pine,...10,protected_forest,0.3,kha
2003,pine,101...110,protected_forest,6.3,kha
2003,pine,11...20,protected_forest,1.2,kha
2003,pine,111...120,protected_forest,7.5,kha
2003,pine,121...130,protected_forest,4.0,kha
2003,pine,131...140,protected_forest,3.2,kha
2003,pine,141...,protected_forest,6.4,kha
2003,pine,21...30,protected_forest,6.2,kha
2003,pine,31...40,protected_forest,6.0,kha
2003,pine,41...50,protected_forest,11.4,kha
2003,pine,51...60,protected_forest,7.0,kha
2003,pine,61...70,protected_forest,14.3,kha
2003,pine,71...80,protected_forest,13.3,kha
2003,pine,81...90,protected_forest,10.5,kha
2003,pine,91...100,protected_forest,8.4,kha
2003,pine,no_trees,protected_forest,0.9,kha
2003,pine,renewal_not_complete,protected_forest,1.6,kha
2003,spruce,...10,production_forest,4.5,kha
2003,spruce,101...110,production_forest,7.0,kha
2003,spruce,11...20,production_forest,23.7,kha
2003,spruce,111...120,production_forest,3.7,kha
2003,spruce,121...130,production_forest,0.2,kha
2003,spruce,131...140,production_forest,0.2,kha
2003,spruce,141...,production_forest,0.4,kha
2003,spruce,21...30,production_forest,40.0,kha
2003,spruce,31...40,production_forest,37.7,kha
2003,spruce,41...50,production_forest,33.3,kha
2003,spruce,51...60,production_forest,52.7,kha
2003,spruce,61...70,production_forest,52.6,kha
2003,spruce,71...80,production_forest,44.0,kha
2003,spruce,81...90,production_forest,26.3,kha
2003,spruce,91...100,production_forest,15.7,kha
2003,spruce,no_trees,production_forest,23.5,kha
2003,spruce,renewal_not_complete,production_forest,19.0,kha
2003,spruce,...10,protected_forest,0.1,kha
2003,spruce,101...110,protected_forest,1.4,kha
2003,spruce,11...20,protected_forest,0.5,kha
2003,spruce,111...120,protected_forest,1.5,kha
2003,spruce,121...130,protected_forest,0.0,kha
2003,spruce,131...140,protected_forest,0.0,kha
2003,spruce,141...,protected_forest,0.5,kha
2003,spruce,21...30,protected_forest,2.6,kha
2003,spruce,31...40,protected_forest,1.2,kha
2003,spruce,41...50,protected_forest,1.7,kha
2003,spruce,51...60,protected_forest,1.6,kha
2003,spruce,61...70,protected_forest,2.0,kha
2003,spruce,71...80,protected_forest,2.4,kha
2003,spruce,81...90,protected_forest,2.4,kha
2003,spruce,91...100,protected_forest,1.1,kha
2003,spruce,no_trees,protected_forest,0.2,kha
2003,spruce,renewal_not_complete,protected_forest,0.9,kha
2004,aspen,...10,production_forest,15.4,kha
2004,aspen,101...110,production_forest,0.0,kha
2004,aspen,11...20,production_forest,4.9,kha
2004,aspen,111...120,production_forest,0.2,kha
2004,aspen,121...130,production_forest,0.0,kha
2004,aspen,131...140,production_forest,0.0,kha
2004,aspen,141...,production_forest,0.0,kha
2004,aspen,21...30,production_forest,5.9,kha
2004,aspen,31...40,production_forest,12.0,kha
2004,aspen,41...50,production_forest,23.4,kha
2004,aspen,51...60,production_forest,25.5,kha
2004,aspen,61...70,production_forest,12.8,kha
2004,aspen,71...80,production_forest,6.6,kha
2004,aspen,81...90,production_forest,2.1,kha
2004,aspen,91...100,production_forest,0.2,kha
2004,aspen,no_trees,production_forest,3.1,kha
2004,aspen,renewal_not_complete,production_forest,9.5,kha
2004,aspen,...10,protected_forest,0.2,kha
2004,aspen,101...110,protected_forest,0.0,kha
2004,aspen,11...20,protected_forest,0.0,kha
2004,aspen,111...120,protected_forest,0.0,kha
2004,aspen,121...130,protected_forest,0.0,kha
2004,aspen,131...140,protected_forest,0.0,kha
2004,aspen,141...,protected_forest,0.0,kha
2004,aspen,21...30,protected_forest,0.0,kha
2004,aspen,31...40,protected_forest,0.0,kha
2004,aspen,41...50,protected_forest,0.8,kha
2004,aspen,51...60,protected_forest,1.8,kha
2004,aspen,61...70,protected_forest,1.7,kha
2004,aspen,71...80,protected_forest,0.7,kha
2004,aspen,81...90,protected_forest,0.0,kha
2004,aspen,91...100,protected_forest,0.2,kha
2004,aspen,no_trees,protected_forest,0.0,kha
2004,aspen,renewal_not_complete,protected_forest,0.2,kha
2004,birch,...10,production_forest,44.7,kha
2004,birch,101...110,production_forest,0.3,kha
2004,birch,11...20,production_forest,55.8,kha
2004,birch,111...120,production_forest,0.2,kha
2004,birch,121...130,production_forest,0.0,kha
2004,birch,131...140,production_forest,0.0,kha
2004,birch,141...,production_forest,0.0,kha
2004,birch,21...30,production_forest,51.8,kha
2004,birch,31...40,production_forest,90.9,kha
2004,birch,41...50,production_forest,128.8,kha
2004,birch,51...60,production_forest,114.9,kha
2004,birch,61...70,production_forest,61.7,kha
2004,birch,71...80,production_forest,35.4,kha
2004,birch,81...90,production_forest,12.2,kha
2004,birch,91...100,production_forest,2.8,kha
2004,birch,no_trees,production_forest,24.0,kha
2004,birch,renewal_not_complete,production_forest,25.9,kha
2004,birch,...10,protected_forest,2.2,kha
2004,birch,101...110,protected_forest,0.6,kha
2004,birch,11...20,protected_forest,3.3,kha
2004,birch,111...120,protected_forest,0.0,kha
2004,birch,121...130,protected_forest,0.0,kha
2004,birch,131...140,protected_forest,0.0,kha
2004,birch,141...,protected_forest,0.0,kha
2004,birch,21...30,protected_forest,2.9,kha
2004,birch,31...40,protected_forest,5.5,kha
2004,birch,41...50,protected_forest,6.8,kha
2004,birch,51...60,protected_forest,11.3,kha
2004,birch,61...70,protected_forest,9.6,kha
2004,birch,71...80,protected_forest,4.5,kha
2004,birch,81...90,protected_forest,1.5,kha
2004,birch,91...100,protected_forest,0.9,kha
2004,birch,no_trees,protected_forest,0.4,kha
2004,birch,renewal_not_complete,protected_forest,1.2,kha
2004,black_alder,...10,production_forest,2.0,kha
2004,black_alder,101...110,production_forest,0.0,kha
2004,black_alder,11...20,production_forest,2.6,kha
2004,black_alder,111...120,production_forest,0.4,kha
2004,black_alder,121...130,production_forest,0.0,kha
2004,black_alder,131...140,production_forest,0.0,kha
2004,black_alder,141...,production_forest,0.0,kha
2004,black_alder,21...30,production_forest,4.9,kha
2004,black_alder,31...40,production_forest,9.1,kha
2004,black_alder,41...50,production_forest,15.5,kha
2004,black_alder,51...60,production_forest,13.0,kha
2004,black_alder,61...70,production_forest,5.1,kha
2004,black_alder,71...80,production_forest,3.5,kha
2004,black_alder,81...90,production_forest,1.3,kha
2004,black_alder,91...100,production_forest,0.7,kha
2004,black_alder,no_trees,production_forest,1.4,kha
2004,black_alder,renewal_not_complete,production_forest,2.3,kha
2004,black_alder,...10,protected_forest,0.3,kha
2004,black_alder,101...110,protected_forest,0.0,kha
2004,black_alder,11...20,protected_forest,0.0,kha
2004,black_alder,111...120,protected_forest,0.0,kha
2004,black_alder,121...130,protected_forest,0.0,kha
2004,black_alder,131...140,protected_forest,0.0,kha
2004,black_alder,141...,protected_forest,0.0,kha
2004,black_alder,21...30,protected_forest,0.6,kha
2004,black_alder,31...40,protected_forest,1.1,kha
2004,black_alder,41...50,protected_forest,1.5,kha
2004,black_alder,51...60,protected_forest,1.0,kha
2004,black_alder,61...70,protected_forest,1.8,kha
2004,black_alder,71...80,protected_forest,0.6,kha
2004,black_alder,81...90,protected_forest,0.4,kha
2004,black_alder,91...100,protected_forest,0.0,kha
2004,black_alder,no_trees,protected_forest,0.0,kha
2004,black_alder,renewal_not_complete,protected_forest,0.2,kha
2004,grey_alder,...10,production_forest,20.4,kha
2004,grey_alder,101...110,production_forest,0.0,kha
2004,grey_alder,11...20,production_forest,30.8,kha
2004,grey_alder,111...120,production_forest,0.0,kha
2004,grey_alder,121...130,production_forest,0.0,kha
2004,grey_alder,131...140,production_forest,0.0,kha
2004,grey_alder,141...,production_forest,0.0,kha
2004,grey_alder,21...30,production_forest,46.6,kha
2004,grey_alder,31...40,production_forest,57.9,kha
2004,grey_alder,41...50,production_forest,26.5,kha
2004,grey_alder,51...60,production_forest,2.1,kha
2004,grey_alder,61...70,production_forest,0.4,kha
2004,grey_alder,71...80,production_forest,0.0,kha
2004,grey_alder,81...90,production_forest,0.0,kha
2004,grey_alder,91...100,production_forest,0.0,kha
2004,grey_alder,no_trees,production_forest,4.1,kha
2004,grey_alder,renewal_not_complete,production_forest,8.8,kha
2004,grey_alder,...10,protected_forest,0.0,kha
2004,grey_alder,101...110,protected_forest,0.0,kha
2004,grey_alder,11...20,protected_forest,0.4,kha
2004,grey_alder,111...120,protected_forest,0.0,kha
2004,grey_alder,121...130,protected_forest,0.0,kha
2004,grey_alder,131...140,protected_forest,0.0,kha
2004,grey_alder,141...,protected_forest,0.0,kha
2004,grey_alder,21...30,protected_forest,1.0,kha
2004,grey_alder,31...40,protected_forest,1.8,kha
2004,grey_alder,41...50,protected_forest,1.3,kha
2004,grey_alder,51...60,protected_forest,0.0,kha
2004,grey_alder,61...70,protected_forest,0.2,kha
2004,grey_alder,71...80,protected_forest,0.0,kha
2004,grey_alder,81...90,protected_forest,0.0,kha
2004,grey_alder,91...100,protected_forest,0.0,kha
2004,grey_alder,no_trees,protected_forest,0.0,kha
2004,grey_alder,renewal_not_complete,protected_forest,0.0,kha
2004,other,...10,production_forest,3.7,kha
2004,other,101...110,production_forest,0.4,kha
2004,other,11...20,production_forest,3.1,kha
2004,other,111...120,production_forest,0.0,kha
2004,other,121...130,production_forest,0.3,kha
2004,other,131...140,production_forest,0.0,kha
2004,other,141...,production_forest,0.0,kha
2004,other,21...30,production_forest,2.8,kha
2004,other,31...40,production_forest,5.2,kha
2004,other,41...50,production_forest,4.4,kha
2004,other,51...60,production_forest,4.1,kha
2004,other,61...70,production_forest,1.7,kha
2004,other,71...80,production_forest,3.2,kha
2004,other,81...90,production_forest,1.3,kha
2004,other,91...100,production_forest,0.9,kha
2004,other,no_trees,production_forest,0.2,kha
2004,other,renewal_not_complete,production_forest,0.6,kha
2004,other,...10,protected_forest,0.0,kha
2004,other,101...110,protected_forest,0.2,kha
2004,other,11...20,protected_forest,0.0,kha
2004,other,111...120,protected_forest,0.0,kha
2004,other,121...130,protected_forest,0.0,kha
2004,other,131...140,protected_forest,0.0,kha
2004,other,141...,protected_forest,0.4,kha
2004,other,21...30,protected_forest,0.2,kha
2004,other,31...40,protected_forest,0.0,kha
2004,other,41...50,protected_forest,0.7,kha
2004,other,51...60,protected_forest,1.1,kha
2004,other,61...70,protected_forest,1.1,kha
2004,other,71...80,protected_forest,0.5,kha
2004,other,81...90,protected_forest,0.4,kha
2004,other,91...100,protected_forest,0.2,kha
2004,other,no_trees,protected_forest,0.0,kha
2004,other,renewal_not_complete,protected_forest,0.0,kha
2004,pine,...10,production_forest,8.6,kha
2004,pine,101...110,production_forest,22.9,kha
2004,pine,11...20,production_forest,20.4,kha
2004,pine,111...120,production_forest,14.0,kha
2004,pine,121...130,production_forest,5.9,kha
2004,pine,131...140,production_forest,3.6,kha
2004,pine,141...,production_forest,6.7,kha
2004,pine,21...30,production_forest,32.0,kha
2004,pine,31...40,production_forest,51.5,kha
2004,pine,41...50,production_forest,79.1,kha
2004,pine,51...60,production_forest,77.1,kha
2004,pine,61...70,production_forest,82.8,kha
2004,pine,71...80,production_forest,84.1,kha
2004,pine,81...90,production_forest,53.4,kha
2004,pine,91...100,production_forest,44.8,kha
2004,pine,no_trees,production_forest,12.7,kha
2004,pine,renewal_not_complete,production_forest,24.7,kha
2004,pine,...10,protected_forest,0.4,kha
2004,pine,101...110,protected_forest,6.4,kha
2004,pine,11...20,protected_forest,1.2,kha
2004,pine,111...120,protected_forest,7.3,kha
2004,pine,121...130,protected_forest,4.9,kha
2004,pine,131...140,protected_forest,2.9,kha
2004,pine,141...,protected_forest,7.8,kha
2004,pine,21...30,protected_forest,6.3,kha
2004,pine,31...40,protected_forest,7.0,kha
2004,pine,41...50,protected_forest,11.4,kha
2004,pine,51...60,protected_forest,9.1,kha
2004,pine,61...70,protected_forest,13.3,kha
2004,pine,71...80,protected_forest,13.8,kha
2004,pine,81...90,protected_forest,10.0,kha
2004,pine,91...100,protected_forest,10.8,kha
2004,pine,no_trees,protected_forest,0.9,kha
2004,pine,renewal_not_complete,protected_forest,1.7,kha
2004,spruce,...10,production_forest,6.7,kha
2004,spruce,101...110,production_forest,6.7,kha
2004,spruce,11...20,production_forest,23.0,kha
2004,spruce,111...120,production_forest,3.7,kha
2004,spruce,121...130,production_forest,0.6,kha
2004,spruce,131...140,production_forest,0.2,kha
2004,spruce,141...,production_forest,0.4,kha
2004,spruce,21...30,production_forest,39.9,kha
2004,spruce,31...40,production_forest,37.1,kha
2004,spruce,41...50,production_forest,34.1,kha
2004,spruce,51...60,production_forest,51.9,kha
2004,spruce,61...70,production_forest,48.4,kha
2004,spruce,71...80,production_forest,43.5,kha
2004,spruce,81...90,production_forest,28.0,kha
2004,spruce,91...100,production_forest,17.5,kha
2004,spruce,no_trees,production_forest,22.9,kha
2004,spruce,renewal_not_complete,production_forest,17.3,kha
2004,spruce,...10,protected_forest,0.3,kha
2004,spruce,101...110,protected_forest,1.8,kha
2004,spruce,11...20,protected_forest,0.5,kha
2004,spruce,111...120,protected_forest,1.6,kha
2004,spruce,121...130,protected_forest,0.0,kha
2004,spruce,131...140,protected_forest,0.0,kha
2004,spruce,141...,protected_forest,1.3,kha
2004,spruce,21...30,protected_forest,2.6,kha
2004,spruce,31...40,protected_forest,1.3,kha
2004,spruce,41...50,protected_forest,2.3,kha
2004,spruce,51...60,protected_forest,2.4,kha
2004,spruce,61...70,protected_forest,2.6,kha
2004,spruce,71...80,protected_forest,3.0,kha
2004,spruce,81...90,protected_forest,2.8,kha
2004,spruce,91...100,protected_forest,1.3,kha
2004,spruce,no_trees,protected_forest,0.5,kha
2004,spruce,renewal_not_complete,protected_forest,0.9,kha
2005,aspen,...10,production_forest,14.0,kha
2005,aspen,101...110,production_forest,0.0,kha
2005,aspen,11...20,production_forest,4.4,kha
2005,aspen,111...120,production_forest,0.0,kha
2005,aspen,121...130,production_forest,0.0,kha
2005,aspen,131...140,production_forest,0.0,kha
2005,aspen,141...,production_forest,0.0,kha
2005,aspen,21...30,production_forest,5.7,kha
2005,aspen,31...40,production_forest,12.4,kha
2005,aspen,41...50,production_forest,21.0,kha
2005,aspen,51...60,production_forest,24.8,kha
2005,aspen,61...70,production_forest,13.6,kha
2005,aspen,71...80,production_forest,6.8,kha
2005,aspen,81...90,production_forest,2.7,kha
2005,aspen,91...100,production_forest,0.2,kha
2005,aspen,no_trees,production_forest,2.8,kha
2005,aspen,renewal_not_complete,production_forest,10.2,kha
2005,aspen,...10,protected_forest,0.0,kha
2005,aspen,101...110,protected_forest,0.0,kha
2005,aspen,11...20,protected_forest,0.0,kha
2005,aspen,111...120,protected_forest,0.0,kha
2005,aspen,121...130,protected_forest,0.0,kha
2005,aspen,131...140,protected_forest,0.0,kha
2005,aspen,141...,protected_forest,0.0,kha
2005,aspen,21...30,protected_forest,0.0,kha
2005,aspen,31...40,protected_forest,0.0,kha
2005,aspen,41...50,protected_forest,0.8,kha
2005,aspen,51...60,protected_forest,1.7,kha
2005,aspen,61...70,protected_forest,1.8,kha
2005,aspen,71...80,protected_forest,1.0,kha
2005,aspen,81...90,protected_forest,0.0,kha
2005,aspen,91...100,protected_forest,0.0,kha
2005,aspen,no_trees,protected_forest,0.0,kha
2005,aspen,renewal_not_complete,protected_forest,0.2,kha
2005,birch,...10,production_forest,47.4,kha
2005,birch,101...110,production_forest,0.2,kha
2005,birch,11...20,production_forest,54.9,kha
2005,birch,111...120,production_forest,0.2,kha
2005,birch,121...130,production_forest,0.0,kha
2005,birch,131...140,production_forest,0.0,kha
2005,birch,141...,production_forest,0.0,kha
2005,birch,21...30,production_forest,50.1,kha
2005,birch,31...40,production_forest,89.2,kha
2005,birch,41...50,production_forest,129.4,kha
2005,birch,51...60,production_forest,113.7,kha
2005,birch,61...70,production_forest,56.4,kha
2005,birch,71...80,production_forest,39.9,kha
2005,birch,81...90,production_forest,11.8,kha
2005,birch,91...100,production_forest,2.8,kha
2005,birch,no_trees,production_forest,22.0,kha
2005,birch,renewal_not_complete,production_forest,29.1,kha
2005,birch,...10,protected_forest,1.3,kha
2005,birch,101...110,protected_forest,0.9,kha
2005,birch,11...20,protected_forest,3.5,kha
2005,birch,111...120,protected_forest,0.2,kha
2005,birch,121...130,protected_forest,0.0,kha
2005,birch,131...140,protected_forest,0.0,kha
2005,birch,141...,protected_forest,0.0,kha
2005,birch,21...30,protected_forest,3.0,kha
2005,birch,31...40,protected_forest,6.0,kha
2005,birch,41...50,protected_forest,8.1,kha
2005,birch,51...60,protected_forest,12.3,kha
2005,birch,61...70,protected_forest,9.4,kha
2005,birch,71...80,protected_forest,5.7,kha
2005,birch,81...90,protected_forest,2.5,kha
2005,birch,91...100,protected_forest,0.9,kha
2005,birch,no_trees,protected_forest,0.7,kha
2005,birch,renewal_not_complete,protected_forest,1.1,kha
2005,black_alder,...10,production_forest,2.6,kha
2005,black_alder,101...110,production_forest,0.0,kha
2005,black_alder,11...20,production_forest,2.8,kha
2005,black_alder,111...120,production_forest,0.2,kha
2005,black_alder,121...130,production_forest,0.2,kha
2005,black_alder,131...140,production_forest,0.0,kha
2005,black_alder,141...,production_forest,0.0,kha
2005,black_alder,21...30,production_forest,4.4,kha
2005,black_alder,31...40,production_forest,9.0,kha
2005,black_alder,41...50,production_forest,13.3,kha
2005,black_alder,51...60,production_forest,12.8,kha
2005,black_alder,61...70,production_forest,4.7,kha
2005,black_alder,71...80,production_forest,4.1,kha
2005,black_alder,81...90,production_forest,1.7,kha
2005,black_alder,91...100,production_forest,0.7,kha
2005,black_alder,no_trees,production_forest,0.9,kha
2005,black_alder,renewal_not_complete,production_forest,2.5,kha
2005,black_alder,...10,protected_forest,0.3,kha
2005,black_alder,101...110,protected_forest,0.0,kha
2005,black_alder,11...20,protected_forest,0.0,kha
2005,black_alder,111...120,protected_forest,0.0,kha
2005,black_alder,121...130,protected_forest,0.0,kha
2005,black_alder,131...140,protected_forest,0.0,kha
2005,black_alder,141...,protected_forest,0.0,kha
2005,black_alder,21...30,protected_forest,0.8,kha
2005,black_alder,31...40,protected_forest,1.5,kha
2005,black_alder,41...50,protected_forest,1.5,kha
2005,black_alder,51...60,protected_forest,1.0,kha
2005,black_alder,61...70,protected_forest,1.9,kha
2005,black_alder,71...80,protected_forest,0.5,kha
2005,black_alder,81...90,protected_forest,0.6,kha
2005,black_alder,91...100,protected_forest,0.0,kha
2005,black_alder,no_trees,protected_forest,0.0,kha
2005,black_alder,renewal_not_complete,protected_forest,0.2,kha
2005,grey_alder,...10,production_forest,23.2,kha
2005,grey_alder,101...110,production_forest,0.0,kha
2005,grey_alder,11...20,production_forest,29.8,kha
2005,grey_alder,111...120,production_forest,0.0,kha
2005,grey_alder,121...130,production_forest,0.0,kha
2005,grey_alder,131...140,production_forest,0.0,kha
2005,grey_alder,141...,production_forest,0.0,kha
2005,grey_alder,21...30,production_forest,45.3,kha
2005,grey_alder,31...40,production_forest,58.1,kha
2005,grey_alder,41...50,production_forest,29.1,kha
2005,grey_alder,51...60,production_forest,2.2,kha
2005,grey_alder,61...70,production_forest,0.7,kha
2005,grey_alder,71...80,production_forest,0.0,kha
2005,grey_alder,81...90,production_forest,0.0,kha
2005,grey_alder,91...100,production_forest,0.0,kha
2005,grey_alder,no_trees,production_forest,4.7,kha
2005,grey_alder,renewal_not_complete,production_forest,9.1,kha
2005,grey_alder,...10,protected_forest,0.0,kha
2005,grey_alder,101...110,protected_forest,0.0,kha
2005,grey_alder,11...20,protected_forest,0.2,kha
2005,grey_alder,111...120,protected_forest,0.0,kha
2005,grey_alder,121...130,protected_forest,0.0,kha
2005,grey_alder,131...140,protected_forest,0.0,kha
2005,grey_alder,141...,protected_forest,0.0,kha
2005,grey_alder,21...30,protected_forest,1.0,kha
2005,grey_alder,31...40,protected_forest,2.1,kha
2005,grey_alder,41...50,protected_forest,1.2,kha
2005,grey_alder,51...60,protected_forest,0.2,kha
2005,grey_alder,61...70,protected_forest,0.2,kha
2005,grey_alder,71...80,protected_forest,0.0,kha
2005,grey_alder,81...90,protected_forest,0.0,kha
2005,grey_alder,91...100,protected_forest,0.0,kha
2005,grey_alder,no_trees,protected_forest,0.0,kha
2005,grey_alder,renewal_not_complete,protected_forest,0.0,kha
2005,other,...10,production_forest,4.5,kha
2005,other,101...110,production_forest,0.4,kha
2005,other,11...20,production_forest,2.6,kha
2005,other,111...120,production_forest,0.0,kha
2005,other,121...130,production_forest,0.3,kha
2005,other,131...140,production_forest,0.0,kha
2005,other,141...,production_forest,0.0,kha
2005,other,21...30,production_forest,2.6,kha
2005,other,31...40,production_forest,4.5,kha
2005,other,41...50,production_forest,5.0,kha
2005,other,51...60,production_forest,3.8,kha
2005,other,61...70,production_forest,1.9,kha
2005,other,71...80,production_forest,3.0,kha
2005,other,81...90,production_forest,1.7,kha
2005,other,91...100,production_forest,1.1,kha
2005,other,no_trees,production_forest,0.2,kha
2005,other,renewal_not_complete,production_forest,0.9,kha
2005,other,...10,protected_forest,0.0,kha
2005,other,101...110,protected_forest,0.2,kha
2005,other,11...20,protected_forest,0.0,kha
2005,other,111...120,protected_forest,0.0,kha
2005,other,121...130,protected_forest,0.0,kha
2005,other,131...140,protected_forest,0.0,kha
2005,other,141...,protected_forest,0.4,kha
2005,other,21...30,protected_forest,0.3,kha
2005,other,31...40,protected_forest,0.0,kha
2005,other,41...50,protected_forest,0.6,kha
2005,other,51...60,protected_forest,0.7,kha
2005,other,61...70,protected_forest,0.7,kha
2005,other,71...80,protected_forest,0.4,kha
2005,other,81...90,protected_forest,0.4,kha
2005,other,91...100,protected_forest,0.2,kha
2005,other,no_trees,protected_forest,0.0,kha
2005,other,renewal_not_complete,protected_forest,0.0,kha
2005,pine,...10,production_forest,10.6,kha
2005,pine,101...110,production_forest,24.2,kha
2005,pine,11...20,production_forest,18.2,kha
2005,pine,111...120,production_forest,12.4,kha
2005,pine,121...130,production_forest,7.9,kha
2005,pine,131...140,production_forest,3.5,kha
2005,pine,141...,production_forest,6.2,kha
2005,pine,21...30,production_forest,33.0,kha
2005,pine,31...40,production_forest,53.6,kha
2005,pine,41...50,production_forest,74.1,kha
2005,pine,51...60,production_forest,73.1,kha
2005,pine,61...70,production_forest,84.7,kha
2005,pine,71...80,production_forest,82.7,kha
2005,pine,81...90,production_forest,51.6,kha
2005,pine,91...100,production_forest,42.0,kha
2005,pine,no_trees,production_forest,12.8,kha
2005,pine,renewal_not_complete,production_forest,22.6,kha
2005,pine,...10,protected_forest,0.2,kha
2005,pine,101...110,protected_forest,5.9,kha
2005,pine,11...20,protected_forest,1.2,kha
2005,pine,111...120,protected_forest,6.5,kha
2005,pine,121...130,protected_forest,4.9,kha
2005,pine,131...140,protected_forest,3.6,kha
2005,pine,141...,protected_forest,8.8,kha
2005,pine,21...30,protected_forest,6.4,kha
2005,pine,31...40,protected_forest,7.8,kha
2005,pine,41...50,protected_forest,12.1,kha
2005,pine,51...60,protected_forest,10.5,kha
2005,pine,61...70,protected_forest,12.2,kha
2005,pine,71...80,protected_forest,13.1,kha
2005,pine,81...90,protected_forest,9.5,kha
2005,pine,91...100,protected_forest,11.8,kha
2005,pine,no_trees,protected_forest,0.7,kha
2005,pine,renewal_not_complete,protected_forest,1.5,kha
2005,spruce,...10,production_forest,6.7,kha
2005,spruce,101...110,production_forest,7.8,kha
2005,spruce,11...20,production_forest,22.1,kha
2005,spruce,111...120,production_forest,3.4,kha
2005,spruce,121...130,production_forest,1.3,kha
2005,spruce,131...140,production_forest,0.2,kha
2005,spruce,141...,production_forest,0.4,kha
2005,spruce,21...30,production_forest,39.1,kha
2005,spruce,31...40,production_forest,39.5,kha
2005,spruce,41...50,production_forest,34.3,kha
2005,spruce,51...60,production_forest,51.2,kha
2005,spruce,61...70,production_forest,47.4,kha
2005,spruce,71...80,production_forest,41.2,kha
2005,spruce,81...90,production_forest,26.4,kha
2005,spruce,91...100,production_forest,14.8,kha
2005,spruce,no_trees,production_forest,24.6,kha
2005,spruce,renewal_not_complete,production_forest,15.5,kha
2005,spruce,...10,protected_forest,0.7,kha
2005,spruce,101...110,protected_forest,1.8,kha
2005,spruce,11...20,protected_forest,0.4,kha
2005,spruce,111...120,protected_forest,0.9,kha
2005,spruce,121...130,protected_forest,0.5,kha
2005,spruce,131...140,protected_forest,0.0,kha
2005,spruce,141...,protected_forest,1.4,kha
2005,spruce,21...30,protected_forest,2.4,kha
2005,spruce,31...40,protected_forest,1.7,kha
2005,spruce,41...50,protected_forest,2.0,kha
2005,spruce,51...60,protected_forest,2.7,kha
2005,spruce,61...70,protected_forest,2.4,kha
2005,spruce,71...80,protected_forest,3.5,kha
2005,spruce,81...90,protected_forest,2.6,kha
2005,spruce,91...100,protected_forest,2.1,kha
2005,spruce,no_trees,protected_forest,0.9,kha
2005,spruce,renewal_not_complete,protected_forest,0.6,kha
2006,aspen,...10,production_forest,17.3,kha
2006,aspen,101...110,production_forest,0.0,kha
2006,aspen,11...20,production_forest,4.5,kha
2006,aspen,111...120,production_forest,0.0,kha
2006,aspen,121...130,production_forest,0.0,kha
2006,aspen,131...140,production_forest,0.0,kha
2006,aspen,141...,production_forest,0.0,kha
2006,aspen,21...30,production_forest,5.2,kha
2006,aspen,31...40,production_forest,11.0,kha
2006,aspen,41...50,production_forest,20.0,kha
2006,aspen,51...60,production_forest,23.9,kha
2006,aspen,61...70,production_forest,14.9,kha
2006,aspen,71...80,production_forest,6.6,kha
2006,aspen,81...90,production_forest,2.4,kha
2006,aspen,91...100,production_forest,0.5,kha
2006,aspen,no_trees,production_forest,3.3,kha
2006,aspen,renewal_not_complete,production_forest,9.5,kha
2006,aspen,...10,protected_forest,0.0,kha
2006,aspen,101...110,protected_forest,0.0,kha
2006,aspen,11...20,protected_forest,0.0,kha
2006,aspen,111...120,protected_forest,0.0,kha
2006,aspen,121...130,protected_forest,0.0,kha
2006,aspen,131...140,protected_forest,0.0,kha
2006,aspen,141...,protected_forest,0.0,kha
2006,aspen,21...30,protected_forest,0.0,kha
2006,aspen,31...40,protected_forest,0.0,kha
2006,aspen,41...50,protected_forest,0.6,kha
2006,aspen,51...60,protected_forest,2.0,kha
2006,aspen,61...70,protected_forest,1.9,kha
2006,aspen,71...80,protected_forest,0.8,kha
2006,aspen,81...90,protected_forest,0.0,kha
2006,aspen,91...100,protected_forest,0.0,kha
2006,aspen,no_trees,protected_forest,0.0,kha
2006,aspen,renewal_not_complete,protected_forest,0.2,kha
2006,birch,...10,production_forest,51.2,kha
2006,birch,101...110,production_forest,1.0,kha
2006,birch,11...20,production_forest,55.2,kha
2006,birch,111...120,production_forest,0.2,kha
2006,birch,121...130,production_forest,0.0,kha
2006,birch,131...140,production_forest,0.0,kha
2006,birch,141...,production_forest,0.0,kha
2006,birch,21...30,production_forest,51.7,kha
2006,birch,31...40,production_forest,81.6,kha
2006,birch,41...50,production_forest,122.8,kha
2006,birch,51...60,production_forest,113.0,kha
2006,birch,61...70,production_forest,49.7,kha
2006,birch,71...80,production_forest,42.3,kha
2006,birch,81...90,production_forest,11.6,kha
2006,birch,91...100,production_forest,2.9,kha
2006,birch,no_trees,production_forest,19.2,kha
2006,birch,renewal_not_complete,production_forest,27.5,kha
2006,birch,...10,protected_forest,1.0,kha
2006,birch,101...110,protected_forest,1.1,kha
2006,birch,11...20,protected_forest,3.2,kha
2006,birch,111...120,protected_forest,0.3,kha
2006,birch,121...130,protected_forest,0.0,kha
2006,birch,131...140,protected_forest,0.0,kha
2006,birch,141...,protected_forest,0.0,kha
2006,birch,21...30,protected_forest,3.1,kha
2006,birch,31...40,protected_forest,5.1,kha
2006,birch,41...50,protected_forest,7.6,kha
2006,birch,51...60,protected_forest,12.7,kha
2006,birch,61...70,protected_forest,10.1,kha
2006,birch,71...80,protected_forest,7.1,kha
2006,birch,81...90,protected_forest,2.9,kha
2006,birch,91...100,protected_forest,1.8,kha
2006,birch,no_trees,protected_forest,0.8,kha
2006,birch,renewal_not_complete,protected_forest,0.9,kha
2006,black_alder,...10,production_forest,3.8,kha
2006,black_alder,101...110,production_forest,0.2,kha
2006,black_alder,11...20,production_forest,3.4,kha
2006,black_alder,111...120,production_forest,0.2,kha
2006,black_alder,121...130,production_forest,0.2,kha
2006,black_alder,131...140,production_forest,0.0,kha
2006,black_alder,141...,production_forest,0.0,kha
2006,black_alder,21...30,production_forest,4.0,kha
2006,black_alder,31...40,production_forest,8.3,kha
2006,black_alder,41...50,production_forest,12.2,kha
2006,black_alder,51...60,production_forest,11.5,kha
2006,black_alder,61...70,production_forest,5.2,kha
2006,black_alder,71...80,production_forest,3.6,kha
2006,black_alder,81...90,production_forest,1.2,kha
2006,black_alder,91...100,production_forest,0.3,kha
2006,black_alder,no_trees,production_forest,1.0,kha
2006,black_alder,renewal_not_complete,production_forest,2.2,kha
2006,black_alder,...10,protected_forest,0.2,kha
2006,black_alder,101...110,protected_forest,0.0,kha
2006,black_alder,11...20,protected_forest,0.0,kha
2006,black_alder,111...120,protected_forest,0.0,kha
2006,black_alder,121...130,protected_forest,0.0,kha
2006,black_alder,131...140,protected_forest,0.0,kha
2006,black_alder,141...,protected_forest,0.0,kha
2006,black_alder,21...30,protected_forest,0.8,kha
2006,black_alder,31...40,protected_forest,1.9,kha
2006,black_alder,41...50,protected_forest,1.7,kha
2006,black_alder,51...60,protected_forest,1.0,kha
2006,black_alder,61...70,protected_forest,1.8,kha
2006,black_alder,71...80,protected_forest,0.7,kha
2006,black_alder,81...90,protected_forest,0.5,kha
2006,black_alder,91...100,protected_forest,0.0,kha
2006,black_alder,no_trees,protected_forest,0.0,kha
2006,black_alder,renewal_not_complete,protected_forest,0.3,kha
2006,grey_alder,...10,production_forest,24.6,kha
2006,grey_alder,101...110,production_forest,0.0,kha
2006,grey_alder,11...20,production_forest,29.8,kha
2006,grey_alder,111...120,production_forest,0.0,kha
2006,grey_alder,121...130,production_forest,0.0,kha
2006,grey_alder,131...140,production_forest,0.0,kha
2006,grey_alder,141...,production_forest,0.0,kha
2006,grey_alder,21...30,production_forest,45.5,kha
2006,grey_alder,31...40,production_forest,58.2,kha
2006,grey_alder,41...50,production_forest,30.7,kha
2006,grey_alder,51...60,production_forest,2.3,kha
2006,grey_alder,61...70,production_forest,0.7,kha
2006,grey_alder,71...80,production_forest,0.0,kha
2006,grey_alder,81...90,production_forest,0.0,kha
2006,grey_alder,91...100,production_forest,0.0,kha
2006,grey_alder,no_trees,production_forest,5.1,kha
2006,grey_alder,renewal_not_complete,production_forest,6.8,kha
2006,grey_alder,...10,protected_forest,0.0,kha
2006,grey_alder,101...110,protected_forest,0.0,kha
2006,grey_alder,11...20,protected_forest,0.4,kha
2006,grey_alder,111...120,protected_forest,0.0,kha
2006,grey_alder,121...130,protected_forest,0.0,kha
2006,grey_alder,131...140,protected_forest,0.0,kha
2006,grey_alder,141...,protected_forest,0.0,kha
2006,grey_alder,21...30,protected_forest,0.8,kha
2006,grey_alder,31...40,protected_forest,2.1,kha
2006,grey_alder,41...50,protected_forest,0.9,kha
2006,grey_alder,51...60,protected_forest,0.3,kha
2006,grey_alder,61...70,protected_forest,0.2,kha
2006,grey_alder,71...80,protected_forest,0.0,kha
2006,grey_alder,81...90,protected_forest,0.0,kha
2006,grey_alder,91...100,protected_forest,0.0,kha
2006,grey_alder,no_trees,protected_forest,0.0,kha
2006,grey_alder,renewal_not_complete,protected_forest,0.0,kha
2006,other,...10,production_forest,4.6,kha
2006,other,101...110,production_forest,0.2,kha
2006,other,11...20,production_forest,3.2,kha
2006,other,111...120,production_forest,0.0,kha
2006,other,121...130,production_forest,0.3,kha
2006,other,131...140,production_forest,0.0,kha
2006,other,141...,production_forest,0.0,kha
2006,other,21...30,production_forest,3.3,kha
2006,other,31...40,production_forest,5.2,kha
2006,other,41...50,production_forest,3.9,kha
2006,other,51...60,production_forest,5.6,kha
2006,other,61...70,production_forest,2.2,kha
2006,other,71...80,production_forest,3.6,kha
2006,other,81...90,production_forest,1.7,kha
2006,other,91...100,production_forest,1.3,kha
2006,other,no_trees,production_forest,0.3,kha
2006,other,renewal_not_complete,production_forest,1.1,kha
2006,other,...10,protected_forest,0.0,kha
2006,other,101...110,protected_forest,0.2,kha
2006,other,11...20,protected_forest,0.0,kha
2006,other,111...120,protected_forest,0.0,kha
2006,other,121...130,protected_forest,0.0,kha
2006,other,131...140,protected_forest,0.0,kha
2006,other,141...,protected_forest,0.4,kha
2006,other,21...30,protected_forest,0.2,kha
2006,other,31...40,protected_forest,0.0,kha
2006,other,41...50,protected_forest,0.8,kha
2006,other,51...60,protected_forest,0.2,kha
2006,other,61...70,protected_forest,0.6,kha
2006,other,71...80,protected_forest,0.4,kha
2006,other,81...90,protected_forest,0.2,kha
2006,other,91...100,protected_forest,0.2,kha
2006,other,no_trees,protected_forest,0.0,kha
2006,other,renewal_not_complete,protected_forest,0.0,kha
2006,pine,...10,production_forest,11.0,kha
2006,pine,101...110,production_forest,27.9,kha
2006,pine,11...20,production_forest,18.1,kha
2006,pine,111...120,production_forest,13.0,kha
2006,pine,121...130,production_forest,9.3,kha
2006,pine,131...140,production_forest,4.1,kha
2006,pine,141...,production_forest,6.7,kha
2006,pine,21...30,production_forest,30.0,kha
2006,pine,31...40,production_forest,52.6,kha
2006,pine,41...50,production_forest,77.7,kha
2006,pine,51...60,production_forest,77.2,kha
2006,pine,61...70,production_forest,91.9,kha
2006,pine,71...80,production_forest,83.3,kha
2006,pine,81...90,production_forest,52.8,kha
2006,pine,91...100,production_forest,42.8,kha
2006,pine,no_trees,production_forest,13.1,kha
2006,pine,renewal_not_complete,production_forest,20.4,kha
2006,pine,...10,protected_forest,0.6,kha
2006,pine,101...110,protected_forest,5.7,kha
2006,pine,11...20,protected_forest,1.2,kha
2006,pine,111...120,protected_forest,4.9,kha
2006,pine,121...130,protected_forest,5.0,kha
2006,pine,131...140,protected_forest,4.3,kha
2006,pine,141...,protected_forest,9.0,kha
2006,pine,21...30,protected_forest,5.6,kha
2006,pine,31...40,protected_forest,7.7,kha
2006,pine,41...50,protected_forest,11.3,kha
2006,pine,51...60,protected_forest,12.6,kha
2006,pine,61...70,protected_forest,11.5,kha
2006,pine,71...80,protected_forest,11.4,kha
2006,pine,81...90,protected_forest,9.3,kha
2006,pine,91...100,protected_forest,12.4,kha
2006,pine,no_trees,protected_forest,0.5,kha
2006,pine,renewal_not_complete,protected_forest,1.9,kha
2006,spruce,...10,production_forest,7.6,kha
2006,spruce,101...110,production_forest,8.5,kha
2006,spruce,11...20,production_forest,20.1,kha
2006,spruce,111...120,production_forest,3.6,kha
2006,spruce,121...130,production_forest,2.0,kha
2006,spruce,131...140,production_forest,0.2,kha
2006,spruce,141...,production_forest,0.6,kha
2006,spruce,21...30,production_forest,36.6,kha
2006,spruce,31...40,production_forest,38.7,kha
2006,spruce,41...50,production_forest,33.3,kha
2006,spruce,51...60,production_forest,49.4,kha
2006,spruce,61...70,production_forest,43.1,kha
2006,spruce,71...80,production_forest,41.2,kha
2006,spruce,81...90,production_forest,27.4,kha
2006,spruce,91...100,production_forest,17.6,kha
2006,spruce,no_trees,production_forest,23.4,kha
2006,spruce,renewal_not_complete,production_forest,15.5,kha
2006,spruce,...10,protected_forest,0.6,kha
2006,spruce,101...110,protected_forest,1.6,kha
2006,spruce,11...20,protected_forest,0.3,kha
2006,spruce,111...120,protected_forest,0.8,kha
2006,spruce,121...130,protected_forest,0.5,kha
2006,spruce,131...140,protected_forest,0.0,kha
2006,spruce,141...,protected_forest,1.3,kha
2006,spruce,21...30,protected_forest,1.8,kha
2006,spruce,31...40,protected_forest,1.6,kha
2006,spruce,41...50,protected_forest,2.2,kha
2006,spruce,51...60,protected_forest,3.0,kha
2006,spruce,61...70,protected_forest,3.1,kha
2006,spruce,71...80,protected_forest,3.2,kha
2006,spruce,81...90,protected_forest,2.6,kha
2006,spruce,91...100,protected_forest,2.1,kha
2006,spruce,no_trees,protected_forest,0.9,kha
2006,spruce,renewal_not_complete,protected_forest,1.0,kha
2007,aspen,...10,production_forest,18.5,kha
2007,aspen,101...110,production_forest,0.0,kha
2007,aspen,11...20,production_forest,5.2,kha
2007,aspen,111...120,production_forest,0.0,kha
2007,aspen,121...130,production_forest,0.0,kha
2007,aspen,131...140,production_forest,0.0,kha
2007,aspen,141...,production_forest,0.0,kha
2007,aspen,21...30,production_forest,4.8,kha
2007,aspen,31...40,production_forest,10.2,kha
2007,aspen,41...50,production_forest,17.4,kha
2007,aspen,51...60,production_forest,23.1,kha
2007,aspen,61...70,production_forest,14.1,kha
2007,aspen,71...80,production_forest,6.7,kha
2007,aspen,81...90,production_forest,2.6,kha
2007,aspen,91...100,production_forest,0.5,kha
2007,aspen,no_trees,production_forest,3.4,kha
2007,aspen,renewal_not_complete,production_forest,7.8,kha
2007,aspen,...10,protected_forest,0.0,kha
2007,aspen,101...110,protected_forest,0.0,kha
2007,aspen,11...20,protected_forest,0.1,kha
2007,aspen,111...120,protected_forest,0.0,kha
2007,aspen,121...130,protected_forest,0.0,kha
2007,aspen,131...140,protected_forest,0.0,kha
2007,aspen,141...,protected_forest,0.0,kha
2007,aspen,21...30,protected_forest,0.0,kha
2007,aspen,31...40,protected_forest,0.0,kha
2007,aspen,41...50,protected_forest,0.4,kha
2007,aspen,51...60,protected_forest,2.8,kha
2007,aspen,61...70,protected_forest,2.1,kha
2007,aspen,71...80,protected_forest,1.1,kha
2007,aspen,81...90,protected_forest,0.2,kha
2007,aspen,91...100,protected_forest,0.0,kha
2007,aspen,no_trees,protected_forest,0.0,kha
2007,aspen,renewal_not_complete,protected_forest,0.0,kha
2007,birch,...10,production_forest,54.6,kha
2007,birch,101...110,production_forest,1.3,kha
2007,birch,11...20,production_forest,52.7,kha
2007,birch,111...120,production_forest,0.0,kha
2007,birch,121...130,production_forest,0.0,kha
2007,birch,131...140,production_forest,0.0,kha
2007,birch,141...,production_forest,0.0,kha
2007,birch,21...30,production_forest,48.2,kha
2007,birch,31...40,production_forest,79.9,kha
2007,birch,41...50,production_forest,119.9,kha
2007,birch,51...60,production_forest,112.7,kha
2007,birch,61...70,production_forest,50.4,kha
2007,birch,71...80,production_forest,41.2,kha
2007,birch,81...90,production_forest,12.1,kha
2007,birch,91...100,production_forest,3.9,kha
2007,birch,no_trees,production_forest,15.5,kha
2007,birch,renewal_not_complete,production_forest,26.9,kha
2007,birch,...10,protected_forest,1.2,kha
2007,birch,101...110,protected_forest,1.0,kha
2007,birch,11...20,protected_forest,3.4,kha
2007,birch,111...120,protected_forest,0.2,kha
2007,birch,121...130,protected_forest,0.0,kha
2007,birch,131...140,protected_forest,0.0,kha
2007,birch,141...,protected_forest,0.0,kha
2007,birch,21...30,protected_forest,3.2,kha
2007,birch,31...40,protected_forest,4.2,kha
2007,birch,41...50,protected_forest,9.8,kha
2007,birch,51...60,protected_forest,13.3,kha
2007,birch,61...70,protected_forest,10.6,kha
2007,birch,71...80,protected_forest,8.3,kha
2007,birch,81...90,protected_forest,3.4,kha
2007,birch,91...100,protected_forest,1.7,kha
2007,birch,no_trees,protected_forest,0.6,kha
2007,birch,renewal_not_complete,protected_forest,0.7,kha
2007,black_alder,...10,production_forest,4.4,kha
2007,black_alder,101...110,production_forest,0.2,kha
2007,black_alder,11...20,production_forest,3.2,kha
2007,black_alder,111...120,production_forest,0.2,kha
2007,black_alder,121...130,production_forest,0.2,kha
2007,black_alder,131...140,production_forest,0.0,kha
2007,black_alder,141...,production_forest,0.0,kha
2007,black_alder,21...30,production_forest,3.6,kha
2007,black_alder,31...40,production_forest,8.0,kha
2007,black_alder,41...50,production_forest,12.2,kha
2007,black_alder,51...60,production_forest,10.4,kha
2007,black_alder,61...70,production_forest,6.3,kha
2007,black_alder,71...80,production_forest,5.5,kha
2007,black_alder,81...90,production_forest,1.2,kha
2007,black_alder,91...100,production_forest,0.3,kha
2007,black_alder,no_trees,production_forest,0.8,kha
2007,black_alder,renewal_not_complete,production_forest,2.2,kha
2007,black_alder,...10,protected_forest,0.2,kha
2007,black_alder,101...110,protected_forest,0.0,kha
2007,black_alder,11...20,protected_forest,0.0,kha
2007,black_alder,111...120,protected_forest,0.0,kha
2007,black_alder,121...130,protected_forest,0.0,kha
2007,black_alder,131...140,protected_forest,0.0,kha
2007,black_alder,141...,protected_forest,0.0,kha
2007,black_alder,21...30,protected_forest,0.8,kha
2007,black_alder,31...40,protected_forest,2.0,kha
2007,black_alder,41...50,protected_forest,2.8,kha
2007,black_alder,51...60,protected_forest,1.0,kha
2007,black_alder,61...70,protected_forest,1.9,kha
2007,black_alder,71...80,protected_forest,0.8,kha
2007,black_alder,81...90,protected_forest,0.4,kha
2007,black_alder,91...100,protected_forest,0.0,kha
2007,black_alder,no_trees,protected_forest,0.0,kha
2007,black_alder,renewal_not_complete,protected_forest,0.2,kha
2007,grey_alder,...10,production_forest,25.4,kha
2007,grey_alder,101...110,production_forest,0.0,kha
2007,grey_alder,11...20,production_forest,27.7,kha
2007,grey_alder,111...120,production_forest,0.0,kha
2007,grey_alder,121...130,production_forest,0.0,kha
2007,grey_alder,131...140,production_forest,0.0,kha
2007,grey_alder,141...,production_forest,0.0,kha
2007,grey_alder,21...30,production_forest,42.5,kha
2007,grey_alder,31...40,production_forest,51.7,kha
2007,grey_alder,41...50,production_forest,30.6,kha
2007,grey_alder,51...60,production_forest,2.3,kha
2007,grey_alder,61...70,production_forest,0.7,kha
2007,grey_alder,71...80,production_forest,0.2,kha
2007,grey_alder,81...90,production_forest,0.0,kha
2007,grey_alder,91...100,production_forest,0.0,kha
2007,grey_alder,no_trees,production_forest,4.9,kha
2007,grey_alder,renewal_not_complete,production_forest,5.7,kha
2007,grey_alder,...10,protected_forest,0.3,kha
2007,grey_alder,101...110,protected_forest,0.0,kha
2007,grey_alder,11...20,protected_forest,0.4,kha
2007,grey_alder,111...120,protected_forest,0.0,kha
2007,grey_alder,121...130,protected_forest,0.0,kha
2007,grey_alder,131...140,protected_forest,0.0,kha
2007,grey_alder,141...,protected_forest,0.0,kha
2007,grey_alder,21...30,protected_forest,0.9,kha
2007,grey_alder,31...40,protected_forest,1.4,kha
2007,grey_alder,41...50,protected_forest,1.3,kha
2007,grey_alder,51...60,protected_forest,0.2,kha
2007,grey_alder,61...70,protected_forest,0.2,kha
2007,grey_alder,71...80,protected_forest,0.0,kha
2007,grey_alder,81...90,protected_forest,0.0,kha
2007,grey_alder,91...100,protected_forest,0.0,kha
2007,grey_alder,no_trees,protected_forest,0.0,kha
2007,grey_alder,renewal_not_complete,protected_forest,0.0,kha
2007,other,...10,production_forest,5.4,kha
2007,other,101...110,production_forest,0.6,kha
2007,other,11...20,production_forest,3.8,kha
2007,other,111...120,production_forest,0.0,kha
2007,other,121...130,production_forest,0.0,kha
2007,other,131...140,production_forest,0.0,kha
2007,other,141...,production_forest,0.0,kha
2007,other,21...30,production_forest,3.0,kha
2007,other,31...40,production_forest,4.9,kha
2007,other,41...50,production_forest,3.6,kha
2007,other,51...60,production_forest,5.5,kha
2007,other,61...70,production_forest,2.4,kha
2007,other,71...80,production_forest,3.0,kha
2007,other,81...90,production_forest,2.1,kha
2007,other,91...100,production_forest,1.0,kha
2007,other,no_trees,production_forest,0.3,kha
2007,other,renewal_not_complete,production_forest,1.1,kha
2007,other,...10,protected_forest,0.2,kha
2007,other,101...110,protected_forest,0.0,kha
2007,other,11...20,protected_forest,0.0,kha
2007,other,111...120,protected_forest,0.2,kha
2007,other,121...130,protected_forest,0.0,kha
2007,other,131...140,protected_forest,0.0,kha
2007,other,141...,protected_forest,0.4,kha
2007,other,21...30,protected_forest,0.2,kha
2007,other,31...40,protected_forest,0.2,kha
2007,other,41...50,protected_forest,0.8,kha
2007,other,51...60,protected_forest,0.2,kha
2007,other,61...70,protected_forest,0.4,kha
2007,other,71...80,protected_forest,0.6,kha
2007,other,81...90,protected_forest,0.2,kha
2007,other,91...100,protected_forest,0.0,kha
2007,other,no_trees,protected_forest,0.0,kha
2007,other,renewal_not_complete,protected_forest,0.0,kha
2007,pine,...10,production_forest,11.9,kha
2007,pine,101...110,production_forest,28.2,kha
2007,pine,11...20,production_forest,22.4,kha
2007,pine,111...120,production_forest,13.6,kha
2007,pine,121...130,production_forest,9.3,kha
2007,pine,131...140,production_forest,4.3,kha
2007,pine,141...,production_forest,7.5,kha
2007,pine,21...30,production_forest,28.6,kha
2007,pine,31...40,production_forest,48.0,kha
2007,pine,41...50,production_forest,76.3,kha
2007,pine,51...60,production_forest,84.9,kha
2007,pine,61...70,production_forest,97.7,kha
2007,pine,71...80,production_forest,85.5,kha
2007,pine,81...90,production_forest,54.4,kha
2007,pine,91...100,production_forest,47.0,kha
2007,pine,no_trees,production_forest,14.0,kha
2007,pine,renewal_not_complete,production_forest,19.7,kha
2007,pine,...10,protected_forest,0.6,kha
2007,pine,101...110,protected_forest,5.4,kha
2007,pine,11...20,protected_forest,1.5,kha
2007,pine,111...120,protected_forest,5.1,kha
2007,pine,121...130,protected_forest,4.8,kha
2007,pine,131...140,protected_forest,4.8,kha
2007,pine,141...,protected_forest,9.2,kha
2007,pine,21...30,protected_forest,5.4,kha
2007,pine,31...40,protected_forest,7.6,kha
2007,pine,41...50,protected_forest,11.2,kha
2007,pine,51...60,protected_forest,13.2,kha
2007,pine,61...70,protected_forest,11.9,kha
2007,pine,71...80,protected_forest,10.1,kha
2007,pine,81...90,protected_forest,9.0,kha
2007,pine,91...100,protected_forest,14.7,kha
2007,pine,no_trees,protected_forest,0.3,kha
2007,pine,renewal_not_complete,protected_forest,1.9,kha
2007,spruce,...10,production_forest,8.6,kha
2007,spruce,101...110,production_forest,7.7,kha
2007,spruce,11...20,production_forest,20.1,kha
2007,spruce,111...120,production_forest,3.8,kha
2007,spruce,121...130,production_forest,2.4,kha
2007,spruce,131...140,production_forest,0.2,kha
2007,spruce,141...,production_forest,0.6,kha
2007,spruce,21...30,production_forest,35.2,kha
2007,spruce,31...40,production_forest,38.5,kha
2007,spruce,41...50,production_forest,33.9,kha
2007,spruce,51...60,production_forest,45.5,kha
2007,spruce,61...70,production_forest,39.6,kha
2007,spruce,71...80,production_forest,42.6,kha
2007,spruce,81...90,production_forest,25.5,kha
2007,spruce,91...100,production_forest,17.7,kha
2007,spruce,no_trees,production_forest,24.2,kha
2007,spruce,renewal_not_complete,production_forest,16.9,kha
2007,spruce,...10,protected_forest,0.6,kha
2007,spruce,101...110,protected_forest,1.3,kha
2007,spruce,11...20,protected_forest,0.4,kha
2007,spruce,111...120,protected_forest,0.8,kha
2007,spruce,121...130,protected_forest,0.5,kha
2007,spruce,131...140,protected_forest,0.2,kha
2007,spruce,141...,protected_forest,1.3,kha
2007,spruce,21...30,protected_forest,1.8,kha
2007,spruce,31...40,protected_forest,1.7,kha
2007,spruce,41...50,protected_forest,2.0,kha
2007,spruce,51...60,protected_forest,2.8,kha
2007,spruce,61...70,protected_forest,2.9,kha
2007,spruce,71...80,protected_forest,2.5,kha
2007,spruce,81...90,protected_forest,2.5,kha
2007,spruce,91...100,protected_forest,1.8,kha
2007,spruce,no_trees,protected_forest,0.8,kha
2007,spruce,renewal_not_complete,protected_forest,0.5,kha
2008,aspen,...10,production_forest,21.5,kha
2008,aspen,101...110,production_forest,0.0,kha
2008,aspen,11...20,production_forest,6.3,kha
2008,aspen,111...120,production_forest,0.0,kha
2008,aspen,121...130,production_forest,0.0,kha
2008,aspen,131...140,production_forest,0.0,kha
2008,aspen,141...,production_forest,0.0,kha
2008,aspen,21...30,production_forest,4.9,kha
2008,aspen,31...40,production_forest,8.9,kha
2008,aspen,41...50,production_forest,16.3,kha
2008,aspen,51...60,production_forest,23.4,kha
2008,aspen,61...70,production_forest,13.9,kha
2008,aspen,71...80,production_forest,7.4,kha
2008,aspen,81...90,production_forest,2.2,kha
2008,aspen,91...100,production_forest,0.7,kha
2008,aspen,no_trees,production_forest,1.7,kha
2008,aspen,renewal_not_complete,production_forest,6.6,kha
2008,aspen,...10,protected_forest,0.0,kha
2008,aspen,101...110,protected_forest,0.0,kha
2008,aspen,11...20,protected_forest,0.1,kha
2008,aspen,111...120,protected_forest,0.0,kha
2008,aspen,121...130,protected_forest,0.0,kha
2008,aspen,131...140,protected_forest,0.0,kha
2008,aspen,141...,protected_forest,0.0,kha
2008,aspen,21...30,protected_forest,0.0,kha
2008,aspen,31...40,protected_forest,0.0,kha
2008,aspen,41...50,protected_forest,0.6,kha
2008,aspen,51...60,protected_forest,2.6,kha
2008,aspen,61...70,protected_forest,2.2,kha
2008,aspen,71...80,protected_forest,1.0,kha
2008,aspen,81...90,protected_forest,0.4,kha
2008,aspen,91...100,protected_forest,0.0,kha
2008,aspen,no_trees,protected_forest,0.0,kha
2008,aspen,renewal_not_complete,protected_forest,0.0,kha
2008,birch,...10,production_forest,59.7,kha
2008,birch,101...110,production_forest,1.3,kha
2008,birch,11...20,production_forest,52.4,kha
2008,birch,111...120,production_forest,0.0,kha
2008,birch,121...130,production_forest,0.0,kha
2008,birch,131...140,production_forest,0.0,kha
2008,birch,141...,production_forest,0.0,kha
2008,birch,21...30,production_forest,46.0,kha
2008,birch,31...40,production_forest,75.8,kha
2008,birch,41...50,production_forest,115.4,kha
2008,birch,51...60,production_forest,110.0,kha
2008,birch,61...70,production_forest,53.1,kha
2008,birch,71...80,production_forest,40.5,kha
2008,birch,81...90,production_forest,12.1,kha
2008,birch,91...100,production_forest,4.2,kha
2008,birch,no_trees,production_forest,16.9,kha
2008,birch,renewal_not_complete,production_forest,24.3,kha
2008,birch,...10,protected_forest,1.5,kha
2008,birch,101...110,protected_forest,0.8,kha
2008,birch,11...20,protected_forest,3.2,kha
2008,birch,111...120,protected_forest,0.2,kha
2008,birch,121...130,protected_forest,0.0,kha
2008,birch,131...140,protected_forest,0.0,kha
2008,birch,141...,protected_forest,0.0,kha
2008,birch,21...30,protected_forest,2.1,kha
2008,birch,31...40,protected_forest,4.4,kha
2008,birch,41...50,protected_forest,9.7,kha
2008,birch,51...60,protected_forest,11.8,kha
2008,birch,61...70,protected_forest,10.2,kha
2008,birch,71...80,protected_forest,9.1,kha
2008,birch,81...90,protected_forest,2.8,kha
2008,birch,91...100,protected_forest,2.2,kha
2008,birch,no_trees,protected_forest,0.6,kha
2008,birch,renewal_not_complete,protected_forest,0.4,kha
2008,black_alder,...10,production_forest,5.4,kha
2008,black_alder,101...110,production_forest,0.3,kha
2008,black_alder,11...20,production_forest,3.0,kha
2008,black_alder,111...120,production_forest,0.2,kha
2008,black_alder,121...130,production_forest,0.2,kha
2008,black_alder,131...140,production_forest,0.0,kha
2008,black_alder,141...,production_forest,0.0,kha
2008,black_alder,21...30,production_forest,2.7,kha
2008,black_alder,31...40,production_forest,6.4,kha
2008,black_alder,41...50,production_forest,11.7,kha
2008,black_alder,51...60,production_forest,10.3,kha
2008,black_alder,61...70,production_forest,8.3,kha
2008,black_alder,71...80,production_forest,5.3,kha
2008,black_alder,81...90,production_forest,1.6,kha
2008,black_alder,91...100,production_forest,0.2,kha
2008,black_alder,no_trees,production_forest,1.4,kha
2008,black_alder,renewal_not_complete,production_forest,1.6,kha
2008,black_alder,...10,protected_forest,0.2,kha
2008,black_alder,101...110,protected_forest,0.0,kha
2008,black_alder,11...20,protected_forest,0.0,kha
2008,black_alder,111...120,protected_forest,0.0,kha
2008,black_alder,121...130,protected_forest,0.0,kha
2008,black_alder,131...140,protected_forest,0.0,kha
2008,black_alder,141...,protected_forest,0.0,kha
2008,black_alder,21...30,protected_forest,0.7,kha
2008,black_alder,31...40,protected_forest,2.4,kha
2008,black_alder,41...50,protected_forest,2.9,kha
2008,black_alder,51...60,protected_forest,1.2,kha
2008,black_alder,61...70,protected_forest,1.7,kha
2008,black_alder,71...80,protected_forest,0.6,kha
2008,black_alder,81...90,protected_forest,0.3,kha
2008,black_alder,91...100,protected_forest,0.0,kha
2008,black_alder,no_trees,protected_forest,0.0,kha
2008,black_alder,renewal_not_complete,protected_forest,0.2,kha
2008,grey_alder,...10,production_forest,27.3,kha
2008,grey_alder,101...110,production_forest,0.0,kha
2008,grey_alder,11...20,production_forest,24.4,kha
2008,grey_alder,111...120,production_forest,0.0,kha
2008,grey_alder,121...130,production_forest,0.0,kha
2008,grey_alder,131...140,production_forest,0.0,kha
2008,grey_alder,141...,production_forest,0.0,kha
2008,grey_alder,21...30,production_forest,36.3,kha
2008,grey_alder,31...40,production_forest,49.0,kha
2008,grey_alder,41...50,production_forest,29.4,kha
2008,grey_alder,51...60,production_forest,3.1,kha
2008,grey_alder,61...70,production_forest,0.7,kha
2008,grey_alder,71...80,production_forest,0.2,kha
2008,grey_alder,81...90,production_forest,0.0,kha
2008,grey_alder,91...100,production_forest,0.0,kha
2008,grey_alder,no_trees,production_forest,4.2,kha
2008,grey_alder,renewal_not_complete,production_forest,5.3,kha
2008,grey_alder,...10,protected_forest,0.4,kha
2008,grey_alder,101...110,protected_forest,0.0,kha
2008,grey_alder,11...20,protected_forest,0.4,kha
2008,grey_alder,111...120,protected_forest,0.0,kha
2008,grey_alder,121...130,protected_forest,0.0,kha
2008,grey_alder,131...140,protected_forest,0.0,kha
2008,grey_alder,141...,protected_forest,0.0,kha
2008,grey_alder,21...30,protected_forest,0.4,kha
2008,grey_alder,31...40,protected_forest,1.3,kha
2008,grey_alder,41...50,protected_forest,1.3,kha
2008,grey_alder,51...60,protected_forest,0.2,kha
2008,grey_alder,61...70,protected_forest,0.2,kha
2008,grey_alder,71...80,protected_forest,0.0,kha
2008,grey_alder,81...90,protected_forest,0.0,kha
2008,grey_alder,91...100,protected_forest,0.0,kha
2008,grey_alder,no_trees,protected_forest,0.0,kha
2008,grey_alder,renewal_not_complete,protected_forest,0.0,kha
2008,other,...10,production_forest,4.6,kha
2008,other,101...110,production_forest,1.0,kha
2008,other,11...20,production_forest,3.6,kha
2008,other,111...120,production_forest,0.2,kha
2008,other,121...130,production_forest,0.0,kha
2008,other,131...140,production_forest,0.0,kha
2008,other,141...,production_forest,0.0,kha
2008,other,21...30,production_forest,2.7,kha
2008,other,31...40,production_forest,3.2,kha
2008,other,41...50,production_forest,4.1,kha
2008,other,51...60,production_forest,5.4,kha
2008,other,61...70,production_forest,2.2,kha
2008,other,71...80,production_forest,3.2,kha
2008,other,81...90,production_forest,1.7,kha
2008,other,91...100,production_forest,0.6,kha
2008,other,no_trees,production_forest,0.3,kha
2008,other,renewal_not_complete,production_forest,1.2,kha
2008,other,...10,protected_forest,0.2,kha
2008,other,101...110,protected_forest,0.0,kha
2008,other,11...20,protected_forest,0.0,kha
2008,other,111...120,protected_forest,0.2,kha
2008,other,121...130,protected_forest,0.0,kha
2008,other,131...140,protected_forest,0.0,kha
2008,other,141...,protected_forest,0.4,kha
2008,other,21...30,protected_forest,0.0,kha
2008,other,31...40,protected_forest,0.2,kha
2008,other,41...50,protected_forest,0.6,kha
2008,other,51...60,protected_forest,0.4,kha
2008,other,61...70,protected_forest,0.2,kha
2008,other,71...80,protected_forest,0.2,kha
2008,other,81...90,protected_forest,0.4,kha
2008,other,91...100,protected_forest,0.2,kha
2008,other,no_trees,protected_forest,0.0,kha
2008,other,renewal_not_complete,protected_forest,0.0,kha
2008,pine,...10,production_forest,11.4,kha
2008,pine,101...110,production_forest,28.0,kha
2008,pine,11...20,production_forest,22.0,kha
2008,pine,111...120,production_forest,14.3,kha
2008,pine,121...130,production_forest,11.4,kha
2008,pine,131...140,production_forest,5.4,kha
2008,pine,141...,production_forest,7.6,kha
2008,pine,21...30,production_forest,27.3,kha
2008,pine,31...40,production_forest,43.7,kha
2008,pine,41...50,production_forest,70.8,kha
2008,pine,51...60,production_forest,87.0,kha
2008,pine,61...70,production_forest,96.9,kha
2008,pine,71...80,production_forest,81.9,kha
2008,pine,81...90,production_forest,56.3,kha
2008,pine,91...100,production_forest,47.7,kha
2008,pine,no_trees,production_forest,12.5,kha
2008,pine,renewal_not_complete,production_forest,19.0,kha
2008,pine,...10,protected_forest,0.7,kha
2008,pine,101...110,protected_forest,6.0,kha
2008,pine,11...20,protected_forest,1.5,kha
2008,pine,111...120,protected_forest,4.8,kha
2008,pine,121...130,protected_forest,5.2,kha
2008,pine,131...140,protected_forest,5.2,kha
2008,pine,141...,protected_forest,9.1,kha
2008,pine,21...30,protected_forest,4.4,kha
2008,pine,31...40,protected_forest,7.9,kha
2008,pine,41...50,protected_forest,9.1,kha
2008,pine,51...60,protected_forest,14.2,kha
2008,pine,61...70,protected_forest,11.0,kha
2008,pine,71...80,protected_forest,9.8,kha
2008,pine,81...90,protected_forest,9.8,kha
2008,pine,91...100,protected_forest,14.6,kha
2008,pine,no_trees,protected_forest,0.5,kha
2008,pine,renewal_not_complete,protected_forest,1.7,kha
2008,spruce,...10,production_forest,9.1,kha
2008,spruce,101...110,production_forest,7.4,kha
2008,spruce,11...20,production_forest,17.8,kha
2008,spruce,111...120,production_forest,3.8,kha
2008,spruce,121...130,production_forest,2.4,kha
2008,spruce,131...140,production_forest,0.2,kha
2008,spruce,141...,production_forest,0.6,kha
2008,spruce,21...30,production_forest,33.0,kha
2008,spruce,31...40,production_forest,43.0,kha
2008,spruce,41...50,production_forest,39.2,kha
2008,spruce,51...60,production_forest,40.1,kha
2008,spruce,61...70,production_forest,40.7,kha
2008,spruce,71...80,production_forest,40.5,kha
2008,spruce,81...90,production_forest,25.4,kha
2008,spruce,91...100,production_forest,14.9,kha
2008,spruce,no_trees,production_forest,26.6,kha
2008,spruce,renewal_not_complete,production_forest,20.5,kha
2008,spruce,...10,protected_forest,0.7,kha
2008,spruce,101...110,protected_forest,1.7,kha
2008,spruce,11...20,protected_forest,0.5,kha
2008,spruce,111...120,protected_forest,0.6,kha
2008,spruce,121...130,protected_forest,0.5,kha
2008,spruce,131...140,protected_forest,0.2,kha
2008,spruce,141...,protected_forest,1.3,kha
2008,spruce,21...30,protected_forest,1.4,kha
2008,spruce,31...40,protected_forest,2.2,kha
2008,spruce,41...50,protected_forest,1.8,kha
2008,spruce,51...60,protected_forest,2.8,kha
2008,spruce,61...70,protected_forest,2.7,kha
2008,spruce,71...80,protected_forest,2.3,kha
2008,spruce,81...90,protected_forest,1.8,kha
2008,spruce,91...100,protected_forest,2.2,kha
2008,spruce,no_trees,protected_forest,0.7,kha
2008,spruce,renewal_not_complete,protected_forest,0.5,kha
2009,aspen,...10,production_forest,20.7,kha
2009,aspen,101...110,production_forest,0.2,kha
2009,aspen,11...20,production_forest,7.2,kha
2009,aspen,111...120,production_forest,0.0,kha
2009,aspen,121...130,production_forest,0.0,kha
2009,aspen,131...140,production_forest,0.0,kha
2009,aspen,141...,production_forest,0.0,kha
2009,aspen,21...30,production_forest,4.5,kha
2009,aspen,31...40,production_forest,8.4,kha
2009,aspen,41...50,production_forest,17.9,kha
2009,aspen,51...60,production_forest,21.3,kha
2009,aspen,61...70,production_forest,12.4,kha
2009,aspen,71...80,production_forest,7.1,kha
2009,aspen,81...90,production_forest,2.8,kha
2009,aspen,91...100,production_forest,1.2,kha
2009,aspen,no_trees,production_forest,1.6,kha
2009,aspen,renewal_not_complete,production_forest,7.9,kha
2009,aspen,...10,protected_forest,0.0,kha
2009,aspen,101...110,protected_forest,0.0,kha
2009,aspen,11...20,protected_forest,0.1,kha
2009,aspen,111...120,protected_forest,0.0,kha
2009,aspen,121...130,protected_forest,0.0,kha
2009,aspen,131...140,protected_forest,0.0,kha
2009,aspen,141...,protected_forest,0.0,kha
2009,aspen,21...30,protected_forest,0.2,kha
2009,aspen,31...40,protected_forest,0.0,kha
2009,aspen,41...50,protected_forest,0.7,kha
2009,aspen,51...60,protected_forest,2.8,kha
2009,aspen,61...70,protected_forest,2.1,kha
2009,aspen,71...80,protected_forest,1.3,kha
2009,aspen,81...90,protected_forest,0.4,kha
2009,aspen,91...100,protected_forest,0.0,kha
2009,aspen,no_trees,protected_forest,0.0,kha
2009,aspen,renewal_not_complete,protected_forest,0.2,kha
2009,birch,...10,production_forest,58.2,kha
2009,birch,101...110,production_forest,1.2,kha
2009,birch,11...20,production_forest,50.5,kha
2009,birch,111...120,production_forest,0.2,kha
2009,birch,121...130,production_forest,0.0,kha
2009,birch,131...140,production_forest,0.0,kha
2009,birch,141...,production_forest,0.0,kha
2009,birch,21...30,production_forest,51.7,kha
2009,birch,31...40,production_forest,73.0,kha
2009,birch,41...50,production_forest,117.5,kha
2009,birch,51...60,production_forest,103.7,kha
2009,birch,61...70,production_forest,61.8,kha
2009,birch,71...80,production_forest,41.3,kha
2009,birch,81...90,production_forest,12.6,kha
2009,birch,91...100,production_forest,5.0,kha
2009,birch,no_trees,production_forest,15.4,kha
2009,birch,renewal_not_complete,production_forest,23.0,kha
2009,birch,...10,protected_forest,1.9,kha
2009,birch,101...110,protected_forest,1.1,kha
2009,birch,11...20,protected_forest,2.2,kha
2009,birch,111...120,protected_forest,0.2,kha
2009,birch,121...130,protected_forest,0.0,kha
2009,birch,131...140,protected_forest,0.0,kha
2009,birch,141...,protected_forest,0.0,kha
2009,birch,21...30,protected_forest,3.2,kha
2009,birch,31...40,protected_forest,3.5,kha
2009,birch,41...50,protected_forest,11.1,kha
2009,birch,51...60,protected_forest,10.5,kha
2009,birch,61...70,protected_forest,10.8,kha
2009,birch,71...80,protected_forest,10.7,kha
2009,birch,81...90,protected_forest,3.4,kha
2009,birch,91...100,protected_forest,2.6,kha
2009,birch,no_trees,protected_forest,0.8,kha
2009,birch,renewal_not_complete,protected_forest,0.4,kha
2009,black_alder,...10,production_forest,6.0,kha
2009,black_alder,101...110,production_forest,0.3,kha
2009,black_alder,11...20,production_forest,2.6,kha
2009,black_alder,111...120,production_forest,0.2,kha
2009,black_alder,121...130,production_forest,0.2,kha
2009,black_alder,131...140,production_forest,0.0,kha
2009,black_alder,141...,production_forest,0.0,kha
2009,black_alder,21...30,production_forest,2.2,kha
2009,black_alder,31...40,production_forest,7.7,kha
2009,black_alder,41...50,production_forest,11.5,kha
2009,black_alder,51...60,production_forest,10.9,kha
2009,black_alder,61...70,production_forest,8.6,kha
2009,black_alder,71...80,production_forest,5.0,kha
2009,black_alder,81...90,production_forest,1.9,kha
2009,black_alder,91...100,production_forest,0.2,kha
2009,black_alder,no_trees,production_forest,2.0,kha
2009,black_alder,renewal_not_complete,production_forest,2.8,kha
2009,black_alder,...10,protected_forest,0.0,kha
2009,black_alder,101...110,protected_forest,0.0,kha
2009,black_alder,11...20,protected_forest,0.4,kha
2009,black_alder,111...120,protected_forest,0.0,kha
2009,black_alder,121...130,protected_forest,0.0,kha
2009,black_alder,131...140,protected_forest,0.0,kha
2009,black_alder,141...,protected_forest,0.0,kha
2009,black_alder,21...30,protected_forest,0.6,kha
2009,black_alder,31...40,protected_forest,1.8,kha
2009,black_alder,41...50,protected_forest,2.0,kha
2009,black_alder,51...60,protected_forest,1.2,kha
2009,black_alder,61...70,protected_forest,0.8,kha
2009,black_alder,71...80,protected_forest,0.6,kha
2009,black_alder,81...90,protected_forest,0.6,kha
2009,black_alder,91...100,protected_forest,0.0,kha
2009,black_alder,no_trees,protected_forest,0.0,kha
2009,black_alder,renewal_not_complete,protected_forest,0.2,kha
2009,grey_alder,...10,production_forest,28.4,kha
2009,grey_alder,101...110,production_forest,0.0,kha
2009,grey_alder,11...20,production_forest,25.9,kha
2009,grey_alder,111...120,production_forest,0.0,kha
2009,grey_alder,121...130,production_forest,0.0,kha
2009,grey_alder,131...140,production_forest,0.0,kha
2009,grey_alder,141...,production_forest,0.0,kha
2009,grey_alder,21...30,production_forest,35.6,kha
2009,grey_alder,31...40,production_forest,49.1,kha
2009,grey_alder,41...50,production_forest,26.5,kha
2009,grey_alder,51...60,production_forest,5.2,kha
2009,grey_alder,61...70,production_forest,0.9,kha
2009,grey_alder,71...80,production_forest,0.2,kha
2009,grey_alder,81...90,production_forest,0.0,kha
2009,grey_alder,91...100,production_forest,0.0,kha
2009,grey_alder,no_trees,production_forest,3.0,kha
2009,grey_alder,renewal_not_complete,production_forest,6.2,kha
2009,grey_alder,...10,protected_forest,0.4,kha
2009,grey_alder,101...110,protected_forest,0.0,kha
2009,grey_alder,11...20,protected_forest,0.5,kha
2009,grey_alder,111...120,protected_forest,0.0,kha
2009,grey_alder,121...130,protected_forest,0.0,kha
2009,grey_alder,131...140,protected_forest,0.0,kha
2009,grey_alder,141...,protected_forest,0.0,kha
2009,grey_alder,21...30,protected_forest,0.4,kha
2009,grey_alder,31...40,protected_forest,1.0,kha
2009,grey_alder,41...50,protected_forest,1.1,kha
2009,grey_alder,51...60,protected_forest,0.4,kha
2009,grey_alder,61...70,protected_forest,0.0,kha
2009,grey_alder,71...80,protected_forest,0.0,kha
2009,grey_alder,81...90,protected_forest,0.0,kha
2009,grey_alder,91...100,protected_forest,0.0,kha
2009,grey_alder,no_trees,protected_forest,0.0,kha
2009,grey_alder,renewal_not_complete,protected_forest,0.0,kha
2009,other,...10,production_forest,3.6,kha
2009,other,101...110,production_forest,1.2,kha
2009,other,11...20,production_forest,4.2,kha
2009,other,111...120,production_forest,0.2,kha
2009,other,121...130,production_forest,0.0,kha
2009,other,131...140,production_forest,0.0,kha
2009,other,141...,production_forest,0.0,kha
2009,other,21...30,production_forest,2.2,kha
2009,other,31...40,production_forest,3.2,kha
2009,other,41...50,production_forest,4.7,kha
2009,other,51...60,production_forest,5.6,kha
2009,other,61...70,production_forest,2.2,kha
2009,other,71...80,production_forest,3.4,kha
2009,other,81...90,production_forest,1.6,kha
2009,other,91...100,production_forest,0.6,kha
2009,other,no_trees,production_forest,0.1,kha
2009,other,renewal_not_complete,production_forest,1.2,kha
2009,other,...10,protected_forest,0.2,kha
2009,other,101...110,protected_forest,0.0,kha
2009,other,11...20,protected_forest,0.0,kha
2009,other,111...120,protected_forest,0.2,kha
2009,other,121...130,protected_forest,0.0,kha
2009,other,131...140,protected_forest,0.0,kha
2009,other,141...,protected_forest,0.4,kha
2009,other,21...30,protected_forest,0.0,kha
2009,other,31...40,protected_forest,0.2,kha
2009,other,41...50,protected_forest,0.2,kha
2009,other,51...60,protected_forest,0.2,kha
2009,other,61...70,protected_forest,0.0,kha
2009,other,71...80,protected_forest,0.2,kha
2009,other,81...90,protected_forest,0.3,kha
2009,other,91...100,protected_forest,0.6,kha
2009,other,no_trees,protected_forest,0.0,kha
2009,other,renewal_not_complete,protected_forest,0.0,kha
2009,pine,...10,production_forest,11.0,kha
2009,pine,101...110,production_forest,26.9,kha
2009,pine,11...20,production_forest,20.7,kha
2009,pine,111...120,production_forest,14.9,kha
2009,pine,121...130,production_forest,11.4,kha
2009,pine,131...140,production_forest,5.4,kha
2009,pine,141...,production_forest,7.1,kha
2009,pine,21...30,production_forest,28.9,kha
2009,pine,31...40,production_forest,45.9,kha
2009,pine,41...50,production_forest,67.6,kha
2009,pine,51...60,production_forest,86.9,kha
2009,pine,61...70,production_forest,99.0,kha
2009,pine,71...80,production_forest,76.2,kha
2009,pine,81...90,production_forest,58.1,kha
2009,pine,91...100,production_forest,45.1,kha
2009,pine,no_trees,production_forest,12.4,kha
2009,pine,renewal_not_complete,production_forest,17.8,kha
2009,pine,...10,protected_forest,0.4,kha
2009,pine,101...110,protected_forest,6.2,kha
2009,pine,11...20,protected_forest,1.5,kha
2009,pine,111...120,protected_forest,5.1,kha
2009,pine,121...130,protected_forest,4.4,kha
2009,pine,131...140,protected_forest,5.0,kha
2009,pine,141...,protected_forest,8.1,kha
2009,pine,21...30,protected_forest,3.9,kha
2009,pine,31...40,protected_forest,7.2,kha
2009,pine,41...50,protected_forest,10.3,kha
2009,pine,51...60,protected_forest,14.3,kha
2009,pine,61...70,protected_forest,13.4,kha
2009,pine,71...80,protected_forest,10.9,kha
2009,pine,81...90,protected_forest,9.1,kha
2009,pine,91...100,protected_forest,13.7,kha
2009,pine,no_trees,protected_forest,0.4,kha
2009,pine,renewal_not_complete,protected_forest,1.6,kha
2009,spruce,...10,production_forest,7.9,kha
2009,spruce,101...110,production_forest,6.5,kha
2009,spruce,11...20,production_forest,16.6,kha
2009,spruce,111...120,production_forest,3.5,kha
2009,spruce,121...130,production_forest,2.5,kha
2009,spruce,131...140,production_forest,0.2,kha
2009,spruce,141...,production_forest,0.8,kha
2009,spruce,21...30,production_forest,29.6,kha
2009,spruce,31...40,production_forest,44.0,kha
2009,spruce,41...50,production_forest,43.5,kha
2009,spruce,51...60,production_forest,37.2,kha
2009,spruce,61...70,production_forest,39.7,kha
2009,spruce,71...80,production_forest,40.1,kha
2009,spruce,81...90,production_forest,22.3,kha
2009,spruce,91...100,production_forest,12.4,kha
2009,spruce,no_trees,production_forest,26.6,kha
2009,spruce,renewal_not_complete,production_forest,20.8,kha
2009,spruce,...10,protected_forest,0.4,kha
2009,spruce,101...110,protected_forest,1.1,kha
2009,spruce,11...20,protected_forest,0.3,kha
2009,spruce,111...120,protected_forest,0.7,kha
2009,spruce,121...130,protected_forest,0.7,kha
2009,spruce,131...140,protected_forest,0.2,kha
2009,spruce,141...,protected_forest,0.5,kha
2009,spruce,21...30,protected_forest,1.2,kha
2009,spruce,31...40,protected_forest,2.5,kha
2009,spruce,41...50,protected_forest,2.3,kha
2009,spruce,51...60,protected_forest,1.7,kha
2009,spruce,61...70,protected_forest,2.3,kha
2009,spruce,71...80,protected_forest,1.4,kha
2009,spruce,81...90,protected_forest,1.6,kha
2009,spruce,91...100,protected_forest,3.5,kha
2009,spruce,no_trees,protected_forest,0.6,kha
2009,spruce,renewal_not_complete,protected_forest,0.3,kha
2010,aspen,...10,production_forest,21.8,kha
2010,aspen,101...110,production_forest,0.2,kha
2010,aspen,11...20,production_forest,8.0,kha
2010,aspen,111...120,production_forest,0.0,kha
2010,aspen,121...130,production_forest,0.0,kha
2010,aspen,131...140,production_forest,0.0,kha
2010,aspen,141...,production_forest,0.0,kha
2010,aspen,21...30,production_forest,4.2,kha
2010,aspen,31...40,production_forest,7.6,kha
2010,aspen,41...50,production_forest,17.5,kha
2010,aspen,51...60,production_forest,22.9,kha
2010,aspen,61...70,production_forest,11.6,kha
2010,aspen,71...80,production_forest,6.5,kha
2010,aspen,81...90,production_forest,2.2,kha
2010,aspen,91...100,production_forest,1.1,kha
2010,aspen,no_trees,production_forest,2.0,kha
2010,aspen,renewal_not_complete,production_forest,9.4,kha
2010,aspen,...10,protected_forest,0.0,kha
2010,aspen,101...110,protected_forest,0.0,kha
2010,aspen,11...20,protected_forest,0.1,kha
2010,aspen,111...120,protected_forest,0.0,kha
2010,aspen,121...130,protected_forest,0.0,kha
2010,aspen,131...140,protected_forest,0.0,kha
2010,aspen,141...,protected_forest,0.0,kha
2010,aspen,21...30,protected_forest,0.2,kha
2010,aspen,31...40,protected_forest,0.0,kha
2010,aspen,41...50,protected_forest,1.1,kha
2010,aspen,51...60,protected_forest,2.6,kha
2010,aspen,61...70,protected_forest,2.1,kha
2010,aspen,71...80,protected_forest,1.7,kha
2010,aspen,81...90,protected_forest,0.4,kha
2010,aspen,91...100,protected_forest,0.0,kha
2010,aspen,no_trees,protected_forest,0.0,kha
2010,aspen,renewal_not_complete,protected_forest,0.4,kha
2010,birch,...10,production_forest,60.8,kha
2010,birch,101...110,production_forest,1.2,kha
2010,birch,11...20,production_forest,51.6,kha
2010,birch,111...120,production_forest,0.2,kha
2010,birch,121...130,production_forest,0.2,kha
2010,birch,131...140,production_forest,0.0,kha
2010,birch,141...,production_forest,0.0,kha
2010,birch,21...30,production_forest,55.2,kha
2010,birch,31...40,production_forest,72.9,kha
2010,birch,41...50,production_forest,119.0,kha
2010,birch,51...60,production_forest,101.9,kha
2010,birch,61...70,production_forest,63.4,kha
2010,birch,71...80,production_forest,42.9,kha
2010,birch,81...90,production_forest,12.8,kha
2010,birch,91...100,production_forest,6.4,kha
2010,birch,no_trees,production_forest,16.1,kha
2010,birch,renewal_not_complete,production_forest,18.0,kha
2010,birch,...10,protected_forest,1.8,kha
2010,birch,101...110,protected_forest,1.1,kha
2010,birch,11...20,protected_forest,2.2,kha
2010,birch,111...120,protected_forest,0.2,kha
2010,birch,121...130,protected_forest,0.2,kha
2010,birch,131...140,protected_forest,0.0,kha
2010,birch,141...,protected_forest,0.0,kha
2010,birch,21...30,protected_forest,2.2,kha
2010,birch,31...40,protected_forest,2.5,kha
2010,birch,41...50,protected_forest,10.6,kha
2010,birch,51...60,protected_forest,9.0,kha
2010,birch,61...70,protected_forest,10.7,kha
2010,birch,71...80,protected_forest,11.5,kha
2010,birch,81...90,protected_forest,3.0,kha
2010,birch,91...100,protected_forest,2.4,kha
2010,birch,no_trees,protected_forest,0.6,kha
2010,birch,renewal_not_complete,protected_forest,0.5,kha
2010,black_alder,...10,production_forest,6.7,kha
2010,black_alder,101...110,production_forest,0.3,kha
2010,black_alder,11...20,production_forest,2.5,kha
2010,black_alder,111...120,production_forest,0.2,kha
2010,black_alder,121...130,production_forest,0.2,kha
2010,black_alder,131...140,production_forest,0.0,kha
2010,black_alder,141...,production_forest,0.0,kha
2010,black_alder,21...30,production_forest,2.2,kha
2010,black_alder,31...40,production_forest,7.0,kha
2010,black_alder,41...50,production_forest,12.1,kha
2010,black_alder,51...60,production_forest,9.8,kha
2010,black_alder,61...70,production_forest,9.1,kha
2010,black_alder,71...80,production_forest,4.3,kha
2010,black_alder,81...90,production_forest,2.3,kha
2010,black_alder,91...100,production_forest,0.6,kha
2010,black_alder,no_trees,production_forest,2.4,kha
2010,black_alder,renewal_not_complete,production_forest,3.9,kha
2010,black_alder,...10,protected_forest,0.0,kha
2010,black_alder,101...110,protected_forest,0.0,kha
2010,black_alder,11...20,protected_forest,0.5,kha
2010,black_alder,111...120,protected_forest,0.0,kha
2010,black_alder,121...130,protected_forest,0.0,kha
2010,black_alder,131...140,protected_forest,0.0,kha
2010,black_alder,141...,protected_forest,0.0,kha
2010,black_alder,21...30,protected_forest,0.4,kha
2010,black_alder,31...40,protected_forest,1.5,kha
2010,black_alder,41...50,protected_forest,2.0,kha
2010,black_alder,51...60,protected_forest,1.5,kha
2010,black_alder,61...70,protected_forest,0.9,kha
2010,black_alder,71...80,protected_forest,0.7,kha
2010,black_alder,81...90,protected_forest,0.6,kha
2010,black_alder,91...100,protected_forest,0.0,kha
2010,black_alder,no_trees,protected_forest,0.0,kha
2010,black_alder,renewal_not_complete,protected_forest,0.2,kha
2010,grey_alder,...10,production_forest,27.7,kha
2010,grey_alder,101...110,production_forest,0.0,kha
2010,grey_alder,11...20,production_forest,28.0,kha
2010,grey_alder,111...120,production_forest,0.0,kha
2010,grey_alder,121...130,production_forest,0.0,kha
2010,grey_alder,131...140,production_forest,0.0,kha
2010,grey_alder,141...,production_forest,0.0,kha
2010,grey_alder,21...30,production_forest,34.2,kha
2010,grey_alder,31...40,production_forest,50.4,kha
2010,grey_alder,41...50,production_forest,26.1,kha
2010,grey_alder,51...60,production_forest,7.7,kha
2010,grey_alder,61...70,production_forest,0.9,kha
2010,grey_alder,71...80,production_forest,0.2,kha
2010,grey_alder,81...90,production_forest,0.0,kha
2010,grey_alder,91...100,production_forest,0.0,kha
2010,grey_alder,no_trees,production_forest,2.2,kha
2010,grey_alder,renewal_not_complete,production_forest,6.5,kha
2010,grey_alder,...10,protected_forest,0.4,kha
2010,grey_alder,101...110,protected_forest,0.0,kha
2010,grey_alder,11...20,protected_forest,0.5,kha
2010,grey_alder,111...120,protected_forest,0.0,kha
2010,grey_alder,121...130,protected_forest,0.0,kha
2010,grey_alder,131...140,protected_forest,0.0,kha
2010,grey_alder,141...,protected_forest,0.0,kha
2010,grey_alder,21...30,protected_forest,0.4,kha
2010,grey_alder,31...40,protected_forest,0.4,kha
2010,grey_alder,41...50,protected_forest,1.5,kha
2010,grey_alder,51...60,protected_forest,0.2,kha
2010,grey_alder,61...70,protected_forest,0.0,kha
2010,grey_alder,71...80,protected_forest,0.0,kha
2010,grey_alder,81...90,protected_forest,0.0,kha
2010,grey_alder,91...100,protected_forest,0.0,kha
2010,grey_alder,no_trees,protected_forest,0.0,kha
2010,grey_alder,renewal_not_complete,protected_forest,0.0,kha
2010,other,...10,production_forest,2.7,kha
2010,other,101...110,production_forest,1.7,kha
2010,other,11...20,production_forest,5.3,kha
2010,other,111...120,production_forest,0.2,kha
2010,other,121...130,production_forest,0.0,kha
2010,other,131...140,production_forest,0.0,kha
2010,other,141...,production_forest,0.0,kha
2010,other,21...30,production_forest,2.0,kha
2010,other,31...40,production_forest,3.4,kha
2010,other,41...50,production_forest,5.1,kha
2010,other,51...60,production_forest,5.3,kha
2010,other,61...70,production_forest,2.2,kha
2010,other,71...80,production_forest,3.0,kha
2010,other,81...90,production_forest,2.3,kha
2010,other,91...100,production_forest,0.4,kha
2010,other,no_trees,production_forest,0.1,kha
2010,other,renewal_not_complete,production_forest,1.2,kha
2010,other,...10,protected_forest,0.2,kha
2010,other,101...110,protected_forest,0.0,kha
2010,other,11...20,protected_forest,0.0,kha
2010,other,111...120,protected_forest,0.2,kha
2010,other,121...130,protected_forest,0.0,kha
2010,other,131...140,protected_forest,0.0,kha
2010,other,141...,protected_forest,0.4,kha
2010,other,21...30,protected_forest,0.0,kha
2010,other,31...40,protected_forest,0.2,kha
2010,other,41...50,protected_forest,0.2,kha
2010,other,51...60,protected_forest,0.2,kha
2010,other,61...70,protected_forest,0.0,kha
2010,other,71...80,protected_forest,0.2,kha
2010,other,81...90,protected_forest,0.2,kha
2010,other,91...100,protected_forest,0.6,kha
2010,other,no_trees,protected_forest,0.0,kha
2010,other,renewal_not_complete,protected_forest,0.0,kha
2010,pine,...10,production_forest,10.8,kha
2010,pine,101...110,production_forest,28.1,kha
2010,pine,11...20,production_forest,22.8,kha
2010,pine,111...120,production_forest,14.8,kha
2010,pine,121...130,production_forest,12.4,kha
2010,pine,131...140,production_forest,5.4,kha
2010,pine,141...,production_forest,6.9,kha
2010,pine,21...30,production_forest,29.6,kha
2010,pine,31...40,production_forest,42.5,kha
2010,pine,41...50,production_forest,68.9,kha
2010,pine,51...60,production_forest,84.5,kha
2010,pine,61...70,production_forest,95.4,kha
2010,pine,71...80,production_forest,73.3,kha
2010,pine,81...90,production_forest,58.2,kha
2010,pine,91...100,production_forest,48.2,kha
2010,pine,no_trees,production_forest,12.3,kha
2010,pine,renewal_not_complete,production_forest,18.7,kha
2010,pine,...10,protected_forest,0.4,kha
2010,pine,101...110,protected_forest,6.0,kha
2010,pine,11...20,protected_forest,1.3,kha
2010,pine,111...120,protected_forest,5.6,kha
2010,pine,121...130,protected_forest,4.3,kha
2010,pine,131...140,protected_forest,4.7,kha
2010,pine,141...,protected_forest,7.8,kha
2010,pine,21...30,protected_forest,3.4,kha
2010,pine,31...40,protected_forest,6.7,kha
2010,pine,41...50,protected_forest,8.2,kha
2010,pine,51...60,protected_forest,14.5,kha
2010,pine,61...70,protected_forest,13.9,kha
2010,pine,71...80,protected_forest,10.3,kha
2010,pine,81...90,protected_forest,8.5,kha
2010,pine,91...100,protected_forest,14.0,kha
2010,pine,no_trees,protected_forest,0.4,kha
2010,pine,renewal_not_complete,protected_forest,1.4,kha
2010,spruce,...10,production_forest,8.0,kha
2010,spruce,101...110,production_forest,6.1,kha
2010,spruce,11...20,production_forest,16.6,kha
2010,spruce,111...120,production_forest,2.7,kha
2010,spruce,121...130,production_forest,2.5,kha
2010,spruce,131...140,production_forest,0.0,kha
2010,spruce,141...,production_forest,1.2,kha
2010,spruce,21...30,production_forest,31.2,kha
2010,spruce,31...40,production_forest,44.3,kha
2010,spruce,41...50,production_forest,50.1,kha
2010,spruce,51...60,production_forest,32.7,kha
2010,spruce,61...70,production_forest,40.4,kha
2010,spruce,71...80,production_forest,39.7,kha
2010,spruce,81...90,production_forest,23.2,kha
2010,spruce,91...100,production_forest,13.4,kha
2010,spruce,no_trees,production_forest,23.4,kha
2010,spruce,renewal_not_complete,production_forest,20.6,kha
2010,spruce,...10,protected_forest,0.2,kha
2010,spruce,101...110,protected_forest,1.5,kha
2010,spruce,11...20,protected_forest,1.2,kha
2010,spruce,111...120,protected_forest,0.6,kha
2010,spruce,121...130,protected_forest,0.5,kha
2010,spruce,131...140,protected_forest,0.2,kha
2010,spruce,141...,protected_forest,0.5,kha
2010,spruce,21...30,protected_forest,0.9,kha
2010,spruce,31...40,protected_forest,3.1,kha
2010,spruce,41...50,protected_forest,2.5,kha
2010,spruce,51...60,protected_forest,1.4,kha
2010,spruce,61...70,protected_forest,1.8,kha
2010,spruce,71...80,protected_forest,1.4,kha
2010,spruce,81...90,protected_forest,1.3,kha
2010,spruce,91...100,protected_forest,2.8,kha
2010,spruce,no_trees,protected_forest,0.2,kha
2010,spruce,renewal_not_complete,protected_forest,0.3,kha
2011,aspen,...10,production_forest,22.1,kha
2011,aspen,101...110,production_forest,0.4,kha
2011,aspen,11...20,production_forest,10.0,kha
2011,aspen,111...120,production_forest,0.0,kha
2011,aspen,121...130,production_forest,0.0,kha
2011,aspen,131...140,production_forest,0.0,kha
2011,aspen,141...,production_forest,0.0,kha
2011,aspen,21...30,production_forest,4.6,kha
2011,aspen,31...40,production_forest,6.4,kha
2011,aspen,41...50,production_forest,18.0,kha
2011,aspen,51...60,production_forest,23.7,kha
2011,aspen,61...70,production_forest,12.2,kha
2011,aspen,71...80,production_forest,6.4,kha
2011,aspen,81...90,production_forest,2.3,kha
2011,aspen,91...100,production_forest,0.9,kha
2011,aspen,no_trees,production_forest,1.7,kha
2011,aspen,renewal_not_complete,production_forest,11.3,kha
2011,aspen,...10,protected_forest,0.2,kha
2011,aspen,101...110,protected_forest,0.0,kha
2011,aspen,11...20,protected_forest,0.1,kha
2011,aspen,111...120,protected_forest,0.0,kha
2011,aspen,121...130,protected_forest,0.0,kha
2011,aspen,131...140,protected_forest,0.0,kha
2011,aspen,141...,protected_forest,0.0,kha
2011,aspen,21...30,protected_forest,0.2,kha
2011,aspen,31...40,protected_forest,0.0,kha
2011,aspen,41...50,protected_forest,1.6,kha
2011,aspen,51...60,protected_forest,2.2,kha
2011,aspen,61...70,protected_forest,2.5,kha
2011,aspen,71...80,protected_forest,1.7,kha
2011,aspen,81...90,protected_forest,0.6,kha
2011,aspen,91...100,protected_forest,0.0,kha
2011,aspen,no_trees,protected_forest,0.0,kha
2011,aspen,renewal_not_complete,protected_forest,0.4,kha
2011,birch,...10,production_forest,62.8,kha
2011,birch,101...110,production_forest,0.8,kha
2011,birch,11...20,production_forest,51.1,kha
2011,birch,111...120,production_forest,0.2,kha
2011,birch,121...130,production_forest,0.2,kha
2011,birch,131...140,production_forest,0.0,kha
2011,birch,141...,production_forest,0.0,kha
2011,birch,21...30,production_forest,54.6,kha
2011,birch,31...40,production_forest,73.9,kha
2011,birch,41...50,production_forest,119.1,kha
2011,birch,51...60,production_forest,100.0,kha
2011,birch,61...70,production_forest,75.9,kha
2011,birch,71...80,production_forest,42.6,kha
2011,birch,81...90,production_forest,14.0,kha
2011,birch,91...100,production_forest,7.3,kha
2011,birch,no_trees,production_forest,15.9,kha
2011,birch,renewal_not_complete,production_forest,18.0,kha
2011,birch,...10,protected_forest,2.2,kha
2011,birch,101...110,protected_forest,1.1,kha
2011,birch,11...20,protected_forest,2.6,kha
2011,birch,111...120,protected_forest,0.5,kha
2011,birch,121...130,protected_forest,0.2,kha
2011,birch,131...140,protected_forest,0.0,kha
2011,birch,141...,protected_forest,0.0,kha
2011,birch,21...30,protected_forest,2.2,kha
2011,birch,31...40,protected_forest,3.5,kha
2011,birch,41...50,protected_forest,11.9,kha
2011,birch,51...60,protected_forest,11.3,kha
2011,birch,61...70,protected_forest,11.5,kha
2011,birch,71...80,protected_forest,11.3,kha
2011,birch,81...90,protected_forest,2.7,kha
2011,birch,91...100,protected_forest,1.7,kha
2011,birch,no_trees,protected_forest,0.7,kha
2011,birch,renewal_not_complete,protected_forest,0.4,kha
2011,black_alder,...10,production_forest,6.1,kha
2011,black_alder,101...110,production_forest,0.1,kha
2011,black_alder,11...20,production_forest,2.5,kha
2011,black_alder,111...120,production_forest,0.2,kha
2011,black_alder,121...130,production_forest,0.2,kha
2011,black_alder,131...140,production_forest,0.0,kha
2011,black_alder,141...,production_forest,0.0,kha
2011,black_alder,21...30,production_forest,2.4,kha
2011,black_alder,31...40,production_forest,6.8,kha
2011,black_alder,41...50,production_forest,12.8,kha
2011,black_alder,51...60,production_forest,10.8,kha
2011,black_alder,61...70,production_forest,9.8,kha
2011,black_alder,71...80,production_forest,4.6,kha
2011,black_alder,81...90,production_forest,2.7,kha
2011,black_alder,91...100,production_forest,0.6,kha
2011,black_alder,no_trees,production_forest,1.8,kha
2011,black_alder,renewal_not_complete,production_forest,4.4,kha
2011,black_alder,...10,protected_forest,0.0,kha
2011,black_alder,101...110,protected_forest,0.2,kha
2011,black_alder,11...20,protected_forest,0.5,kha
2011,black_alder,111...120,protected_forest,0.0,kha
2011,black_alder,121...130,protected_forest,0.0,kha
2011,black_alder,131...140,protected_forest,0.0,kha
2011,black_alder,141...,protected_forest,0.0,kha
2011,black_alder,21...30,protected_forest,0.4,kha
2011,black_alder,31...40,protected_forest,1.3,kha
2011,black_alder,41...50,protected_forest,2.2,kha
2011,black_alder,51...60,protected_forest,1.8,kha
2011,black_alder,61...70,protected_forest,0.8,kha
2011,black_alder,71...80,protected_forest,0.4,kha
2011,black_alder,81...90,protected_forest,0.8,kha
2011,black_alder,91...100,protected_forest,0.0,kha
2011,black_alder,no_trees,protected_forest,0.0,kha
2011,black_alder,renewal_not_complete,protected_forest,0.2,kha
2011,grey_alder,...10,production_forest,28.0,kha
2011,grey_alder,101...110,production_forest,0.0,kha
2011,grey_alder,11...20,production_forest,30.2,kha
2011,grey_alder,111...120,production_forest,0.0,kha
2011,grey_alder,121...130,production_forest,0.0,kha
2011,grey_alder,131...140,production_forest,0.0,kha
2011,grey_alder,141...,production_forest,0.0,kha
2011,grey_alder,21...30,production_forest,32.2,kha
2011,grey_alder,31...40,production_forest,46.3,kha
2011,grey_alder,41...50,production_forest,25.8,kha
2011,grey_alder,51...60,production_forest,8.8,kha
2011,grey_alder,61...70,production_forest,1.1,kha
2011,grey_alder,71...80,production_forest,0.2,kha
2011,grey_alder,81...90,production_forest,0.0,kha
2011,grey_alder,91...100,production_forest,0.0,kha
2011,grey_alder,no_trees,production_forest,2.1,kha
2011,grey_alder,renewal_not_complete,production_forest,6.3,kha
2011,grey_alder,...10,protected_forest,0.3,kha
2011,grey_alder,101...110,protected_forest,0.0,kha
2011,grey_alder,11...20,protected_forest,0.4,kha
2011,grey_alder,111...120,protected_forest,0.0,kha
2011,grey_alder,121...130,protected_forest,0.0,kha
2011,grey_alder,131...140,protected_forest,0.0,kha
2011,grey_alder,141...,protected_forest,0.0,kha
2011,grey_alder,21...30,protected_forest,0.5,kha
2011,grey_alder,31...40,protected_forest,0.2,kha
2011,grey_alder,41...50,protected_forest,1.1,kha
2011,grey_alder,51...60,protected_forest,0.6,kha
2011,grey_alder,61...70,protected_forest,0.0,kha
2011,grey_alder,71...80,protected_forest,0.0,kha
2011,grey_alder,81...90,protected_forest,0.0,kha
2011,grey_alder,91...100,protected_forest,0.0,kha
2011,grey_alder,no_trees,protected_forest,0.0,kha
2011,grey_alder,renewal_not_complete,protected_forest,0.0,kha
2011,other,...10,production_forest,2.6,kha
2011,other,101...110,production_forest,1.7,kha
2011,other,11...20,production_forest,4.9,kha
2011,other,111...120,production_forest,0.2,kha
2011,other,121...130,production_forest,0.0,kha
2011,other,131...140,production_forest,0.0,kha
2011,other,141...,production_forest,0.0,kha
2011,other,21...30,production_forest,2.2,kha
2011,other,31...40,production_forest,2.7,kha
2011,other,41...50,production_forest,5.5,kha
2011,other,51...60,production_forest,3.8,kha
2011,other,61...70,production_forest,2.0,kha
2011,other,71...80,production_forest,2.0,kha
2011,other,81...90,production_forest,1.9,kha
2011,other,91...100,production_forest,0.6,kha
2011,other,no_trees,production_forest,0.0,kha
2011,other,renewal_not_complete,production_forest,1.2,kha
2011,other,...10,protected_forest,0.3,kha
2011,other,101...110,protected_forest,0.0,kha
2011,other,11...20,protected_forest,0.0,kha
2011,other,111...120,protected_forest,0.2,kha
2011,other,121...130,protected_forest,0.0,kha
2011,other,131...140,protected_forest,0.0,kha
2011,other,141...,protected_forest,0.4,kha
2011,other,21...30,protected_forest,0.2,kha
2011,other,31...40,protected_forest,0.2,kha
2011,other,41...50,protected_forest,0.6,kha
2011,other,51...60,protected_forest,0.4,kha
2011,other,61...70,protected_forest,0.0,kha
2011,other,71...80,protected_forest,0.2,kha
2011,other,81...90,protected_forest,0.4,kha
2011,other,91...100,protected_forest,0.6,kha
2011,other,no_trees,protected_forest,0.0,kha
2011,other,renewal_not_complete,protected_forest,0.0,kha
2011,pine,...10,production_forest,12.5,kha
2011,pine,101...110,production_forest,26.4,kha
2011,pine,11...20,production_forest,22.0,kha
2011,pine,111...120,production_forest,12.4,kha
2011,pine,121...130,production_forest,12.0,kha
2011,pine,131...140,production_forest,5.9,kha
2011,pine,141...,production_forest,7.4,kha
2011,pine,21...30,production_forest,26.7,kha
2011,pine,31...40,production_forest,38.1,kha
2011,pine,41...50,production_forest,61.5,kha
2011,pine,51...60,production_forest,78.9,kha
2011,pine,61...70,production_forest,95.8,kha
2011,pine,71...80,production_forest,74.6,kha
2011,pine,81...90,production_forest,58.5,kha
2011,pine,91...100,production_forest,46.4,kha
2011,pine,no_trees,production_forest,12.3,kha
2011,pine,renewal_not_complete,production_forest,19.2,kha
2011,pine,...10,protected_forest,0.0,kha
2011,pine,101...110,protected_forest,5.9,kha
2011,pine,11...20,protected_forest,1.5,kha
2011,pine,111...120,protected_forest,5.6,kha
2011,pine,121...130,protected_forest,4.6,kha
2011,pine,131...140,protected_forest,4.3,kha
2011,pine,141...,protected_forest,7.7,kha
2011,pine,21...30,protected_forest,4.3,kha
2011,pine,31...40,protected_forest,5.4,kha
2011,pine,41...50,protected_forest,7.5,kha
2011,pine,51...60,protected_forest,14.6,kha
2011,pine,61...70,protected_forest,16.3,kha
2011,pine,71...80,protected_forest,13.4,kha
2011,pine,81...90,protected_forest,8.4,kha
2011,pine,91...100,protected_forest,14.3,kha
2011,pine,no_trees,protected_forest,0.4,kha
2011,pine,renewal_not_complete,protected_forest,1.2,kha
2011,spruce,...10,production_forest,8.7,kha
2011,spruce,101...110,production_forest,5.9,kha
2011,spruce,11...20,production_forest,19.9,kha
2011,spruce,111...120,production_forest,2.1,kha
2011,spruce,121...130,production_forest,1.8,kha
2011,spruce,131...140,production_forest,0.4,kha
2011,spruce,141...,production_forest,1.2,kha
2011,spruce,21...30,production_forest,31.7,kha
2011,spruce,31...40,production_forest,46.4,kha
2011,spruce,41...50,production_forest,52.7,kha
2011,spruce,51...60,production_forest,32.3,kha
2011,spruce,61...70,production_forest,41.3,kha
2011,spruce,71...80,production_forest,40.0,kha
2011,spruce,81...90,production_forest,21.5,kha
2011,spruce,91...100,production_forest,10.5,kha
2011,spruce,no_trees,production_forest,24.0,kha
2011,spruce,renewal_not_complete,production_forest,22.5,kha
2011,spruce,...10,protected_forest,0.2,kha
2011,spruce,101...110,protected_forest,1.7,kha
2011,spruce,11...20,protected_forest,1.1,kha
2011,spruce,111...120,protected_forest,0.4,kha
2011,spruce,121...130,protected_forest,0.9,kha
2011,spruce,131...140,protected_forest,0.2,kha
2011,spruce,141...,protected_forest,0.5,kha
2011,spruce,21...30,protected_forest,1.1,kha
2011,spruce,31...40,protected_forest,3.6,kha
2011,spruce,41...50,protected_forest,2.4,kha
2011,spruce,51...60,protected_forest,1.4,kha
2011,spruce,61...70,protected_forest,1.4,kha
2011,spruce,71...80,protected_forest,2.3,kha
2011,spruce,81...90,protected_forest,1.9,kha
2011,spruce,91...100,protected_forest,2.8,kha
2011,spruce,no_trees,protected_forest,0.4,kha
2011,spruce,renewal_not_complete,protected_forest,0.0,kha
2012,aspen,...10,production_forest,22.4,kha
2012,aspen,101...110,production_forest,0.4,kha
2012,aspen,11...20,production_forest,10.9,kha
2012,aspen,111...120,production_forest,0.0,kha
2012,aspen,121...130,production_forest,0.0,kha
2012,aspen,131...140,production_forest,0.0,kha
2012,aspen,141...,production_forest,0.0,kha
2012,aspen,21...30,production_forest,5.5,kha
2012,aspen,31...40,production_forest,4.8,kha
2012,aspen,41...50,production_forest,17.4,kha
2012,aspen,51...60,production_forest,21.4,kha
2012,aspen,61...70,production_forest,13.1,kha
2012,aspen,71...80,production_forest,7.2,kha
2012,aspen,81...90,production_forest,2.3,kha
2012,aspen,91...100,production_forest,0.9,kha
2012,aspen,no_trees,production_forest,1.9,kha
2012,aspen,renewal_not_complete,production_forest,12.0,kha
2012,aspen,...10,protected_forest,0.2,kha
2012,aspen,101...110,protected_forest,0.0,kha
2012,aspen,11...20,protected_forest,0.0,kha
2012,aspen,111...120,protected_forest,0.0,kha
2012,aspen,121...130,protected_forest,0.0,kha
2012,aspen,131...140,protected_forest,0.0,kha
2012,aspen,141...,protected_forest,0.0,kha
2012,aspen,21...30,protected_forest,0.2,kha
2012,aspen,31...40,protected_forest,0.0,kha
2012,aspen,41...50,protected_forest,1.5,kha
2012,aspen,51...60,protected_forest,2.3,kha
2012,aspen,61...70,protected_forest,2.7,kha
2012,aspen,71...80,protected_forest,1.4,kha
2012,aspen,81...90,protected_forest,0.4,kha
2012,aspen,91...100,protected_forest,0.0,kha
2012,aspen,no_trees,protected_forest,0.0,kha
2012,aspen,renewal_not_complete,protected_forest,0.5,kha
2012,birch,...10,production_forest,57.5,kha
2012,birch,101...110,production_forest,0.6,kha
2012,birch,11...20,production_forest,56.3,kha
2012,birch,111...120,production_forest,0.2,kha
2012,birch,121...130,production_forest,0.2,kha
2012,birch,131...140,production_forest,0.0,kha
2012,birch,141...,production_forest,0.0,kha
2012,birch,21...30,production_forest,56.0,kha
2012,birch,31...40,production_forest,75.9,kha
2012,birch,41...50,production_forest,114.6,kha
2012,birch,51...60,production_forest,95.4,kha
2012,birch,61...70,production_forest,80.5,kha
2012,birch,71...80,production_forest,43.0,kha
2012,birch,81...90,production_forest,13.1,kha
2012,birch,91...100,production_forest,6.5,kha
2012,birch,no_trees,production_forest,18.2,kha
2012,birch,renewal_not_complete,production_forest,17.7,kha
2012,birch,...10,protected_forest,2.0,kha
2012,birch,101...110,protected_forest,1.1,kha
2012,birch,11...20,protected_forest,2.4,kha
2012,birch,111...120,protected_forest,0.5,kha
2012,birch,121...130,protected_forest,0.2,kha
2012,birch,131...140,protected_forest,0.0,kha
2012,birch,141...,protected_forest,0.0,kha
2012,birch,21...30,protected_forest,2.9,kha
2012,birch,31...40,protected_forest,4.8,kha
2012,birch,41...50,protected_forest,11.6,kha
2012,birch,51...60,protected_forest,10.1,kha
2012,birch,61...70,protected_forest,13.5,kha
2012,birch,71...80,protected_forest,10.7,kha
2012,birch,81...90,protected_forest,3.0,kha
2012,birch,91...100,protected_forest,1.7,kha
2012,birch,no_trees,protected_forest,1.0,kha
2012,birch,renewal_not_complete,protected_forest,0.6,kha
2012,black_alder,...10,production_forest,7.0,kha
2012,black_alder,101...110,production_forest,0.1,kha
2012,black_alder,11...20,production_forest,2.6,kha
2012,black_alder,111...120,production_forest,0.2,kha
2012,black_alder,121...130,production_forest,0.2,kha
2012,black_alder,131...140,production_forest,0.0,kha
2012,black_alder,141...,production_forest,0.0,kha
2012,black_alder,21...30,production_forest,2.7,kha
2012,black_alder,31...40,production_forest,7.8,kha
2012,black_alder,41...50,production_forest,12.3,kha
2012,black_alder,51...60,production_forest,11.8,kha
2012,black_alder,61...70,production_forest,8.3,kha
2012,black_alder,71...80,production_forest,3.7,kha
2012,black_alder,81...90,production_forest,2.9,kha
2012,black_alder,91...100,production_forest,0.6,kha
2012,black_alder,no_trees,production_forest,2.7,kha
2012,black_alder,renewal_not_complete,production_forest,4.8,kha
2012,black_alder,...10,protected_forest,0.0,kha
2012,black_alder,101...110,protected_forest,0.2,kha
2012,black_alder,11...20,protected_forest,0.4,kha
2012,black_alder,111...120,protected_forest,0.0,kha
2012,black_alder,121...130,protected_forest,0.0,kha
2012,black_alder,131...140,protected_forest,0.0,kha
2012,black_alder,141...,protected_forest,0.0,kha
2012,black_alder,21...30,protected_forest,0.4,kha
2012,black_alder,31...40,protected_forest,1.8,kha
2012,black_alder,41...50,protected_forest,2.7,kha
2012,black_alder,51...60,protected_forest,2.3,kha
2012,black_alder,61...70,protected_forest,1.0,kha
2012,black_alder,71...80,protected_forest,0.4,kha
2012,black_alder,81...90,protected_forest,1.1,kha
2012,black_alder,91...100,protected_forest,0.2,kha
2012,black_alder,no_trees,protected_forest,0.0,kha
2012,black_alder,renewal_not_complete,protected_forest,0.2,kha
2012,grey_alder,...10,production_forest,29.8,kha
2012,grey_alder,101...110,production_forest,0.0,kha
2012,grey_alder,11...20,production_forest,31.5,kha
2012,grey_alder,111...120,production_forest,0.0,kha
2012,grey_alder,121...130,production_forest,0.0,kha
2012,grey_alder,131...140,production_forest,0.0,kha
2012,grey_alder,141...,production_forest,0.0,kha
2012,grey_alder,21...30,production_forest,34.1,kha
2012,grey_alder,31...40,production_forest,48.4,kha
2012,grey_alder,41...50,production_forest,26.7,kha
2012,grey_alder,51...60,production_forest,10.5,kha
2012,grey_alder,61...70,production_forest,1.3,kha
2012,grey_alder,71...80,production_forest,0.0,kha
2012,grey_alder,81...90,production_forest,0.0,kha
2012,grey_alder,91...100,production_forest,0.0,kha
2012,grey_alder,no_trees,production_forest,3.1,kha
2012,grey_alder,renewal_not_complete,production_forest,7.6,kha
2012,grey_alder,...10,protected_forest,0.6,kha
2012,grey_alder,101...110,protected_forest,0.0,kha
2012,grey_alder,11...20,protected_forest,0.6,kha
2012,grey_alder,111...120,protected_forest,0.0,kha
2012,grey_alder,121...130,protected_forest,0.0,kha
2012,grey_alder,131...140,protected_forest,0.0,kha
2012,grey_alder,141...,protected_forest,0.0,kha
2012,grey_alder,21...30,protected_forest,0.4,kha
2012,grey_alder,31...40,protected_forest,0.4,kha
2012,grey_alder,41...50,protected_forest,0.8,kha
2012,grey_alder,51...60,protected_forest,0.7,kha
2012,grey_alder,61...70,protected_forest,0.0,kha
2012,grey_alder,71...80,protected_forest,0.0,kha
2012,grey_alder,81...90,protected_forest,0.0,kha
2012,grey_alder,91...100,protected_forest,0.0,kha
2012,grey_alder,no_trees,protected_forest,0.0,kha
2012,grey_alder,renewal_not_complete,protected_forest,0.0,kha
2012,other,...10,production_forest,2.9,kha
2012,other,101...110,production_forest,1.3,kha
2012,other,11...20,production_forest,4.9,kha
2012,other,111...120,production_forest,0.2,kha
2012,other,121...130,production_forest,0.4,kha
2012,other,131...140,production_forest,0.0,kha
2012,other,141...,production_forest,0.0,kha
2012,other,21...30,production_forest,3.0,kha
2012,other,31...40,production_forest,2.5,kha
2012,other,41...50,production_forest,5.9,kha
2012,other,51...60,production_forest,3.2,kha
2012,other,61...70,production_forest,2.7,kha
2012,other,71...80,production_forest,1.9,kha
2012,other,81...90,production_forest,2.1,kha
2012,other,91...100,production_forest,0.6,kha
2012,other,no_trees,production_forest,0.6,kha
2012,other,renewal_not_complete,production_forest,1.4,kha
2012,other,...10,protected_forest,0.0,kha
2012,other,101...110,protected_forest,0.0,kha
2012,other,11...20,protected_forest,0.2,kha
2012,other,111...120,protected_forest,0.2,kha
2012,other,121...130,protected_forest,0.0,kha
2012,other,131...140,protected_forest,0.0,kha
2012,other,141...,protected_forest,0.6,kha
2012,other,21...30,protected_forest,0.3,kha
2012,other,31...40,protected_forest,0.0,kha
2012,other,41...50,protected_forest,0.6,kha
2012,other,51...60,protected_forest,0.4,kha
2012,other,61...70,protected_forest,0.0,kha
2012,other,71...80,protected_forest,0.2,kha
2012,other,81...90,protected_forest,0.4,kha
2012,other,91...100,protected_forest,0.7,kha
2012,other,no_trees,protected_forest,0.0,kha
2012,other,renewal_not_complete,protected_forest,0.0,kha
2012,pine,...10,production_forest,13.2,kha
2012,pine,101...110,production_forest,25.6,kha
2012,pine,11...20,production_forest,21.3,kha
2012,pine,111...120,production_forest,12.6,kha
2012,pine,121...130,production_forest,11.6,kha
2012,pine,131...140,production_forest,6.0,kha
2012,pine,141...,production_forest,6.5,kha
2012,pine,21...30,production_forest,27.4,kha
2012,pine,31...40,production_forest,36.8,kha
2012,pine,41...50,production_forest,57.5,kha
2012,pine,51...60,production_forest,76.2,kha
2012,pine,61...70,production_forest,96.1,kha
2012,pine,71...80,production_forest,76.3,kha
2012,pine,81...90,production_forest,58.0,kha
2012,pine,91...100,production_forest,43.7,kha
2012,pine,no_trees,production_forest,11.5,kha
2012,pine,renewal_not_complete,production_forest,17.8,kha
2012,pine,...10,protected_forest,0.2,kha
2012,pine,101...110,protected_forest,6.2,kha
2012,pine,11...20,protected_forest,1.3,kha
2012,pine,111...120,protected_forest,6.3,kha
2012,pine,121...130,protected_forest,5.4,kha
2012,pine,131...140,protected_forest,4.5,kha
2012,pine,141...,protected_forest,8.7,kha
2012,pine,21...30,protected_forest,4.4,kha
2012,pine,31...40,protected_forest,6.4,kha
2012,pine,41...50,protected_forest,9.2,kha
2012,pine,51...60,protected_forest,14.2,kha
2012,pine,61...70,protected_forest,17.9,kha
2012,pine,71...80,protected_forest,14.2,kha
2012,pine,81...90,protected_forest,10.5,kha
2012,pine,91...100,protected_forest,12.7,kha
2012,pine,no_trees,protected_forest,0.4,kha
2012,pine,renewal_not_complete,protected_forest,1.2,kha
2012,spruce,...10,production_forest,8.5,kha
2012,spruce,101...110,production_forest,5.6,kha
2012,spruce,11...20,production_forest,22.7,kha
2012,spruce,111...120,production_forest,1.9,kha
2012,spruce,121...130,production_forest,1.8,kha
2012,spruce,131...140,production_forest,0.4,kha
2012,spruce,141...,production_forest,1.0,kha
2012,spruce,21...30,production_forest,27.6,kha
2012,spruce,31...40,production_forest,47.4,kha
2012,spruce,41...50,production_forest,52.5,kha
2012,spruce,51...60,production_forest,30.9,kha
2012,spruce,61...70,production_forest,43.6,kha
2012,spruce,71...80,production_forest,37.6,kha
2012,spruce,81...90,production_forest,21.8,kha
2012,spruce,91...100,production_forest,10.4,kha
2012,spruce,no_trees,production_forest,22.8,kha
2012,spruce,renewal_not_complete,production_forest,21.4,kha
2012,spruce,...10,protected_forest,0.3,kha
2012,spruce,101...110,protected_forest,1.7,kha
2012,spruce,11...20,protected_forest,0.9,kha
2012,spruce,111...120,protected_forest,0.6,kha
2012,spruce,121...130,protected_forest,1.0,kha
2012,spruce,131...140,protected_forest,0.2,kha
2012,spruce,141...,protected_forest,0.9,kha
2012,spruce,21...30,protected_forest,1.4,kha
2012,spruce,31...40,protected_forest,4.1,kha
2012,spruce,41...50,protected_forest,3.9,kha
2012,spruce,51...60,protected_forest,1.2,kha
2012,spruce,61...70,protected_forest,2.6,kha
2012,spruce,71...80,protected_forest,2.7,kha
2012,spruce,81...90,protected_forest,1.9,kha
2012,spruce,91...100,protected_forest,2.9,kha
2012,spruce,no_trees,protected_forest,0.4,kha
2012,spruce,renewal_not_complete,protected_forest,0.0,kha
2013,aspen,...10,production_forest,19.5,kha
2013,aspen,101...110,production_forest,0.4,kha
2013,aspen,11...20,production_forest,12.1,kha
2013,aspen,111...120,production_forest,0.0,kha
2013,aspen,121...130,production_forest,0.0,kha
2013,aspen,131...140,production_forest,0.0,kha
2013,aspen,141...,production_forest,0.0,kha
2013,aspen,21...30,production_forest,6.0,kha
2013,aspen,31...40,production_forest,3.4,kha
2013,aspen,41...50,production_forest,16.7,kha
2013,aspen,51...60,production_forest,19.7,kha
2013,aspen,61...70,production_forest,14.1,kha
2013,aspen,71...80,production_forest,7.3,kha
2013,aspen,81...90,production_forest,2.5,kha
2013,aspen,91...100,production_forest,1.1,kha
2013,aspen,no_trees,production_forest,3.5,kha
2013,aspen,renewal_not_complete,production_forest,11.6,kha
2013,aspen,...10,protected_forest,0.4,kha
2013,aspen,101...110,protected_forest,0.0,kha
2013,aspen,11...20,protected_forest,0.3,kha
2013,aspen,111...120,protected_forest,0.0,kha
2013,aspen,121...130,protected_forest,0.0,kha
2013,aspen,131...140,protected_forest,0.0,kha
2013,aspen,141...,protected_forest,0.0,kha
2013,aspen,21...30,protected_forest,0.5,kha
2013,aspen,31...40,protected_forest,0.0,kha
2013,aspen,41...50,protected_forest,1.5,kha
2013,aspen,51...60,protected_forest,2.5,kha
2013,aspen,61...70,protected_forest,2.9,kha
2013,aspen,71...80,protected_forest,1.7,kha
2013,aspen,81...90,protected_forest,0.4,kha
2013,aspen,91...100,protected_forest,0.0,kha
2013,aspen,no_trees,protected_forest,0.0,kha
2013,aspen,renewal_not_complete,protected_forest,0.4,kha
2013,birch,...10,production_forest,52.2,kha
2013,birch,101...110,production_forest,0.6,kha
2013,birch,11...20,production_forest,60.0,kha
2013,birch,111...120,production_forest,0.2,kha
2013,birch,121...130,production_forest,0.2,kha
2013,birch,131...140,production_forest,0.0,kha
2013,birch,141...,production_forest,0.0,kha
2013,birch,21...30,production_forest,58.0,kha
2013,birch,31...40,production_forest,74.9,kha
2013,birch,41...50,production_forest,112.7,kha
2013,birch,51...60,production_forest,95.4,kha
2013,birch,61...70,production_forest,77.2,kha
2013,birch,71...80,production_forest,42.6,kha
2013,birch,81...90,production_forest,13.3,kha
2013,birch,91...100,production_forest,7.0,kha
2013,birch,no_trees,production_forest,17.4,kha
2013,birch,renewal_not_complete,production_forest,17.3,kha
2013,birch,...10,protected_forest,1.3,kha
2013,birch,101...110,protected_forest,1.5,kha
2013,birch,11...20,protected_forest,3.0,kha
2013,birch,111...120,protected_forest,0.5,kha
2013,birch,121...130,protected_forest,0.2,kha
2013,birch,131...140,protected_forest,0.0,kha
2013,birch,141...,protected_forest,0.0,kha
2013,birch,21...30,protected_forest,3.3,kha
2013,birch,31...40,protected_forest,5.2,kha
2013,birch,41...50,protected_forest,10.8,kha
2013,birch,51...60,protected_forest,10.8,kha
2013,birch,61...70,protected_forest,13.4,kha
2013,birch,71...80,protected_forest,10.7,kha
2013,birch,81...90,protected_forest,4.3,kha
2013,birch,91...100,protected_forest,2.0,kha
2013,birch,no_trees,protected_forest,1.1,kha
2013,birch,renewal_not_complete,protected_forest,0.4,kha
2013,black_alder,...10,production_forest,7.3,kha
2013,black_alder,101...110,production_forest,0.1,kha
2013,black_alder,11...20,production_forest,3.1,kha
2013,black_alder,111...120,production_forest,0.2,kha
2013,black_alder,121...130,production_forest,0.2,kha
2013,black_alder,131...140,production_forest,0.0,kha
2013,black_alder,141...,production_forest,0.0,kha
2013,black_alder,21...30,production_forest,3.3,kha
2013,black_alder,31...40,production_forest,7.4,kha
2013,black_alder,41...50,production_forest,10.7,kha
2013,black_alder,51...60,production_forest,12.7,kha
2013,black_alder,61...70,production_forest,8.0,kha
2013,black_alder,71...80,production_forest,3.1,kha
2013,black_alder,81...90,production_forest,2.9,kha
2013,black_alder,91...100,production_forest,0.8,kha
2013,black_alder,no_trees,production_forest,2.3,kha
2013,black_alder,renewal_not_complete,production_forest,4.8,kha
2013,black_alder,...10,protected_forest,0.0,kha
2013,black_alder,101...110,protected_forest,0.2,kha
2013,black_alder,11...20,protected_forest,0.4,kha
2013,black_alder,111...120,protected_forest,0.0,kha
2013,black_alder,121...130,protected_forest,0.0,kha
2013,black_alder,131...140,protected_forest,0.0,kha
2013,black_alder,141...,protected_forest,0.0,kha
2013,black_alder,21...30,protected_forest,0.4,kha
2013,black_alder,31...40,protected_forest,1.2,kha
2013,black_alder,41...50,protected_forest,2.7,kha
2013,black_alder,51...60,protected_forest,2.2,kha
2013,black_alder,61...70,protected_forest,1.3,kha
2013,black_alder,71...80,protected_forest,0.8,kha
2013,black_alder,81...90,protected_forest,1.2,kha
2013,black_alder,91...100,protected_forest,0.4,kha
2013,black_alder,no_trees,protected_forest,0.0,kha
2013,black_alder,renewal_not_complete,protected_forest,0.2,kha
2013,grey_alder,...10,production_forest,32.1,kha
2013,grey_alder,101...110,production_forest,0.0,kha
2013,grey_alder,11...20,production_forest,33.7,kha
2013,grey_alder,111...120,production_forest,0.0,kha
2013,grey_alder,121...130,production_forest,0.0,kha
2013,grey_alder,131...140,production_forest,0.0,kha
2013,grey_alder,141...,production_forest,0.0,kha
2013,grey_alder,21...30,production_forest,32.4,kha
2013,grey_alder,31...40,production_forest,49.6,kha
2013,grey_alder,41...50,production_forest,26.6,kha
2013,grey_alder,51...60,production_forest,11.4,kha
2013,grey_alder,61...70,production_forest,1.5,kha
2013,grey_alder,71...80,production_forest,0.0,kha
2013,grey_alder,81...90,production_forest,0.0,kha
2013,grey_alder,91...100,production_forest,0.0,kha
2013,grey_alder,no_trees,production_forest,3.2,kha
2013,grey_alder,renewal_not_complete,production_forest,9.5,kha
2013,grey_alder,...10,protected_forest,0.5,kha
2013,grey_alder,101...110,protected_forest,0.0,kha
2013,grey_alder,11...20,protected_forest,1.3,kha
2013,grey_alder,111...120,protected_forest,0.0,kha
2013,grey_alder,121...130,protected_forest,0.0,kha
2013,grey_alder,131...140,protected_forest,0.0,kha
2013,grey_alder,141...,protected_forest,0.0,kha
2013,grey_alder,21...30,protected_forest,0.6,kha
2013,grey_alder,31...40,protected_forest,1.0,kha
2013,grey_alder,41...50,protected_forest,0.9,kha
2013,grey_alder,51...60,protected_forest,0.6,kha
2013,grey_alder,61...70,protected_forest,0.0,kha
2013,grey_alder,71...80,protected_forest,0.0,kha
2013,grey_alder,81...90,protected_forest,0.0,kha
2013,grey_alder,91...100,protected_forest,0.0,kha
2013,grey_alder,no_trees,protected_forest,0.0,kha
2013,grey_alder,renewal_not_complete,protected_forest,0.1,kha
2013,other,...10,production_forest,2.7,kha
2013,other,101...110,production_forest,1.0,kha
2013,other,11...20,production_forest,5.7,kha
2013,other,111...120,production_forest,0.2,kha
2013,other,121...130,production_forest,0.6,kha
2013,other,131...140,production_forest,0.0,kha
2013,other,141...,production_forest,0.0,kha
2013,other,21...30,production_forest,3.4,kha
2013,other,31...40,production_forest,2.7,kha
2013,other,41...50,production_forest,5.2,kha
2013,other,51...60,production_forest,2.8,kha
2013,other,61...70,production_forest,3.6,kha
2013,other,71...80,production_forest,1.5,kha
2013,other,81...90,production_forest,1.9,kha
2013,other,91...100,production_forest,0.4,kha
2013,other,no_trees,production_forest,0.6,kha
2013,other,renewal_not_complete,production_forest,1.9,kha
2013,other,...10,protected_forest,0.0,kha
2013,other,101...110,protected_forest,0.5,kha
2013,other,11...20,protected_forest,0.2,kha
2013,other,111...120,protected_forest,0.2,kha
2013,other,121...130,protected_forest,0.0,kha
2013,other,131...140,protected_forest,0.0,kha
2013,other,141...,protected_forest,0.6,kha
2013,other,21...30,protected_forest,0.3,kha
2013,other,31...40,protected_forest,0.0,kha
2013,other,41...50,protected_forest,0.5,kha
2013,other,51...60,protected_forest,0.2,kha
2013,other,61...70,protected_forest,0.0,kha
2013,other,71...80,protected_forest,0.4,kha
2013,other,81...90,protected_forest,0.6,kha
2013,other,91...100,protected_forest,0.4,kha
2013,other,no_trees,protected_forest,0.0,kha
2013,other,renewal_not_complete,protected_forest,0.0,kha
2013,pine,...10,production_forest,13.3,kha
2013,pine,101...110,production_forest,24.3,kha
2013,pine,11...20,production_forest,25.0,kha
2013,pine,111...120,production_forest,12.9,kha
2013,pine,121...130,production_forest,9.8,kha
2013,pine,131...140,production_forest,5.8,kha
2013,pine,141...,production_forest,6.8,kha
2013,pine,21...30,production_forest,26.0,kha
2013,pine,31...40,production_forest,36.7,kha
2013,pine,41...50,production_forest,56.2,kha
2013,pine,51...60,production_forest,76.8,kha
2013,pine,61...70,production_forest,99.8,kha
2013,pine,71...80,production_forest,78.6,kha
2013,pine,81...90,production_forest,59.5,kha
2013,pine,91...100,production_forest,42.2,kha
2013,pine,no_trees,production_forest,13.7,kha
2013,pine,renewal_not_complete,production_forest,18.5,kha
2013,pine,...10,protected_forest,0.2,kha
2013,pine,101...110,protected_forest,6.1,kha
2013,pine,11...20,protected_forest,1.3,kha
2013,pine,111...120,protected_forest,6.2,kha
2013,pine,121...130,protected_forest,5.5,kha
2013,pine,131...140,protected_forest,4.7,kha
2013,pine,141...,protected_forest,9.7,kha
2013,pine,21...30,protected_forest,4.5,kha
2013,pine,31...40,protected_forest,5.7,kha
2013,pine,41...50,protected_forest,10.2,kha
2013,pine,51...60,protected_forest,14.3,kha
2013,pine,61...70,protected_forest,20.0,kha
2013,pine,71...80,protected_forest,14.4,kha
2013,pine,81...90,protected_forest,10.5,kha
2013,pine,91...100,protected_forest,12.4,kha
2013,pine,no_trees,protected_forest,0.4,kha
2013,pine,renewal_not_complete,protected_forest,1.2,kha
2013,spruce,...10,production_forest,9.5,kha
2013,spruce,101...110,production_forest,6.9,kha
2013,spruce,11...20,production_forest,27.2,kha
2013,spruce,111...120,production_forest,2.3,kha
2013,spruce,121...130,production_forest,2.0,kha
2013,spruce,131...140,production_forest,0.4,kha
2013,spruce,141...,production_forest,1.0,kha
2013,spruce,21...30,production_forest,24.4,kha
2013,spruce,31...40,production_forest,47.3,kha
2013,spruce,41...50,production_forest,52.3,kha
2013,spruce,51...60,production_forest,31.1,kha
2013,spruce,61...70,production_forest,42.9,kha
2013,spruce,71...80,production_forest,36.1,kha
2013,spruce,81...90,production_forest,19.0,kha
2013,spruce,91...100,production_forest,11.5,kha
2013,spruce,no_trees,production_forest,21.6,kha
2013,spruce,renewal_not_complete,production_forest,21.0,kha
2013,spruce,...10,protected_forest,0.2,kha
2013,spruce,101...110,protected_forest,1.0,kha
2013,spruce,11...20,protected_forest,1.4,kha
2013,spruce,111...120,protected_forest,0.6,kha
2013,spruce,121...130,protected_forest,1.0,kha
2013,spruce,131...140,protected_forest,0.4,kha
2013,spruce,141...,protected_forest,0.9,kha
2013,spruce,21...30,protected_forest,1.5,kha
2013,spruce,31...40,protected_forest,3.8,kha
2013,spruce,41...50,protected_forest,4.9,kha
2013,spruce,51...60,protected_forest,1.2,kha
2013,spruce,61...70,protected_forest,3.4,kha
2013,spruce,71...80,protected_forest,4.0,kha
2013,spruce,81...90,protected_forest,2.1,kha
2013,spruce,91...100,protected_forest,3.3,kha
2013,spruce,no_trees,protected_forest,0.9,kha
2013,spruce,renewal_not_complete,protected_forest,0.9,kha
2014,aspen,...10,production_forest,23.0,kha
2014,aspen,101...110,production_forest,0.4,kha
2014,aspen,11...20,production_forest,13.7,kha
2014,aspen,111...120,production_forest,0.2,kha
2014,aspen,121...130,production_forest,0.0,kha
2014,aspen,131...140,production_forest,0.0,kha
2014,aspen,141...,production_forest,0.0,kha
2014,aspen,21...30,production_forest,6.5,kha
2014,aspen,31...40,production_forest,4.1,kha
2014,aspen,41...50,production_forest,14.4,kha
2014,aspen,51...60,production_forest,16.9,kha
2014,aspen,61...70,production_forest,16.3,kha
2014,aspen,71...80,production_forest,7.4,kha
2014,aspen,81...90,production_forest,2.7,kha
2014,aspen,91...100,production_forest,0.7,kha
2014,aspen,no_trees,production_forest,3.1,kha
2014,aspen,renewal_not_complete,production_forest,11.1,kha
2014,aspen,...10,protected_forest,0.8,kha
2014,aspen,101...110,protected_forest,0.2,kha
2014,aspen,11...20,protected_forest,0.3,kha
2014,aspen,111...120,protected_forest,0.0,kha
2014,aspen,121...130,protected_forest,0.0,kha
2014,aspen,131...140,protected_forest,0.0,kha
2014,aspen,141...,protected_forest,0.0,kha
2014,aspen,21...30,protected_forest,0.2,kha
2014,aspen,31...40,protected_forest,0.0,kha
2014,aspen,41...50,protected_forest,1.6,kha
2014,aspen,51...60,protected_forest,2.1,kha
2014,aspen,61...70,protected_forest,2.3,kha
2014,aspen,71...80,protected_forest,2.0,kha
2014,aspen,81...90,protected_forest,0.5,kha
2014,aspen,91...100,protected_forest,0.2,kha
2014,aspen,no_trees,protected_forest,0.0,kha
2014,aspen,renewal_not_complete,protected_forest,0.4,kha
2014,birch,...10,production_forest,51.1,kha
2014,birch,101...110,production_forest,0.8,kha
2014,birch,11...20,production_forest,68.7,kha
2014,birch,111...120,production_forest,0.0,kha
2014,birch,121...130,production_forest,0.2,kha
2014,birch,131...140,production_forest,0.0,kha
2014,birch,141...,production_forest,0.0,kha
2014,birch,21...30,production_forest,56.4,kha
2014,birch,31...40,production_forest,75.5,kha
2014,birch,41...50,production_forest,101.4,kha
2014,birch,51...60,production_forest,99.8,kha
2014,birch,61...70,production_forest,71.4,kha
2014,birch,71...80,production_forest,43.4,kha
2014,birch,81...90,production_forest,13.1,kha
2014,birch,91...100,production_forest,6.8,kha
2014,birch,no_trees,production_forest,19.3,kha
2014,birch,renewal_not_complete,production_forest,16.7,kha
2014,birch,...10,protected_forest,1.1,kha
2014,birch,101...110,protected_forest,1.1,kha
2014,birch,11...20,protected_forest,2.7,kha
2014,birch,111...120,protected_forest,0.4,kha
2014,birch,121...130,protected_forest,0.2,kha
2014,birch,131...140,protected_forest,0.0,kha
2014,birch,141...,protected_forest,0.0,kha
2014,birch,21...30,protected_forest,3.7,kha
2014,birch,31...40,protected_forest,5.6,kha
2014,birch,41...50,protected_forest,10.0,kha
2014,birch,51...60,protected_forest,10.5,kha
2014,birch,61...70,protected_forest,12.6,kha
2014,birch,71...80,protected_forest,9.6,kha
2014,birch,81...90,protected_forest,4.6,kha
2014,birch,91...100,protected_forest,1.4,kha
2014,birch,no_trees,protected_forest,1.0,kha
2014,birch,renewal_not_complete,protected_forest,0.6,kha
2014,black_alder,...10,production_forest,6.7,kha
2014,black_alder,101...110,production_forest,0.0,kha
2014,black_alder,11...20,production_forest,4.8,kha
2014,black_alder,111...120,production_forest,0.0,kha
2014,black_alder,121...130,production_forest,0.2,kha
2014,black_alder,131...140,production_forest,0.0,kha
2014,black_alder,141...,production_forest,0.0,kha
2014,black_alder,21...30,production_forest,2.7,kha
2014,black_alder,31...40,production_forest,6.4,kha
2014,black_alder,41...50,production_forest,9.4,kha
2014,black_alder,51...60,production_forest,11.8,kha
2014,black_alder,61...70,production_forest,7.9,kha
2014,black_alder,71...80,production_forest,3.8,kha
2014,black_alder,81...90,production_forest,2.7,kha
2014,black_alder,91...100,production_forest,0.8,kha
2014,black_alder,no_trees,production_forest,1.9,kha
2014,black_alder,renewal_not_complete,production_forest,4.6,kha
2014,black_alder,...10,protected_forest,0.0,kha
2014,black_alder,101...110,protected_forest,0.2,kha
2014,black_alder,11...20,protected_forest,0.2,kha
2014,black_alder,111...120,protected_forest,0.0,kha
2014,black_alder,121...130,protected_forest,0.2,kha
2014,black_alder,131...140,protected_forest,0.0,kha
2014,black_alder,141...,protected_forest,0.0,kha
2014,black_alder,21...30,protected_forest,0.0,kha
2014,black_alder,31...40,protected_forest,1.9,kha
2014,black_alder,41...50,protected_forest,2.5,kha
2014,black_alder,51...60,protected_forest,1.9,kha
2014,black_alder,61...70,protected_forest,1.4,kha
2014,black_alder,71...80,protected_forest,1.7,kha
2014,black_alder,81...90,protected_forest,1.2,kha
2014,black_alder,91...100,protected_forest,0.6,kha
2014,black_alder,no_trees,protected_forest,0.0,kha
2014,black_alder,renewal_not_complete,protected_forest,0.0,kha
2014,grey_alder,...10,production_forest,36.0,kha
2014,grey_alder,101...110,production_forest,0.0,kha
2014,grey_alder,11...20,production_forest,36.0,kha
2014,grey_alder,111...120,production_forest,0.0,kha
2014,grey_alder,121...130,production_forest,0.0,kha
2014,grey_alder,131...140,production_forest,0.0,kha
2014,grey_alder,141...,production_forest,0.0,kha
2014,grey_alder,21...30,production_forest,31.1,kha
2014,grey_alder,31...40,production_forest,48.6,kha
2014,grey_alder,41...50,production_forest,25.3,kha
2014,grey_alder,51...60,production_forest,11.5,kha
2014,grey_alder,61...70,production_forest,1.5,kha
2014,grey_alder,71...80,production_forest,0.0,kha
2014,grey_alder,81...90,production_forest,0.0,kha
2014,grey_alder,91...100,production_forest,0.0,kha
2014,grey_alder,no_trees,production_forest,4.1,kha
2014,grey_alder,renewal_not_complete,production_forest,8.7,kha
2014,grey_alder,...10,protected_forest,0.5,kha
2014,grey_alder,101...110,protected_forest,0.0,kha
2014,grey_alder,11...20,protected_forest,1.0,kha
2014,grey_alder,111...120,protected_forest,0.0,kha
2014,grey_alder,121...130,protected_forest,0.0,kha
2014,grey_alder,131...140,protected_forest,0.0,kha
2014,grey_alder,141...,protected_forest,0.0,kha
2014,grey_alder,21...30,protected_forest,0.6,kha
2014,grey_alder,31...40,protected_forest,1.5,kha
2014,grey_alder,41...50,protected_forest,0.8,kha
2014,grey_alder,51...60,protected_forest,0.6,kha
2014,grey_alder,61...70,protected_forest,0.0,kha
2014,grey_alder,71...80,protected_forest,0.0,kha
2014,grey_alder,81...90,protected_forest,0.0,kha
2014,grey_alder,91...100,protected_forest,0.0,kha
2014,grey_alder,no_trees,protected_forest,0.0,kha
2014,grey_alder,renewal_not_complete,protected_forest,0.1,kha
2014,other,...10,production_forest,2.4,kha
2014,other,101...110,production_forest,0.6,kha
2014,other,11...20,production_forest,5.9,kha
2014,other,111...120,production_forest,0.4,kha
2014,other,121...130,production_forest,0.6,kha
2014,other,131...140,production_forest,0.0,kha
2014,other,141...,production_forest,0.0,kha
2014,other,21...30,production_forest,3.1,kha
2014,other,31...40,production_forest,2.9,kha
2014,other,41...50,production_forest,5.0,kha
2014,other,51...60,production_forest,2.4,kha
2014,other,61...70,production_forest,3.3,kha
2014,other,71...80,production_forest,1.4,kha
2014,other,81...90,production_forest,2.1,kha
2014,other,91...100,production_forest,0.6,kha
2014,other,no_trees,production_forest,0.6,kha
2014,other,renewal_not_complete,production_forest,2.1,kha
2014,other,...10,protected_forest,0.0,kha
2014,other,101...110,protected_forest,0.4,kha
2014,other,11...20,protected_forest,0.2,kha
2014,other,111...120,protected_forest,0.4,kha
2014,other,121...130,protected_forest,0.0,kha
2014,other,131...140,protected_forest,0.0,kha
2014,other,141...,protected_forest,0.6,kha
2014,other,21...30,protected_forest,0.2,kha
2014,other,31...40,protected_forest,0.2,kha
2014,other,41...50,protected_forest,0.6,kha
2014,other,51...60,protected_forest,0.2,kha
2014,other,61...70,protected_forest,0.4,kha
2014,other,71...80,protected_forest,0.7,kha
2014,other,81...90,protected_forest,0.8,kha
2014,other,91...100,protected_forest,0.2,kha
2014,other,no_trees,protected_forest,0.0,kha
2014,other,renewal_not_complete,protected_forest,0.0,kha
2014,pine,...10,production_forest,12.9,kha
2014,pine,101...110,production_forest,28.0,kha
2014,pine,11...20,production_forest,24.8,kha
2014,pine,111...120,production_forest,13.7,kha
2014,pine,121...130,production_forest,9.1,kha
2014,pine,131...140,production_forest,6.4,kha
2014,pine,141...,production_forest,7.6,kha
2014,pine,21...30,production_forest,24.7,kha
2014,pine,31...40,production_forest,36.5,kha
2014,pine,41...50,production_forest,55.3,kha
2014,pine,51...60,production_forest,76.3,kha
2014,pine,61...70,production_forest,97.1,kha
2014,pine,71...80,production_forest,80.8,kha
2014,pine,81...90,production_forest,64.8,kha
2014,pine,91...100,production_forest,42.6,kha
2014,pine,no_trees,production_forest,14.0,kha
2014,pine,renewal_not_complete,production_forest,21.2,kha
2014,pine,...10,protected_forest,0.3,kha
2014,pine,101...110,protected_forest,7.6,kha
2014,pine,11...20,protected_forest,1.3,kha
2014,pine,111...120,protected_forest,6.2,kha
2014,pine,121...130,protected_forest,6.1,kha
2014,pine,131...140,protected_forest,5.0,kha
2014,pine,141...,protected_forest,11.6,kha
2014,pine,21...30,protected_forest,3.7,kha
2014,pine,31...40,protected_forest,6.4,kha
2014,pine,41...50,protected_forest,9.0,kha
2014,pine,51...60,protected_forest,13.3,kha
2014,pine,61...70,protected_forest,18.3,kha
2014,pine,71...80,protected_forest,12.7,kha
2014,pine,81...90,protected_forest,12.5,kha
2014,pine,91...100,protected_forest,12.7,kha
2014,pine,no_trees,protected_forest,0.1,kha
2014,pine,renewal_not_complete,protected_forest,1.0,kha
2014,spruce,...10,production_forest,12.0,kha
2014,spruce,101...110,production_forest,7.7,kha
2014,spruce,11...20,production_forest,29.3,kha
2014,spruce,111...120,production_forest,2.1,kha
2014,spruce,121...130,production_forest,1.9,kha
2014,spruce,131...140,production_forest,1.1,kha
2014,spruce,141...,production_forest,0.8,kha
2014,spruce,21...30,production_forest,22.4,kha
2014,spruce,31...40,production_forest,50.1,kha
2014,spruce,41...50,production_forest,54.7,kha
2014,spruce,51...60,production_forest,32.9,kha
2014,spruce,61...70,production_forest,42.6,kha
2014,spruce,71...80,production_forest,38.3,kha
2014,spruce,81...90,production_forest,19.2,kha
2014,spruce,91...100,production_forest,13.2,kha
2014,spruce,no_trees,production_forest,23.5,kha
2014,spruce,renewal_not_complete,production_forest,23.3,kha
2014,spruce,...10,protected_forest,0.3,kha
2014,spruce,101...110,protected_forest,1.6,kha
2014,spruce,11...20,protected_forest,1.6,kha
2014,spruce,111...120,protected_forest,1.0,kha
2014,spruce,121...130,protected_forest,1.3,kha
2014,spruce,131...140,protected_forest,0.4,kha
2014,spruce,141...,protected_forest,0.9,kha
2014,spruce,21...30,protected_forest,1.5,kha
2014,spruce,31...40,protected_forest,3.0,kha
2014,spruce,41...50,protected_forest,6.3,kha
2014,spruce,51...60,protected_forest,1.9,kha
2014,spruce,61...70,protected_forest,3.2,kha
2014,spruce,71...80,protected_forest,4.1,kha
2014,spruce,81...90,protected_forest,2.1,kha
2014,spruce,91...100,protected_forest,3.3,kha
2014,spruce,no_trees,protected_forest,1.0,kha
2014,spruce,renewal_not_complete,protected_forest,0.9,kha
2015,aspen,...10,production_forest,25.2,kha
2015,aspen,101...110,production_forest,0.6,kha
2015,aspen,11...20,production_forest,13.6,kha
2015,aspen,111...120,production_forest,0.2,kha
2015,aspen,121...130,production_forest,0.0,kha
2015,aspen,131...140,production_forest,0.0,kha
2015,aspen,141...,production_forest,0.0,kha
2015,aspen,21...30,production_forest,6.2,kha
2015,aspen,31...40,production_forest,5.1,kha
2015,aspen,41...50,production_forest,13.1,kha
2015,aspen,51...60,production_forest,15.1,kha
2015,aspen,61...70,production_forest,16.9,kha
2015,aspen,71...80,production_forest,7.9,kha
2015,aspen,81...90,production_forest,2.7,kha
2015,aspen,91...100,production_forest,1.0,kha
2015,aspen,no_trees,production_forest,2.9,kha
2015,aspen,renewal_not_complete,production_forest,11.0,kha
2015,aspen,...10,protected_forest,0.8,kha
2015,aspen,101...110,protected_forest,0.1,kha
2015,aspen,11...20,protected_forest,0.8,kha
2015,aspen,111...120,protected_forest,0.0,kha
2015,aspen,121...130,protected_forest,0.2,kha
2015,aspen,131...140,protected_forest,0.0,kha
2015,aspen,141...,protected_forest,0.0,kha
2015,aspen,21...30,protected_forest,0.4,kha
2015,aspen,31...40,protected_forest,0.0,kha
2015,aspen,41...50,protected_forest,1.3,kha
2015,aspen,51...60,protected_forest,2.9,kha
2015,aspen,61...70,protected_forest,3.1,kha
2015,aspen,71...80,protected_forest,2.4,kha
2015,aspen,81...90,protected_forest,0.6,kha
2015,aspen,91...100,protected_forest,0.4,kha
2015,aspen,no_trees,protected_forest,0.0,kha
2015,aspen,renewal_not_complete,protected_forest,0.1,kha
2015,birch,...10,production_forest,49.9,kha
2015,birch,101...110,production_forest,1.3,kha
2015,birch,11...20,production_forest,73.6,kha
2015,birch,111...120,production_forest,0.0,kha
2015,birch,121...130,production_forest,0.0,kha
2015,birch,131...140,production_forest,0.2,kha
2015,birch,141...,production_forest,0.0,kha
2015,birch,21...30,production_forest,57.1,kha
2015,birch,31...40,production_forest,72.0,kha
2015,birch,41...50,production_forest,92.6,kha
2015,birch,51...60,production_forest,100.9,kha
2015,birch,61...70,production_forest,72.2,kha
2015,birch,71...80,production_forest,40.6,kha
2015,birch,81...90,production_forest,15.0,kha
2015,birch,91...100,production_forest,5.8,kha
2015,birch,no_trees,production_forest,18.7,kha
2015,birch,renewal_not_complete,production_forest,17.2,kha
2015,birch,...10,protected_forest,1.3,kha
2015,birch,101...110,protected_forest,0.8,kha
2015,birch,11...20,protected_forest,3.2,kha
2015,birch,111...120,protected_forest,0.9,kha
2015,birch,121...130,protected_forest,0.2,kha
2015,birch,131...140,protected_forest,0.2,kha
2015,birch,141...,protected_forest,0.0,kha
2015,birch,21...30,protected_forest,4.6,kha
2015,birch,31...40,protected_forest,8.1,kha
2015,birch,41...50,protected_forest,11.2,kha
2015,birch,51...60,protected_forest,11.5,kha
2015,birch,61...70,protected_forest,13.5,kha
2015,birch,71...80,protected_forest,9.3,kha
2015,birch,81...90,protected_forest,6.0,kha
2015,birch,91...100,protected_forest,2.4,kha
2015,birch,no_trees,protected_forest,0.9,kha
2015,birch,renewal_not_complete,protected_forest,0.8,kha
2015,black_alder,...10,production_forest,6.6,kha
2015,black_alder,101...110,production_forest,0.0,kha
2015,black_alder,11...20,production_forest,4.8,kha
2015,black_alder,111...120,production_forest,0.0,kha
2015,black_alder,121...130,production_forest,0.0,kha
2015,black_alder,131...140,production_forest,0.2,kha
2015,black_alder,141...,production_forest,0.0,kha
2015,black_alder,21...30,production_forest,2.8,kha
2015,black_alder,31...40,production_forest,7.9,kha
2015,black_alder,41...50,production_forest,8.9,kha
2015,black_alder,51...60,production_forest,12.1,kha
2015,black_alder,61...70,production_forest,8.7,kha
2015,black_alder,71...80,production_forest,4.3,kha
2015,black_alder,81...90,production_forest,2.2,kha
2015,black_alder,91...100,production_forest,0.7,kha
2015,black_alder,no_trees,production_forest,1.8,kha
2015,black_alder,renewal_not_complete,production_forest,4.1,kha
2015,black_alder,...10,protected_forest,0.0,kha
2015,black_alder,101...110,protected_forest,0.3,kha
2015,black_alder,11...20,protected_forest,0.6,kha
2015,black_alder,111...120,protected_forest,0.0,kha
2015,black_alder,121...130,protected_forest,0.2,kha
2015,black_alder,131...140,protected_forest,0.0,kha
2015,black_alder,141...,protected_forest,0.0,kha
2015,black_alder,21...30,protected_forest,0.2,kha
2015,black_alder,31...40,protected_forest,2.3,kha
2015,black_alder,41...50,protected_forest,2.7,kha
2015,black_alder,51...60,protected_forest,2.0,kha
2015,black_alder,61...70,protected_forest,1.4,kha
2015,black_alder,71...80,protected_forest,1.8,kha
2015,black_alder,81...90,protected_forest,0.9,kha
2015,black_alder,91...100,protected_forest,0.8,kha
2015,black_alder,no_trees,protected_forest,0.0,kha
2015,black_alder,renewal_not_complete,protected_forest,0.0,kha
2015,grey_alder,...10,production_forest,42.2,kha
2015,grey_alder,101...110,production_forest,0.0,kha
2015,grey_alder,11...20,production_forest,36.7,kha
2015,grey_alder,111...120,production_forest,0.0,kha
2015,grey_alder,121...130,production_forest,0.0,kha
2015,grey_alder,131...140,production_forest,0.0,kha
2015,grey_alder,141...,production_forest,0.0,kha
2015,grey_alder,21...30,production_forest,31.2,kha
2015,grey_alder,31...40,production_forest,44.0,kha
2015,grey_alder,41...50,production_forest,24.5,kha
2015,grey_alder,51...60,production_forest,12.3,kha
2015,grey_alder,61...70,production_forest,1.7,kha
2015,grey_alder,71...80,production_forest,0.1,kha
2015,grey_alder,81...90,production_forest,0.0,kha
2015,grey_alder,91...100,production_forest,0.0,kha
2015,grey_alder,no_trees,production_forest,4.2,kha
2015,grey_alder,renewal_not_complete,production_forest,8.0,kha
2015,grey_alder,...10,protected_forest,0.4,kha
2015,grey_alder,101...110,protected_forest,0.0,kha
2015,grey_alder,11...20,protected_forest,1.1,kha
2015,grey_alder,111...120,protected_forest,0.0,kha
2015,grey_alder,121...130,protected_forest,0.0,kha
2015,grey_alder,131...140,protected_forest,0.0,kha
2015,grey_alder,141...,protected_forest,0.0,kha
2015,grey_alder,21...30,protected_forest,0.4,kha
2015,grey_alder,31...40,protected_forest,1.8,kha
2015,grey_alder,41...50,protected_forest,0.5,kha
2015,grey_alder,51...60,protected_forest,0.9,kha
2015,grey_alder,61...70,protected_forest,0.0,kha
2015,grey_alder,71...80,protected_forest,0.0,kha
2015,grey_alder,81...90,protected_forest,0.0,kha
2015,grey_alder,91...100,protected_forest,0.0,kha
2015,grey_alder,no_trees,protected_forest,0.0,kha
2015,grey_alder,renewal_not_complete,protected_forest,0.1,kha
2015,other,...10,production_forest,2.4,kha
2015,other,101...110,production_forest,0.2,kha
2015,other,11...20,production_forest,6.4,kha
2015,other,111...120,production_forest,0.4,kha
2015,other,121...130,production_forest,0.6,kha
2015,other,131...140,production_forest,0.0,kha
2015,other,141...,production_forest,0.0,kha
2015,other,21...30,production_forest,3.6,kha
2015,other,31...40,production_forest,2.7,kha
2015,other,41...50,production_forest,4.2,kha
2015,other,51...60,production_forest,2.7,kha
2015,other,61...70,production_forest,3.0,kha
2015,other,71...80,production_forest,1.5,kha
2015,other,81...90,production_forest,1.3,kha
2015,other,91...100,production_forest,1.3,kha
2015,other,no_trees,production_forest,0.6,kha
2015,other,renewal_not_complete,production_forest,1.6,kha
2015,other,...10,protected_forest,0.0,kha
2015,other,101...110,protected_forest,0.4,kha
2015,other,11...20,protected_forest,0.2,kha
2015,other,111...120,protected_forest,0.3,kha
2015,other,121...130,protected_forest,0.0,kha
2015,other,131...140,protected_forest,0.0,kha
2015,other,141...,protected_forest,0.7,kha
2015,other,21...30,protected_forest,0.2,kha
2015,other,31...40,protected_forest,0.2,kha
2015,other,41...50,protected_forest,0.5,kha
2015,other,51...60,protected_forest,0.3,kha
2015,other,61...70,protected_forest,0.3,kha
2015,other,71...80,protected_forest,0.7,kha
2015,other,81...90,protected_forest,0.7,kha
2015,other,91...100,protected_forest,0.2,kha
2015,other,no_trees,protected_forest,0.0,kha
2015,other,renewal_not_complete,protected_forest,0.0,kha
2015,pine,...10,production_forest,13.4,kha
2015,pine,101...110,production_forest,25.7,kha
2015,pine,11...20,production_forest,26.4,kha
2015,pine,111...120,production_forest,14.9,kha
2015,pine,121...130,production_forest,6.8,kha
2015,pine,131...140,production_forest,7.2,kha
2015,pine,141...,production_forest,7.6,kha
2015,pine,21...30,production_forest,24.0,kha
2015,pine,31...40,production_forest,33.4,kha
2015,pine,41...50,production_forest,50.2,kha
2015,pine,51...60,production_forest,75.6,kha
2015,pine,61...70,production_forest,93.8,kha
2015,pine,71...80,production_forest,82.2,kha
2015,pine,81...90,production_forest,65.5,kha
2015,pine,91...100,production_forest,41.1,kha
2015,pine,no_trees,production_forest,13.5,kha
2015,pine,renewal_not_complete,production_forest,22.2,kha
2015,pine,...10,protected_forest,0.3,kha
2015,pine,101...110,protected_forest,9.6,kha
2015,pine,11...20,protected_forest,1.4,kha
2015,pine,111...120,protected_forest,6.4,kha
2015,pine,121...130,protected_forest,5.4,kha
2015,pine,131...140,protected_forest,5.3,kha
2015,pine,141...,protected_forest,12.7,kha
2015,pine,21...30,protected_forest,4.0,kha
2015,pine,31...40,protected_forest,7.4,kha
2015,pine,41...50,protected_forest,10.9,kha
2015,pine,51...60,protected_forest,13.6,kha
2015,pine,61...70,protected_forest,18.3,kha
2015,pine,71...80,protected_forest,14.5,kha
2015,pine,81...90,protected_forest,12.9,kha
2015,pine,91...100,protected_forest,11.9,kha
2015,pine,no_trees,protected_forest,0.1,kha
2015,pine,renewal_not_complete,protected_forest,1.3,kha
2015,spruce,...10,production_forest,13.3,kha
2015,spruce,101...110,production_forest,7.7,kha
2015,spruce,11...20,production_forest,31.1,kha
2015,spruce,111...120,production_forest,2.9,kha
2015,spruce,121...130,production_forest,1.1,kha
2015,spruce,131...140,production_forest,1.6,kha
2015,spruce,141...,production_forest,0.6,kha
2015,spruce,21...30,production_forest,24.0,kha
2015,spruce,31...40,production_forest,49.4,kha
2015,spruce,41...50,production_forest,54.9,kha
2015,spruce,51...60,production_forest,34.4,kha
2015,spruce,61...70,production_forest,40.8,kha
2015,spruce,71...80,production_forest,34.7,kha
2015,spruce,81...90,production_forest,17.7,kha
2015,spruce,91...100,production_forest,12.3,kha
2015,spruce,no_trees,production_forest,26.1,kha
2015,spruce,renewal_not_complete,production_forest,25.5,kha
2015,spruce,...10,protected_forest,0.8,kha
2015,spruce,101...110,protected_forest,1.6,kha
2015,spruce,11...20,protected_forest,1.7,kha
2015,spruce,111...120,protected_forest,1.9,kha
2015,spruce,121...130,protected_forest,1.1,kha
2015,spruce,131...140,protected_forest,1.0,kha
2015,spruce,141...,protected_forest,1.1,kha
2015,spruce,21...30,protected_forest,1.7,kha
2015,spruce,31...40,protected_forest,3.5,kha
2015,spruce,41...50,protected_forest,6.5,kha
2015,spruce,51...60,protected_forest,2.9,kha
2015,spruce,61...70,protected_forest,4.5,kha
2015,spruce,71...80,protected_forest,4.3,kha
2015,spruce,81...90,protected_forest,2.6,kha
2015,spruce,91...100,protected_forest,3.1,kha
2015,spruce,no_trees,protected_forest,1.0,kha
2015,spruce,renewal_not_complete,protected_forest,1.8,kha
2016,aspen,...10,production_forest,26.7,kha
2016,aspen,101...110,production_forest,0.6,kha
2016,aspen,11...20,production_forest,15.9,kha
2016,aspen,111...120,production_forest,0.2,kha
2016,aspen,121...130,production_forest,0.0,kha
2016,aspen,131...140,production_forest,0.0,kha
2016,aspen,141...,production_forest,0.0,kha
2016,aspen,21...30,production_forest,6.3,kha
2016,aspen,31...40,production_forest,4.6,kha
2016,aspen,41...50,production_forest,12.3,kha
2016,aspen,51...60,production_forest,15.1,kha
2016,aspen,61...70,production_forest,15.5,kha
2016,aspen,71...80,production_forest,8.6,kha
2016,aspen,81...90,production_forest,3.3,kha
2016,aspen,91...100,production_forest,0.9,kha
2016,aspen,no_trees,production_forest,3.7,kha
2016,aspen,renewal_not_complete,production_forest,10.2,kha
2016,aspen,...10,protected_forest,0.7,kha
2016,aspen,101...110,protected_forest,0.2,kha
2016,aspen,11...20,protected_forest,0.8,kha
2016,aspen,111...120,protected_forest,0.0,kha
2016,aspen,121...130,protected_forest,0.2,kha
2016,aspen,131...140,protected_forest,0.0,kha
2016,aspen,141...,protected_forest,0.0,kha
2016,aspen,21...30,protected_forest,0.4,kha
2016,aspen,31...40,protected_forest,0.2,kha
2016,aspen,41...50,protected_forest,1.6,kha
2016,aspen,51...60,protected_forest,3.7,kha
2016,aspen,61...70,protected_forest,2.7,kha
2016,aspen,71...80,protected_forest,2.6,kha
2016,aspen,81...90,protected_forest,0.5,kha
2016,aspen,91...100,protected_forest,0.5,kha
2016,aspen,no_trees,protected_forest,0.0,kha
2016,aspen,renewal_not_complete,protected_forest,0.4,kha
2016,birch,...10,production_forest,47.9,kha
2016,birch,101...110,production_forest,1.0,kha
2016,birch,11...20,production_forest,73.8,kha
2016,birch,111...120,production_forest,0.2,kha
2016,birch,121...130,production_forest,0.2,kha
2016,birch,131...140,production_forest,0.2,kha
2016,birch,141...,production_forest,0.0,kha
2016,birch,21...30,production_forest,57.8,kha
2016,birch,31...40,production_forest,69.7,kha
2016,birch,41...50,production_forest,86.8,kha
2016,birch,51...60,production_forest,97.5,kha
2016,birch,61...70,production_forest,70.4,kha
2016,birch,71...80,production_forest,37.9,kha
2016,birch,81...90,production_forest,15.1,kha
2016,birch,91...100,production_forest,5.1,kha
2016,birch,no_trees,production_forest,19.8,kha
2016,birch,renewal_not_complete,production_forest,17.5,kha
2016,birch,...10,protected_forest,1.1,kha
2016,birch,101...110,protected_forest,0.9,kha
2016,birch,11...20,protected_forest,3.4,kha
2016,birch,111...120,protected_forest,0.8,kha
2016,birch,121...130,protected_forest,0.2,kha
2016,birch,131...140,protected_forest,0.1,kha
2016,birch,141...,protected_forest,0.0,kha
2016,birch,21...30,protected_forest,5.6,kha
2016,birch,31...40,protected_forest,9.7,kha
2016,birch,41...50,protected_forest,10.8,kha
2016,birch,51...60,protected_forest,11.6,kha
2016,birch,61...70,protected_forest,15.4,kha
2016,birch,71...80,protected_forest,9.3,kha
2016,birch,81...90,protected_forest,6.8,kha
2016,birch,91...100,protected_forest,3.1,kha
2016,birch,no_trees,protected_forest,1.0,kha
2016,birch,renewal_not_complete,protected_forest,1.0,kha
2016,black_alder,...10,production_forest,8.0,kha
2016,black_alder,101...110,production_forest,0.0,kha
2016,black_alder,11...20,production_forest,5.7,kha
2016,black_alder,111...120,production_forest,0.0,kha
2016,black_alder,121...130,production_forest,0.0,kha
2016,black_alder,131...140,production_forest,0.2,kha
2016,black_alder,141...,production_forest,0.0,kha
2016,black_alder,21...30,production_forest,3.4,kha
2016,black_alder,31...40,production_forest,7.1,kha
2016,black_alder,41...50,production_forest,8.5,kha
2016,black_alder,51...60,production_forest,10.9,kha
2016,black_alder,61...70,production_forest,7.7,kha
2016,black_alder,71...80,production_forest,4.6,kha
2016,black_alder,81...90,production_forest,1.7,kha
2016,black_alder,91...100,production_forest,0.9,kha
2016,black_alder,no_trees,production_forest,2.6,kha
2016,black_alder,renewal_not_complete,production_forest,5.0,kha
2016,black_alder,...10,protected_forest,0.0,kha
2016,black_alder,101...110,protected_forest,0.2,kha
2016,black_alder,11...20,protected_forest,0.7,kha
2016,black_alder,111...120,protected_forest,0.2,kha
2016,black_alder,121...130,protected_forest,0.2,kha
2016,black_alder,131...140,protected_forest,0.0,kha
2016,black_alder,141...,protected_forest,0.0,kha
2016,black_alder,21...30,protected_forest,0.3,kha
2016,black_alder,31...40,protected_forest,2.8,kha
2016,black_alder,41...50,protected_forest,2.9,kha
2016,black_alder,51...60,protected_forest,3.0,kha
2016,black_alder,61...70,protected_forest,1.8,kha
2016,black_alder,71...80,protected_forest,2.4,kha
2016,black_alder,81...90,protected_forest,0.9,kha
2016,black_alder,91...100,protected_forest,1.2,kha
2016,black_alder,no_trees,protected_forest,0.0,kha
2016,black_alder,renewal_not_complete,protected_forest,0.0,kha
2016,grey_alder,...10,production_forest,44.0,kha
2016,grey_alder,101...110,production_forest,0.0,kha
2016,grey_alder,11...20,production_forest,36.6,kha
2016,grey_alder,111...120,production_forest,0.0,kha
2016,grey_alder,121...130,production_forest,0.0,kha
2016,grey_alder,131...140,production_forest,0.0,kha
2016,grey_alder,141...,production_forest,0.0,kha
2016,grey_alder,21...30,production_forest,29.7,kha
2016,grey_alder,31...40,production_forest,42.1,kha
2016,grey_alder,41...50,production_forest,22.7,kha
2016,grey_alder,51...60,production_forest,13.8,kha
2016,grey_alder,61...70,production_forest,1.5,kha
2016,grey_alder,71...80,production_forest,0.1,kha
2016,grey_alder,81...90,production_forest,0.0,kha
2016,grey_alder,91...100,production_forest,0.0,kha
2016,grey_alder,no_trees,production_forest,3.6,kha
2016,grey_alder,renewal_not_complete,production_forest,8.5,kha
2016,grey_alder,...10,protected_forest,0.5,kha
2016,grey_alder,101...110,protected_forest,0.0,kha
2016,grey_alder,11...20,protected_forest,1.2,kha
2016,grey_alder,111...120,protected_forest,0.0,kha
2016,grey_alder,121...130,protected_forest,0.0,kha
2016,grey_alder,131...140,protected_forest,0.0,kha
2016,grey_alder,141...,protected_forest,0.0,kha
2016,grey_alder,21...30,protected_forest,0.5,kha
2016,grey_alder,31...40,protected_forest,2.2,kha
2016,grey_alder,41...50,protected_forest,0.4,kha
2016,grey_alder,51...60,protected_forest,0.8,kha
2016,grey_alder,61...70,protected_forest,0.0,kha
2016,grey_alder,71...80,protected_forest,0.0,kha
2016,grey_alder,81...90,protected_forest,0.0,kha
2016,grey_alder,91...100,protected_forest,0.0,kha
2016,grey_alder,no_trees,protected_forest,0.0,kha
2016,grey_alder,renewal_not_complete,protected_forest,0.1,kha
2016,other,...10,production_forest,2.0,kha
2016,other,101...110,production_forest,0.7,kha
2016,other,11...20,production_forest,6.0,kha
2016,other,111...120,production_forest,0.5,kha
2016,other,121...130,production_forest,0.5,kha
2016,other,131...140,production_forest,0.0,kha
2016,other,141...,production_forest,0.0,kha
2016,other,21...30,production_forest,3.5,kha
2016,other,31...40,production_forest,2.7,kha
2016,other,41...50,production_forest,4.1,kha
2016,other,51...60,production_forest,2.6,kha
2016,other,61...70,production_forest,3.3,kha
2016,other,71...80,production_forest,1.6,kha
2016,other,81...90,production_forest,1.6,kha
2016,other,91...100,production_forest,1.0,kha
2016,other,no_trees,production_forest,0.5,kha
2016,other,renewal_not_complete,production_forest,1.5,kha
2016,other,...10,protected_forest,0.0,kha
2016,other,101...110,protected_forest,0.3,kha
2016,other,11...20,protected_forest,0.2,kha
2016,other,111...120,protected_forest,0.5,kha
2016,other,121...130,protected_forest,0.0,kha
2016,other,131...140,protected_forest,0.0,kha
2016,other,141...,protected_forest,0.7,kha
2016,other,21...30,protected_forest,0.0,kha
2016,other,31...40,protected_forest,0.3,kha
2016,other,41...50,protected_forest,0.3,kha
2016,other,51...60,protected_forest,0.4,kha
2016,other,61...70,protected_forest,0.5,kha
2016,other,71...80,protected_forest,1.0,kha
2016,other,81...90,protected_forest,1.0,kha
2016,other,91...100,protected_forest,0.2,kha
2016,other,no_trees,protected_forest,0.0,kha
2016,other,renewal_not_complete,protected_forest,0.0,kha
2016,pine,...10,production_forest,13.0,kha
2016,pine,101...110,production_forest,26.1,kha
2016,pine,11...20,production_forest,26.7,kha
2016,pine,111...120,production_forest,16.6,kha
2016,pine,121...130,production_forest,5.4,kha
2016,pine,131...140,production_forest,7.3,kha
2016,pine,141...,production_forest,7.2,kha
2016,pine,21...30,production_forest,23.8,kha
2016,pine,31...40,production_forest,32.8,kha
2016,pine,41...50,production_forest,46.2,kha
2016,pine,51...60,production_forest,73.1,kha
2016,pine,61...70,production_forest,91.0,kha
2016,pine,71...80,production_forest,80.0,kha
2016,pine,81...90,production_forest,65.2,kha
2016,pine,91...100,production_forest,41.9,kha
2016,pine,no_trees,production_forest,14.8,kha
2016,pine,renewal_not_complete,production_forest,21.8,kha
2016,pine,...10,protected_forest,0.8,kha
2016,pine,101...110,protected_forest,10.9,kha
2016,pine,11...20,protected_forest,1.6,kha
2016,pine,111...120,protected_forest,7.7,kha
2016,pine,121...130,protected_forest,5.2,kha
2016,pine,131...140,protected_forest,5.8,kha
2016,pine,141...,protected_forest,13.3,kha
2016,pine,21...30,protected_forest,3.1,kha
2016,pine,31...40,protected_forest,8.3,kha
2016,pine,41...50,protected_forest,12.2,kha
2016,pine,51...60,protected_forest,13.6,kha
2016,pine,61...70,protected_forest,18.4,kha
2016,pine,71...80,protected_forest,15.5,kha
2016,pine,81...90,protected_forest,13.4,kha
2016,pine,91...100,protected_forest,11.9,kha
2016,pine,no_trees,protected_forest,0.1,kha
2016,pine,renewal_not_complete,protected_forest,1.3,kha
2016,spruce,...10,production_forest,13.6,kha
2016,spruce,101...110,production_forest,7.2,kha
2016,spruce,11...20,production_forest,32.4,kha
2016,spruce,111...120,production_forest,2.8,kha
2016,spruce,121...130,production_forest,1.0,kha
2016,spruce,131...140,production_forest,1.5,kha
2016,spruce,141...,production_forest,0.5,kha
2016,spruce,21...30,production_forest,25.2,kha
2016,spruce,31...40,production_forest,47.8,kha
2016,spruce,41...50,production_forest,53.4,kha
2016,spruce,51...60,production_forest,35.1,kha
2016,spruce,61...70,production_forest,39.9,kha
2016,spruce,71...80,production_forest,32.7,kha
2016,spruce,81...90,production_forest,19.6,kha
2016,spruce,91...100,production_forest,13.3,kha
2016,spruce,no_trees,production_forest,29.3,kha
2016,spruce,renewal_not_complete,production_forest,24.5,kha
2016,spruce,...10,protected_forest,1.0,kha
2016,spruce,101...110,protected_forest,2.1,kha
2016,spruce,11...20,protected_forest,2.0,kha
2016,spruce,111...120,protected_forest,2.6,kha
2016,spruce,121...130,protected_forest,0.8,kha
2016,spruce,131...140,protected_forest,1.1,kha
2016,spruce,141...,protected_forest,1.3,kha
2016,spruce,21...30,protected_forest,2.6,kha
2016,spruce,31...40,protected_forest,4.6,kha
2016,spruce,41...50,protected_forest,7.2,kha
2016,spruce,51...60,protected_forest,4.1,kha
2016,spruce,61...70,protected_forest,5.6,kha
2016,spruce,71...80,protected_forest,4.5,kha
2016,spruce,81...90,protected_forest,2.7,kha
2016,spruce,91...100,protected_forest,3.5,kha
2016,spruce,no_trees,protected_forest,1.1,kha
2016,spruce,renewal_not_complete,protected_forest,2.0,kha
2017,aspen,...10,production_forest,27.4,kha
2017,aspen,101...110,production_forest,0.6,kha
2017,aspen,11...20,production_forest,16.8,kha
2017,aspen,111...120,production_forest,0.2,kha
2017,aspen,121...130,production_forest,0.0,kha
2017,aspen,131...140,production_forest,0.0,kha
2017,aspen,141...,production_forest,0.0,kha
2017,aspen,21...30,production_forest,6.5,kha
2017,aspen,31...40,production_forest,4.8,kha
2017,aspen,41...50,production_forest,12.4,kha
2017,aspen,51...60,production_forest,15.9,kha
2017,aspen,61...70,production_forest,15.2,kha
2017,aspen,71...80,production_forest,8.1,kha
2017,aspen,81...90,production_forest,4.2,kha
2017,aspen,91...100,production_forest,1.3,kha
2017,aspen,no_trees,production_forest,4.5,kha
2017,aspen,renewal_not_complete,production_forest,9.7,kha
2017,aspen,...10,protected_forest,0.8,kha
2017,aspen,101...110,protected_forest,0.2,kha
2017,aspen,11...20,protected_forest,0.8,kha
2017,aspen,111...120,protected_forest,0.0,kha
2017,aspen,121...130,protected_forest,0.2,kha
2017,aspen,131...140,protected_forest,0.0,kha
2017,aspen,141...,protected_forest,0.0,kha
2017,aspen,21...30,protected_forest,0.7,kha
2017,aspen,31...40,protected_forest,0.4,kha
2017,aspen,41...50,protected_forest,2.2,kha
2017,aspen,51...60,protected_forest,3.4,kha
2017,aspen,61...70,protected_forest,2.8,kha
2017,aspen,71...80,protected_forest,2.9,kha
2017,aspen,81...90,protected_forest,0.8,kha
2017,aspen,91...100,protected_forest,0.7,kha
2017,aspen,no_trees,protected_forest,0.0,kha
2017,aspen,renewal_not_complete,protected_forest,0.3,kha
2017,birch,...10,production_forest,49.3,kha
2017,birch,101...110,production_forest,1.2,kha
2017,birch,11...20,production_forest,74.4,kha
2017,birch,111...120,production_forest,0.3,kha
2017,birch,121...130,production_forest,0.2,kha
2017,birch,131...140,production_forest,0.2,kha
2017,birch,141...,production_forest,0.0,kha
2017,birch,21...30,production_forest,60.3,kha
2017,birch,31...40,production_forest,68.8,kha
2017,birch,41...50,production_forest,89.6,kha
2017,birch,51...60,production_forest,93.5,kha
2017,birch,61...70,production_forest,66.3,kha
2017,birch,71...80,production_forest,37.6,kha
2017,birch,81...90,production_forest,15.3,kha
2017,birch,91...100,production_forest,5.5,kha
2017,birch,no_trees,production_forest,18.1,kha
2017,birch,renewal_not_complete,production_forest,18.2,kha
2017,birch,...10,protected_forest,1.5,kha
2017,birch,101...110,protected_forest,0.9,kha
2017,birch,11...20,protected_forest,3.9,kha
2017,birch,111...120,protected_forest,0.8,kha
2017,birch,121...130,protected_forest,0.2,kha
2017,birch,131...140,protected_forest,0.1,kha
2017,birch,141...,protected_forest,0.0,kha
2017,birch,21...30,protected_forest,5.7,kha
2017,birch,31...40,protected_forest,10.8,kha
2017,birch,41...50,protected_forest,11.5,kha
2017,birch,51...60,protected_forest,13.6,kha
2017,birch,61...70,protected_forest,16.4,kha
2017,birch,71...80,protected_forest,11.0,kha
2017,birch,81...90,protected_forest,6.9,kha
2017,birch,91...100,protected_forest,3.1,kha
2017,birch,no_trees,protected_forest,0.8,kha
2017,birch,renewal_not_complete,protected_forest,1.0,kha
2017,black_alder,...10,production_forest,8.8,kha
2017,black_alder,101...110,production_forest,0.0,kha
2017,black_alder,11...20,production_forest,6.3,kha
2017,black_alder,111...120,production_forest,0.0,kha
2017,black_alder,121...130,production_forest,0.0,kha
2017,black_alder,131...140,production_forest,0.2,kha
2017,black_alder,141...,production_forest,0.0,kha
2017,black_alder,21...30,production_forest,3.4,kha
2017,black_alder,31...40,production_forest,6.9,kha
2017,black_alder,41...50,production_forest,10.0,kha
2017,black_alder,51...60,production_forest,11.8,kha
2017,black_alder,61...70,production_forest,8.2,kha
2017,black_alder,71...80,production_forest,4.6,kha
2017,black_alder,81...90,production_forest,1.6,kha
2017,black_alder,91...100,production_forest,1.0,kha
2017,black_alder,no_trees,production_forest,2.7,kha
2017,black_alder,renewal_not_complete,production_forest,5.5,kha
2017,black_alder,...10,protected_forest,0.0,kha
2017,black_alder,101...110,protected_forest,0.1,kha
2017,black_alder,11...20,protected_forest,0.7,kha
2017,black_alder,111...120,protected_forest,0.2,kha
2017,black_alder,121...130,protected_forest,0.2,kha
2017,black_alder,131...140,protected_forest,0.0,kha
2017,black_alder,141...,protected_forest,0.0,kha
2017,black_alder,21...30,protected_forest,0.7,kha
2017,black_alder,31...40,protected_forest,2.6,kha
2017,black_alder,41...50,protected_forest,1.9,kha
2017,black_alder,51...60,protected_forest,3.0,kha
2017,black_alder,61...70,protected_forest,1.7,kha
2017,black_alder,71...80,protected_forest,2.7,kha
2017,black_alder,81...90,protected_forest,0.9,kha
2017,black_alder,91...100,protected_forest,1.0,kha
2017,black_alder,no_trees,protected_forest,0.2,kha
2017,black_alder,renewal_not_complete,protected_forest,0.1,kha
2017,grey_alder,...10,production_forest,43.8,kha
2017,grey_alder,101...110,production_forest,0.0,kha
2017,grey_alder,11...20,production_forest,36.7,kha
2017,grey_alder,111...120,production_forest,0.0,kha
2017,grey_alder,121...130,production_forest,0.0,kha
2017,grey_alder,131...140,production_forest,0.0,kha
2017,grey_alder,141...,production_forest,0.0,kha
2017,grey_alder,21...30,production_forest,30.8,kha
2017,grey_alder,31...40,production_forest,39.3,kha
2017,grey_alder,41...50,production_forest,21.5,kha
2017,grey_alder,51...60,production_forest,13.7,kha
2017,grey_alder,61...70,production_forest,1.9,kha
2017,grey_alder,71...80,production_forest,0.1,kha
2017,grey_alder,81...90,production_forest,0.0,kha
2017,grey_alder,91...100,production_forest,0.0,kha
2017,grey_alder,no_trees,production_forest,3.3,kha
2017,grey_alder,renewal_not_complete,production_forest,7.5,kha
2017,grey_alder,...10,protected_forest,0.2,kha
2017,grey_alder,101...110,protected_forest,0.0,kha
2017,grey_alder,11...20,protected_forest,1.6,kha
2017,grey_alder,111...120,protected_forest,0.0,kha
2017,grey_alder,121...130,protected_forest,0.0,kha
2017,grey_alder,131...140,protected_forest,0.0,kha
2017,grey_alder,141...,protected_forest,0.0,kha
2017,grey_alder,21...30,protected_forest,0.5,kha
2017,grey_alder,31...40,protected_forest,2.4,kha
2017,grey_alder,41...50,protected_forest,0.4,kha
2017,grey_alder,51...60,protected_forest,1.2,kha
2017,grey_alder,61...70,protected_forest,0.0,kha
2017,grey_alder,71...80,protected_forest,0.0,kha
2017,grey_alder,81...90,protected_forest,0.0,kha
2017,grey_alder,91...100,protected_forest,0.0,kha
2017,grey_alder,no_trees,protected_forest,0.0,kha
2017,grey_alder,renewal_not_complete,protected_forest,0.1,kha
2017,other,...10,production_forest,1.8,kha
2017,other,101...110,production_forest,1.3,kha
2017,other,11...20,production_forest,6.2,kha
2017,other,111...120,production_forest,0.5,kha
2017,other,121...130,production_forest,0.2,kha
2017,other,131...140,production_forest,0.0,kha
2017,other,141...,production_forest,0.2,kha
2017,other,21...30,production_forest,3.7,kha
2017,other,31...40,production_forest,3.2,kha
2017,other,41...50,production_forest,3.4,kha
2017,other,51...60,production_forest,2.8,kha
2017,other,61...70,production_forest,2.5,kha
2017,other,71...80,production_forest,1.9,kha
2017,other,81...90,production_forest,1.3,kha
2017,other,91...100,production_forest,2.0,kha
2017,other,no_trees,production_forest,0.2,kha
2017,other,renewal_not_complete,production_forest,1.8,kha
2017,other,...10,protected_forest,0.1,kha
2017,other,101...110,protected_forest,0.3,kha
2017,other,11...20,protected_forest,0.3,kha
2017,other,111...120,protected_forest,0.2,kha
2017,other,121...130,protected_forest,0.1,kha
2017,other,131...140,protected_forest,0.0,kha
2017,other,141...,protected_forest,0.5,kha
2017,other,21...30,protected_forest,0.0,kha
2017,other,31...40,protected_forest,0.3,kha
2017,other,41...50,protected_forest,0.4,kha
2017,other,51...60,protected_forest,0.5,kha
2017,other,61...70,protected_forest,0.7,kha
2017,other,71...80,protected_forest,0.8,kha
2017,other,81...90,protected_forest,1.2,kha
2017,other,91...100,protected_forest,0.3,kha
2017,other,no_trees,protected_forest,0.0,kha
2017,other,renewal_not_complete,protected_forest,0.0,kha
2017,pine,...10,production_forest,11.9,kha
2017,pine,101...110,production_forest,24.7,kha
2017,pine,11...20,production_forest,27.4,kha
2017,pine,111...120,production_forest,16.3,kha
2017,pine,121...130,production_forest,6.6,kha
2017,pine,131...140,production_forest,7.5,kha
2017,pine,141...,production_forest,7.3,kha
2017,pine,21...30,production_forest,23.2,kha
2017,pine,31...40,production_forest,32.5,kha
2017,pine,41...50,production_forest,41.9,kha
2017,pine,51...60,production_forest,66.7,kha
2017,pine,61...70,production_forest,86.9,kha
2017,pine,71...80,production_forest,76.1,kha
2017,pine,81...90,production_forest,63.5,kha
2017,pine,91...100,production_forest,42.3,kha
2017,pine,no_trees,production_forest,13.5,kha
2017,pine,renewal_not_complete,production_forest,23.5,kha
2017,pine,...10,protected_forest,0.8,kha
2017,pine,101...110,protected_forest,12.0,kha
2017,pine,11...20,protected_forest,2.1,kha
2017,pine,111...120,protected_forest,7.4,kha
2017,pine,121...130,protected_forest,6.1,kha
2017,pine,131...140,protected_forest,7.2,kha
2017,pine,141...,protected_forest,15.6,kha
2017,pine,21...30,protected_forest,3.1,kha
2017,pine,31...40,protected_forest,8.7,kha
2017,pine,41...50,protected_forest,12.2,kha
2017,pine,51...60,protected_forest,16.9,kha
2017,pine,61...70,protected_forest,19.4,kha
2017,pine,71...80,protected_forest,19.1,kha
2017,pine,81...90,protected_forest,14.5,kha
2017,pine,91...100,protected_forest,13.2,kha
2017,pine,no_trees,protected_forest,0.4,kha
2017,pine,renewal_not_complete,protected_forest,1.4,kha
2017,spruce,...10,production_forest,15.4,kha
2017,spruce,101...110,production_forest,7.4,kha
2017,spruce,11...20,production_forest,30.7,kha
2017,spruce,111...120,production_forest,3.1,kha
2017,spruce,121...130,production_forest,0.9,kha
2017,spruce,131...140,production_forest,1.6,kha
2017,spruce,141...,production_forest,0.8,kha
2017,spruce,21...30,production_forest,25.9,kha
2017,spruce,31...40,production_forest,46.1,kha
2017,spruce,41...50,production_forest,55.2,kha
2017,spruce,51...60,production_forest,34.2,kha
2017,spruce,61...70,production_forest,35.9,kha
2017,spruce,71...80,production_forest,33.1,kha
2017,spruce,81...90,production_forest,21.3,kha
2017,spruce,91...100,production_forest,13.1,kha
2017,spruce,no_trees,production_forest,30.2,kha
2017,spruce,renewal_not_complete,production_forest,26.5,kha
2017,spruce,...10,protected_forest,1.0,kha
2017,spruce,101...110,protected_forest,2.6,kha
2017,spruce,11...20,protected_forest,2.6,kha
2017,spruce,111...120,protected_forest,2.9,kha
2017,spruce,121...130,protected_forest,1.4,kha
2017,spruce,131...140,protected_forest,1.0,kha
2017,spruce,141...,protected_forest,1.4,kha
2017,spruce,21...30,protected_forest,3.0,kha
2017,spruce,31...40,protected_forest,5.6,kha
2017,spruce,41...50,protected_forest,7.4,kha
2017,spruce,51...60,protected_forest,4.8,kha
2017,spruce,61...70,protected_forest,6.2,kha
2017,spruce,71...80,protected_forest,5.6,kha
2017,spruce,81...90,protected_forest,3.4,kha
2017,spruce,91...100,protected_forest,4.0,kha
2017,spruce,no_trees,protected_forest,1.7,kha
2017,spruce,renewal_not_complete,protected_forest,2.1,kha
2018,aspen,...10,production_forest,26.7,kha
2018,aspen,101...110,production_forest,0.7,kha
2018,aspen,11...20,production_forest,16.8,kha
2018,aspen,111...120,production_forest,0.2,kha
2018,aspen,121...130,production_forest,0.0,kha
2018,aspen,131...140,production_forest,0.0,kha
2018,aspen,141...,production_forest,0.0,kha
2018,aspen,21...30,production_forest,6.8,kha
2018,aspen,31...40,production_forest,5.7,kha
2018,aspen,41...50,production_forest,10.7,kha
2018,aspen,51...60,production_forest,17.4,kha
2018,aspen,61...70,production_forest,15.1,kha
2018,aspen,71...80,production_forest,8.0,kha
2018,aspen,81...90,production_forest,4.1,kha
2018,aspen,91...100,production_forest,1.1,kha
2018,aspen,no_trees,production_forest,5.0,kha
2018,aspen,renewal_not_complete,production_forest,11.6,kha
2018,aspen,...10,protected_forest,0.9,kha
2018,aspen,101...110,protected_forest,0.2,kha
2018,aspen,11...20,protected_forest,0.8,kha
2018,aspen,111...120,protected_forest,0.0,kha
2018,aspen,121...130,protected_forest,0.2,kha
2018,aspen,131...140,protected_forest,0.0,kha
2018,aspen,141...,protected_forest,0.0,kha
2018,aspen,21...30,protected_forest,0.5,kha
2018,aspen,31...40,protected_forest,0.5,kha
2018,aspen,41...50,protected_forest,1.7,kha
2018,aspen,51...60,protected_forest,3.9,kha
2018,aspen,61...70,protected_forest,2.1,kha
2018,aspen,71...80,protected_forest,3.3,kha
2018,aspen,81...90,protected_forest,0.7,kha
2018,aspen,91...100,protected_forest,0.8,kha
2018,aspen,no_trees,protected_forest,0.1,kha
2018,aspen,renewal_not_complete,protected_forest,0.5,kha
2018,birch,...10,production_forest,50.6,kha
2018,birch,101...110,production_forest,1.3,kha
2018,birch,11...20,production_forest,73.6,kha
2018,birch,111...120,production_forest,0.5,kha
2018,birch,121...130,production_forest,0.2,kha
2018,birch,131...140,production_forest,0.2,kha
2018,birch,141...,production_forest,0.0,kha
2018,birch,21...30,production_forest,61.9,kha
2018,birch,31...40,production_forest,68.0,kha
2018,birch,41...50,production_forest,88.8,kha
2018,birch,51...60,production_forest,90.9,kha
2018,birch,61...70,production_forest,69.2,kha
2018,birch,71...80,production_forest,40.5,kha
2018,birch,81...90,production_forest,17.4,kha
2018,birch,91...100,production_forest,5.7,kha
2018,birch,no_trees,production_forest,20.1,kha
2018,birch,renewal_not_complete,production_forest,19.7,kha
2018,birch,...10,protected_forest,1.1,kha
2018,birch,101...110,protected_forest,0.5,kha
2018,birch,11...20,protected_forest,3.5,kha
2018,birch,111...120,protected_forest,0.6,kha
2018,birch,121...130,protected_forest,0.1,kha
2018,birch,131...140,protected_forest,0.1,kha
2018,birch,141...,protected_forest,0.0,kha
2018,birch,21...30,protected_forest,6.0,kha
2018,birch,31...40,protected_forest,8.1,kha
2018,birch,41...50,protected_forest,11.2,kha
2018,birch,51...60,protected_forest,10.8,kha
2018,birch,61...70,protected_forest,13.7,kha
2018,birch,71...80,protected_forest,8.5,kha
2018,birch,81...90,protected_forest,6.0,kha
2018,birch,91...100,protected_forest,2.8,kha
2018,birch,no_trees,protected_forest,1.1,kha
2018,birch,renewal_not_complete,protected_forest,0.7,kha
2018,black_alder,...10,production_forest,10.4,kha
2018,black_alder,101...110,production_forest,0.0,kha
2018,black_alder,11...20,production_forest,7.1,kha
2018,black_alder,111...120,production_forest,0.0,kha
2018,black_alder,121...130,production_forest,0.0,kha
2018,black_alder,131...140,production_forest,0.2,kha
2018,black_alder,141...,production_forest,0.0,kha
2018,black_alder,21...30,production_forest,3.7,kha
2018,black_alder,31...40,production_forest,6.8,kha
2018,black_alder,41...50,production_forest,10.7,kha
2018,black_alder,51...60,production_forest,10.8,kha
2018,black_alder,61...70,production_forest,8.0,kha
2018,black_alder,71...80,production_forest,6.1,kha
2018,black_alder,81...90,production_forest,1.6,kha
2018,black_alder,91...100,production_forest,0.9,kha
2018,black_alder,no_trees,production_forest,2.7,kha
2018,black_alder,renewal_not_complete,production_forest,6.3,kha
2018,black_alder,...10,protected_forest,0.2,kha
2018,black_alder,101...110,protected_forest,0.1,kha
2018,black_alder,11...20,protected_forest,0.5,kha
2018,black_alder,111...120,protected_forest,0.4,kha
2018,black_alder,121...130,protected_forest,0.2,kha
2018,black_alder,131...140,protected_forest,0.0,kha
2018,black_alder,141...,protected_forest,0.0,kha
2018,black_alder,21...30,protected_forest,0.5,kha
2018,black_alder,31...40,protected_forest,2.3,kha
2018,black_alder,41...50,protected_forest,1.6,kha
2018,black_alder,51...60,protected_forest,2.8,kha
2018,black_alder,61...70,protected_forest,1.3,kha
2018,black_alder,71...80,protected_forest,1.9,kha
2018,black_alder,81...90,protected_forest,0.7,kha
2018,black_alder,91...100,protected_forest,0.8,kha
2018,black_alder,no_trees,protected_forest,0.1,kha
2018,black_alder,renewal_not_complete,protected_forest,0.0,kha
2018,grey_alder,...10,production_forest,43.1,kha
2018,grey_alder,101...110,production_forest,0.0,kha
2018,grey_alder,11...20,production_forest,42.0,kha
2018,grey_alder,111...120,production_forest,0.0,kha
2018,grey_alder,121...130,production_forest,0.0,kha
2018,grey_alder,131...140,production_forest,0.0,kha
2018,grey_alder,141...,production_forest,0.0,kha
2018,grey_alder,21...30,production_forest,31.1,kha
2018,grey_alder,31...40,production_forest,34.7,kha
2018,grey_alder,41...50,production_forest,21.5,kha
2018,grey_alder,51...60,production_forest,15.0,kha
2018,grey_alder,61...70,production_forest,2.3,kha
2018,grey_alder,71...80,production_forest,0.1,kha
2018,grey_alder,81...90,production_forest,0.0,kha
2018,grey_alder,91...100,production_forest,0.0,kha
2018,grey_alder,no_trees,production_forest,4.4,kha
2018,grey_alder,renewal_not_complete,production_forest,7.3,kha
2018,grey_alder,...10,protected_forest,0.6,kha
2018,grey_alder,101...110,protected_forest,0.0,kha
2018,grey_alder,11...20,protected_forest,1.4,kha
2018,grey_alder,111...120,protected_forest,0.0,kha
2018,grey_alder,121...130,protected_forest,0.0,kha
2018,grey_alder,131...140,protected_forest,0.0,kha
2018,grey_alder,141...,protected_forest,0.0,kha
2018,grey_alder,21...30,protected_forest,0.9,kha
2018,grey_alder,31...40,protected_forest,2.2,kha
2018,grey_alder,41...50,protected_forest,0.5,kha
2018,grey_alder,51...60,protected_forest,1.3,kha
2018,grey_alder,61...70,protected_forest,0.0,kha
2018,grey_alder,71...80,protected_forest,0.0,kha
2018,grey_alder,81...90,protected_forest,0.0,kha
2018,grey_alder,91...100,protected_forest,0.0,kha
2018,grey_alder,no_trees,protected_forest,0.2,kha
2018,grey_alder,renewal_not_complete,protected_forest,0.0,kha
2018,other,...10,production_forest,1.9,kha
2018,other,101...110,production_forest,1.2,kha
2018,other,11...20,production_forest,6.3,kha
2018,other,111...120,production_forest,1.1,kha
2018,other,121...130,production_forest,0.2,kha
2018,other,131...140,production_forest,0.0,kha
2018,other,141...,production_forest,0.2,kha
2018,other,21...30,production_forest,3.9,kha
2018,other,31...40,production_forest,2.8,kha
2018,other,41...50,production_forest,3.5,kha
2018,other,51...60,production_forest,2.6,kha
2018,other,61...70,production_forest,2.2,kha
2018,other,71...80,production_forest,1.7,kha
2018,other,81...90,production_forest,1.6,kha
2018,other,91...100,production_forest,2.0,kha
2018,other,no_trees,production_forest,0.3,kha
2018,other,renewal_not_complete,production_forest,1.4,kha
2018,other,...10,protected_forest,0.0,kha
2018,other,101...110,protected_forest,0.0,kha
2018,other,11...20,protected_forest,0.1,kha
2018,other,111...120,protected_forest,0.2,kha
2018,other,121...130,protected_forest,0.1,kha
2018,other,131...140,protected_forest,0.0,kha
2018,other,141...,protected_forest,0.4,kha
2018,other,21...30,protected_forest,0.1,kha
2018,other,31...40,protected_forest,0.3,kha
2018,other,41...50,protected_forest,0.3,kha
2018,other,51...60,protected_forest,0.5,kha
2018,other,61...70,protected_forest,0.7,kha
2018,other,71...80,protected_forest,0.6,kha
2018,other,81...90,protected_forest,0.6,kha
2018,other,91...100,protected_forest,0.2,kha
2018,other,no_trees,protected_forest,0.0,kha
2018,other,renewal_not_complete,protected_forest,0.0,kha
2018,pine,...10,production_forest,12.6,kha
2018,pine,101...110,production_forest,25.5,kha
2018,pine,11...20,production_forest,26.3,kha
2018,pine,111...120,production_forest,16.3,kha
2018,pine,121...130,production_forest,8.3,kha
2018,pine,131...140,production_forest,8.2,kha
2018,pine,141...,production_forest,8.7,kha
2018,pine,21...30,production_forest,26.2,kha
2018,pine,31...40,production_forest,31.3,kha
2018,pine,41...50,production_forest,40.9,kha
2018,pine,51...60,production_forest,63.6,kha
2018,pine,61...70,production_forest,86.3,kha
2018,pine,71...80,production_forest,79.4,kha
2018,pine,81...90,production_forest,65.6,kha
2018,pine,91...100,production_forest,44.6,kha
2018,pine,no_trees,production_forest,15.4,kha
2018,pine,renewal_not_complete,production_forest,24.2,kha
2018,pine,...10,protected_forest,0.6,kha
2018,pine,101...110,protected_forest,10.8,kha
2018,pine,11...20,protected_forest,1.7,kha
2018,pine,111...120,protected_forest,7.2,kha
2018,pine,121...130,protected_forest,5.3,kha
2018,pine,131...140,protected_forest,6.5,kha
2018,pine,141...,protected_forest,14.9,kha
2018,pine,21...30,protected_forest,3.3,kha
2018,pine,31...40,protected_forest,8.2,kha
2018,pine,41...50,protected_forest,11.9,kha
2018,pine,51...60,protected_forest,14.4,kha
2018,pine,61...70,protected_forest,17.9,kha
2018,pine,71...80,protected_forest,16.1,kha
2018,pine,81...90,protected_forest,12.5,kha
2018,pine,91...100,protected_forest,13.2,kha
2018,pine,no_trees,protected_forest,0.4,kha
2018,pine,renewal_not_complete,protected_forest,0.9,kha
2018,spruce,...10,production_forest,18.1,kha
2018,spruce,101...110,production_forest,6.6,kha
2018,spruce,11...20,production_forest,32.4,kha
2018,spruce,111...120,production_forest,3.9,kha
2018,spruce,121...130,production_forest,1.2,kha
2018,spruce,131...140,production_forest,1.6,kha
2018,spruce,141...,production_forest,0.8,kha
2018,spruce,21...30,production_forest,28.5,kha
2018,spruce,31...40,production_forest,46.3,kha
2018,spruce,41...50,production_forest,55.4,kha
2018,spruce,51...60,production_forest,34.3,kha
2018,spruce,61...70,production_forest,33.8,kha
2018,spruce,71...80,production_forest,35.8,kha
2018,spruce,81...90,production_forest,22.9,kha
2018,spruce,91...100,production_forest,12.6,kha
2018,spruce,no_trees,production_forest,28.5,kha
2018,spruce,renewal_not_complete,production_forest,29.5,kha
2018,spruce,...10,protected_forest,1.0,kha
2018,spruce,101...110,protected_forest,2.7,kha
2018,spruce,11...20,protected_forest,1.9,kha
2018,spruce,111...120,protected_forest,2.1,kha
2018,spruce,121...130,protected_forest,1.1,kha
2018,spruce,131...140,protected_forest,1.2,kha
2018,spruce,141...,protected_forest,1.4,kha
2018,spruce,21...30,protected_forest,2.4,kha
2018,spruce,31...40,protected_forest,4.7,kha
2018,spruce,41...50,protected_forest,6.5,kha
2018,spruce,51...60,protected_forest,4.5,kha
2018,spruce,61...70,protected_forest,5.3,kha
2018,spruce,71...80,protected_forest,4.2,kha
2018,spruce,81...90,protected_forest,3.1,kha
2018,spruce,91...100,protected_forest,2.5,kha
2018,spruce,no_trees,protected_forest,1.4,kha
2018,spruce,renewal_not_complete,protected_forest,0.5,kha
2019,aspen,...10,production_forest,26.6,kha
2019,aspen,101...110,production_forest,0.7,kha
2019,aspen,11...20,production_forest,17.0,kha
2019,aspen,111...120,production_forest,0.5,kha
2019,aspen,121...130,production_forest,0.0,kha
2019,aspen,131...140,production_forest,0.0,kha
2019,aspen,141...,production_forest,0.0,kha
2019,aspen,21...30,production_forest,7.8,kha
2019,aspen,31...40,production_forest,5.5,kha
2019,aspen,41...50,production_forest,11.3,kha
2019,aspen,51...60,production_forest,19.0,kha
2019,aspen,61...70,production_forest,13.0,kha
2019,aspen,71...80,production_forest,7.7,kha
2019,aspen,81...90,production_forest,3.9,kha
2019,aspen,91...100,production_forest,1.6,kha
2019,aspen,no_trees,production_forest,5.1,kha
2019,aspen,renewal_not_complete,production_forest,12.3,kha
2019,aspen,...10,protected_forest,1.1,kha
2019,aspen,101...110,protected_forest,0.3,kha
2019,aspen,11...20,protected_forest,1.3,kha
2019,aspen,111...120,protected_forest,0.1,kha
2019,aspen,121...130,protected_forest,0.2,kha
2019,aspen,131...140,protected_forest,0.0,kha
2019,aspen,141...,protected_forest,0.0,kha
2019,aspen,21...30,protected_forest,0.7,kha
2019,aspen,31...40,protected_forest,0.6,kha
2019,aspen,41...50,protected_forest,1.6,kha
2019,aspen,51...60,protected_forest,3.3,kha
2019,aspen,61...70,protected_forest,2.5,kha
2019,aspen,71...80,protected_forest,3.4,kha
2019,aspen,81...90,protected_forest,0.7,kha
2019,aspen,91...100,protected_forest,0.6,kha
2019,aspen,no_trees,protected_forest,0.0,kha
2019,aspen,renewal_not_complete,protected_forest,0.6,kha
2019,birch,...10,production_forest,50.8,kha
2019,birch,101...110,production_forest,1.6,kha
2019,birch,11...20,production_forest,68.6,kha
2019,birch,111...120,production_forest,0.5,kha
2019,birch,121...130,production_forest,0.2,kha
2019,birch,131...140,production_forest,0.2,kha
2019,birch,141...,production_forest,0.0,kha
2019,birch,21...30,production_forest,63.0,kha
2019,birch,31...40,production_forest,63.2,kha
2019,birch,41...50,production_forest,84.9,kha
2019,birch,51...60,production_forest,84.1,kha
2019,birch,61...70,production_forest,71.2,kha
2019,birch,71...80,production_forest,40.2,kha
2019,birch,81...90,production_forest,19.7,kha
2019,birch,91...100,production_forest,6.3,kha
2019,birch,no_trees,production_forest,22.5,kha
2019,birch,renewal_not_complete,production_forest,22.6,kha
2019,birch,...10,protected_forest,1.3,kha
2019,birch,101...110,protected_forest,0.7,kha
2019,birch,11...20,protected_forest,3.6,kha
2019,birch,111...120,protected_forest,0.8,kha
2019,birch,121...130,protected_forest,0.1,kha
2019,birch,131...140,protected_forest,0.1,kha
2019,birch,141...,protected_forest,0.0,kha
2019,birch,21...30,protected_forest,6.6,kha
2019,birch,31...40,protected_forest,11.1,kha
2019,birch,41...50,protected_forest,10.7,kha
2019,birch,51...60,protected_forest,11.9,kha
2019,birch,61...70,protected_forest,14.6,kha
2019,birch,71...80,protected_forest,10.6,kha
2019,birch,81...90,protected_forest,6.6,kha
2019,birch,91...100,protected_forest,3.1,kha
2019,birch,no_trees,protected_forest,0.8,kha
2019,birch,renewal_not_complete,protected_forest,0.9,kha
2019,black_alder,...10,production_forest,12.3,kha
2019,black_alder,101...110,production_forest,0.2,kha
2019,black_alder,11...20,production_forest,6.7,kha
2019,black_alder,111...120,production_forest,0.2,kha
2019,black_alder,121...130,production_forest,0.0,kha
2019,black_alder,131...140,production_forest,0.2,kha
2019,black_alder,141...,production_forest,0.0,kha
2019,black_alder,21...30,production_forest,4.1,kha
2019,black_alder,31...40,production_forest,6.8,kha
2019,black_alder,41...50,production_forest,9.9,kha
2019,black_alder,51...60,production_forest,11.2,kha
2019,black_alder,61...70,production_forest,7.9,kha
2019,black_alder,71...80,production_forest,6.1,kha
2019,black_alder,81...90,production_forest,1.4,kha
2019,black_alder,91...100,production_forest,0.8,kha
2019,black_alder,no_trees,production_forest,2.7,kha
2019,black_alder,renewal_not_complete,production_forest,6.7,kha
2019,black_alder,...10,protected_forest,0.2,kha
2019,black_alder,101...110,protected_forest,0.1,kha
2019,black_alder,11...20,protected_forest,0.7,kha
2019,black_alder,111...120,protected_forest,0.2,kha
2019,black_alder,121...130,protected_forest,0.2,kha
2019,black_alder,131...140,protected_forest,0.0,kha
2019,black_alder,141...,protected_forest,0.0,kha
2019,black_alder,21...30,protected_forest,0.7,kha
2019,black_alder,31...40,protected_forest,2.5,kha
2019,black_alder,41...50,protected_forest,1.7,kha
2019,black_alder,51...60,protected_forest,2.9,kha
2019,black_alder,61...70,protected_forest,1.4,kha
2019,black_alder,71...80,protected_forest,1.8,kha
2019,black_alder,81...90,protected_forest,0.8,kha
2019,black_alder,91...100,protected_forest,0.8,kha
2019,black_alder,no_trees,protected_forest,0.1,kha
2019,black_alder,renewal_not_complete,protected_forest,0.1,kha
2019,grey_alder,...10,production_forest,43.4,kha
2019,grey_alder,101...110,production_forest,0.0,kha
2019,grey_alder,11...20,production_forest,42.2,kha
2019,grey_alder,111...120,production_forest,0.0,kha
2019,grey_alder,121...130,production_forest,0.0,kha
2019,grey_alder,131...140,production_forest,0.0,kha
2019,grey_alder,141...,production_forest,0.0,kha
2019,grey_alder,21...30,production_forest,32.8,kha
2019,grey_alder,31...40,production_forest,31.3,kha
2019,grey_alder,41...50,production_forest,21.6,kha
2019,grey_alder,51...60,production_forest,14.0,kha
2019,grey_alder,61...70,production_forest,2.9,kha
2019,grey_alder,71...80,production_forest,0.2,kha
2019,grey_alder,81...90,production_forest,0.0,kha
2019,grey_alder,91...100,production_forest,0.0,kha
2019,grey_alder,no_trees,production_forest,4.9,kha
2019,grey_alder,renewal_not_complete,production_forest,7.9,kha
2019,grey_alder,...10,protected_forest,0.6,kha
2019,grey_alder,101...110,protected_forest,0.0,kha
2019,grey_alder,11...20,protected_forest,1.6,kha
2019,grey_alder,111...120,protected_forest,0.0,kha
2019,grey_alder,121...130,protected_forest,0.0,kha
2019,grey_alder,131...140,protected_forest,0.0,kha
2019,grey_alder,141...,protected_forest,0.0,kha
2019,grey_alder,21...30,protected_forest,1.2,kha
2019,grey_alder,31...40,protected_forest,2.1,kha
2019,grey_alder,41...50,protected_forest,0.7,kha
2019,grey_alder,51...60,protected_forest,1.1,kha
2019,grey_alder,61...70,protected_forest,0.2,kha
2019,grey_alder,71...80,protected_forest,0.0,kha
2019,grey_alder,81...90,protected_forest,0.0,kha
2019,grey_alder,91...100,protected_forest,0.0,kha
2019,grey_alder,no_trees,protected_forest,0.0,kha
2019,grey_alder,renewal_not_complete,protected_forest,0.1,kha
2019,other,...10,production_forest,1.7,kha
2019,other,101...110,production_forest,1.2,kha
2019,other,11...20,production_forest,5.6,kha
2019,other,111...120,production_forest,1.1,kha
2019,other,121...130,production_forest,0.2,kha
2019,other,131...140,production_forest,0.0,kha
2019,other,141...,production_forest,0.2,kha
2019,other,21...30,production_forest,5.3,kha
2019,other,31...40,production_forest,2.5,kha
2019,other,41...50,production_forest,2.7,kha
2019,other,51...60,production_forest,2.5,kha
2019,other,61...70,production_forest,2.1,kha
2019,other,71...80,production_forest,1.4,kha
2019,other,81...90,production_forest,1.3,kha
2019,other,91...100,production_forest,2.0,kha
2019,other,no_trees,production_forest,0.8,kha
2019,other,renewal_not_complete,production_forest,1.1,kha
2019,other,...10,protected_forest,0.0,kha
2019,other,101...110,protected_forest,0.4,kha
2019,other,11...20,protected_forest,0.3,kha
2019,other,111...120,protected_forest,0.1,kha
2019,other,121...130,protected_forest,0.1,kha
2019,other,131...140,protected_forest,0.0,kha
2019,other,141...,protected_forest,0.4,kha
2019,other,21...30,protected_forest,0.1,kha
2019,other,31...40,protected_forest,0.1,kha
2019,other,41...50,protected_forest,0.3,kha
2019,other,51...60,protected_forest,0.5,kha
2019,other,61...70,protected_forest,0.3,kha
2019,other,71...80,protected_forest,0.4,kha
2019,other,81...90,protected_forest,0.9,kha
2019,other,91...100,protected_forest,0.3,kha
2019,other,no_trees,protected_forest,0.0,kha
2019,other,renewal_not_complete,protected_forest,0.0,kha
2019,pine,...10,production_forest,12.4,kha
2019,pine,101...110,production_forest,23.8,kha
2019,pine,11...20,production_forest,27.0,kha
2019,pine,111...120,production_forest,17.5,kha
2019,pine,121...130,production_forest,10.2,kha
2019,pine,131...140,production_forest,7.9,kha
2019,pine,141...,production_forest,9.8,kha
2019,pine,21...30,production_forest,24.8,kha
2019,pine,31...40,production_forest,31.7,kha
2019,pine,41...50,production_forest,41.4,kha
2019,pine,51...60,production_forest,60.3,kha
2019,pine,61...70,production_forest,83.9,kha
2019,pine,71...80,production_forest,78.7,kha
2019,pine,81...90,production_forest,61.3,kha
2019,pine,91...100,production_forest,44.4,kha
2019,pine,no_trees,production_forest,16.1,kha
2019,pine,renewal_not_complete,production_forest,23.9,kha
2019,pine,...10,protected_forest,0.4,kha
2019,pine,101...110,protected_forest,11.2,kha
2019,pine,11...20,protected_forest,1.8,kha
2019,pine,111...120,protected_forest,8.1,kha
2019,pine,121...130,protected_forest,6.2,kha
2019,pine,131...140,protected_forest,7.7,kha
2019,pine,141...,protected_forest,15.0,kha
2019,pine,21...30,protected_forest,3.4,kha
2019,pine,31...40,protected_forest,6.6,kha
2019,pine,41...50,protected_forest,11.1,kha
2019,pine,51...60,protected_forest,14.5,kha
2019,pine,61...70,protected_forest,17.5,kha
2019,pine,71...80,protected_forest,18.4,kha
2019,pine,81...90,protected_forest,13.3,kha
2019,pine,91...100,protected_forest,12.8,kha
2019,pine,no_trees,protected_forest,0.4,kha
2019,pine,renewal_not_complete,protected_forest,1.4,kha
2019,spruce,...10,production_forest,20.0,kha
2019,spruce,101...110,production_forest,6.2,kha
2019,spruce,11...20,production_forest,35.9,kha
2019,spruce,111...120,production_forest,4.0,kha
2019,spruce,121...130,production_forest,1.0,kha
2019,spruce,131...140,production_forest,1.8,kha
2019,spruce,141...,production_forest,1.1,kha
2019,spruce,21...30,production_forest,30.7,kha
2019,spruce,31...40,production_forest,43.9,kha
2019,spruce,41...50,production_forest,54.2,kha
2019,spruce,51...60,production_forest,34.2,kha
2019,spruce,61...70,production_forest,32.9,kha
2019,spruce,71...80,production_forest,32.0,kha
2019,spruce,81...90,production_forest,20.6,kha
2019,spruce,91...100,production_forest,12.0,kha
2019,spruce,no_trees,production_forest,27.1,kha
2019,spruce,renewal_not_complete,production_forest,30.3,kha
2019,spruce,...10,protected_forest,1.2,kha
2019,spruce,101...110,protected_forest,2.4,kha
2019,spruce,11...20,protected_forest,2.1,kha
2019,spruce,111...120,protected_forest,2.8,kha
2019,spruce,121...130,protected_forest,1.1,kha
2019,spruce,131...140,protected_forest,1.8,kha
2019,spruce,141...,protected_forest,1.8,kha
2019,spruce,21...30,protected_forest,2.9,kha
2019,spruce,31...40,protected_forest,5.2,kha
2019,spruce,41...50,protected_forest,6.2,kha
2019,spruce,51...60,protected_forest,5.9,kha
2019,spruce,61...70,protected_forest,5.9,kha
2019,spruce,71...80,protected_forest,4.9,kha
2019,spruce,81...90,protected_forest,4.0,kha
2019,spruce,91...100,protected_forest,1.8,kha
2019,spruce,no_trees,protected_forest,1.0,kha
2019,spruce,renewal_not_complete,protected_forest,1.3,kha
2020,aspen,...10,production_forest,28.0,kha
2020,aspen,101...110,production_forest,0.6,kha
2020,aspen,11...20,production_forest,19.1,kha
2020,aspen,111...120,production_forest,0.5,kha
2020,aspen,121...130,production_forest,0.0,kha
2020,aspen,131...140,production_forest,0.0,kha
2020,aspen,141...,production_forest,0.0,kha
2020,aspen,21...30,production_forest,8.5,kha
2020,aspen,31...40,production_forest,4.1,kha
2020,aspen,41...50,production_forest,10.2,kha
2020,aspen,51...60,production_forest,16.9,kha
2020,aspen,61...70,production_forest,14.0,kha
2020,aspen,71...80,production_forest,8.8,kha
2020,aspen,81...90,production_forest,5.0,kha
2020,aspen,91...100,production_forest,1.4,kha
2020,aspen,no_trees,production_forest,5.6,kha
2020,aspen,renewal_not_complete,production_forest,11.5,kha
2020,aspen,...10,protected_forest,1.1,kha
2020,aspen,101...110,protected_forest,0.3,kha
2020,aspen,11...20,protected_forest,1.4,kha
2020,aspen,111...120,protected_forest,0.1,kha
2020,aspen,121...130,protected_forest,0.0,kha
2020,aspen,131...140,protected_forest,0.0,kha
2020,aspen,141...,protected_forest,0.0,kha
2020,aspen,21...30,protected_forest,0.4,kha
2020,aspen,31...40,protected_forest,0.7,kha
2020,aspen,41...50,protected_forest,1.8,kha
2020,aspen,51...60,protected_forest,3.2,kha
2020,aspen,61...70,protected_forest,2.2,kha
2020,aspen,71...80,protected_forest,3.5,kha
2020,aspen,81...90,protected_forest,1.0,kha
2020,aspen,91...100,protected_forest,0.7,kha
2020,aspen,no_trees,protected_forest,0.0,kha
2020,aspen,renewal_not_complete,protected_forest,0.9,kha
2020,birch,...10,production_forest,53.6,kha
2020,birch,101...110,production_forest,1.9,kha
2020,birch,11...20,production_forest,64.9,kha
2020,birch,111...120,production_forest,0.5,kha
2020,birch,121...130,production_forest,0.2,kha
2020,birch,131...140,production_forest,0.0,kha
2020,birch,141...,production_forest,0.0,kha
2020,birch,21...30,production_forest,66.3,kha
2020,birch,31...40,production_forest,62.4,kha
2020,birch,41...50,production_forest,82.2,kha
2020,birch,51...60,production_forest,80.4,kha
2020,birch,61...70,production_forest,68.7,kha
2020,birch,71...80,production_forest,39.0,kha
2020,birch,81...90,production_forest,20.4,kha
2020,birch,91...100,production_forest,6.0,kha
2020,birch,no_trees,production_forest,26.8,kha
2020,birch,renewal_not_complete,production_forest,25.4,kha
2020,birch,...10,protected_forest,1.9,kha
2020,birch,101...110,protected_forest,1.9,kha
2020,birch,11...20,protected_forest,3.3,kha
2020,birch,111...120,protected_forest,0.8,kha
2020,birch,121...130,protected_forest,0.3,kha
2020,birch,131...140,protected_forest,0.0,kha
2020,birch,141...,protected_forest,0.0,kha
2020,birch,21...30,protected_forest,6.7,kha
2020,birch,31...40,protected_forest,10.8,kha
2020,birch,41...50,protected_forest,10.0,kha
2020,birch,51...60,protected_forest,11.9,kha
2020,birch,61...70,protected_forest,14.2,kha
2020,birch,71...80,protected_forest,11.0,kha
2020,birch,81...90,protected_forest,7.1,kha
2020,birch,91...100,protected_forest,3.2,kha
2020,birch,no_trees,protected_forest,0.8,kha
2020,birch,renewal_not_complete,protected_forest,1.4,kha
2020,black_alder,...10,production_forest,13.8,kha
2020,black_alder,101...110,production_forest,0.3,kha
2020,black_alder,11...20,production_forest,8.3,kha
2020,black_alder,111...120,production_forest,0.0,kha
2020,black_alder,121...130,production_forest,0.0,kha
2020,black_alder,131...140,production_forest,0.2,kha
2020,black_alder,141...,production_forest,0.0,kha
2020,black_alder,21...30,production_forest,5.1,kha
2020,black_alder,31...40,production_forest,6.5,kha
2020,black_alder,41...50,production_forest,10.3,kha
2020,black_alder,51...60,production_forest,10.4,kha
2020,black_alder,61...70,production_forest,6.4,kha
2020,black_alder,71...80,production_forest,6.0,kha
2020,black_alder,81...90,production_forest,1.6,kha
2020,black_alder,91...100,production_forest,0.8,kha
2020,black_alder,no_trees,production_forest,4.0,kha
2020,black_alder,renewal_not_complete,production_forest,6.4,kha
2020,black_alder,...10,protected_forest,0.2,kha
2020,black_alder,101...110,protected_forest,0.2,kha
2020,black_alder,11...20,protected_forest,0.5,kha
2020,black_alder,111...120,protected_forest,0.4,kha
2020,black_alder,121...130,protected_forest,0.2,kha
2020,black_alder,131...140,protected_forest,0.0,kha
2020,black_alder,141...,protected_forest,0.0,kha
2020,black_alder,21...30,protected_forest,0.8,kha
2020,black_alder,31...40,protected_forest,2.4,kha
2020,black_alder,41...50,protected_forest,1.9,kha
2020,black_alder,51...60,protected_forest,3.2,kha
2020,black_alder,61...70,protected_forest,1.7,kha
2020,black_alder,71...80,protected_forest,1.8,kha
2020,black_alder,81...90,protected_forest,0.7,kha
2020,black_alder,91...100,protected_forest,0.8,kha
2020,black_alder,no_trees,protected_forest,0.1,kha
2020,black_alder,renewal_not_complete,protected_forest,0.2,kha
2020,grey_alder,...10,production_forest,43.8,kha
2020,grey_alder,101...110,production_forest,0.0,kha
2020,grey_alder,11...20,production_forest,44.4,kha
2020,grey_alder,111...120,production_forest,0.0,kha
2020,grey_alder,121...130,production_forest,0.0,kha
2020,grey_alder,131...140,production_forest,0.0,kha
2020,grey_alder,141...,production_forest,0.0,kha
2020,grey_alder,21...30,production_forest,32.2,kha
2020,grey_alder,31...40,production_forest,30.2,kha
2020,grey_alder,41...50,production_forest,19.6,kha
2020,grey_alder,51...60,production_forest,13.4,kha
2020,grey_alder,61...70,production_forest,3.4,kha
2020,grey_alder,71...80,production_forest,0.2,kha
2020,grey_alder,81...90,production_forest,0.0,kha
2020,grey_alder,91...100,production_forest,0.2,kha
2020,grey_alder,no_trees,production_forest,6.5,kha
2020,grey_alder,renewal_not_complete,production_forest,7.9,kha
2020,grey_alder,...10,protected_forest,0.7,kha
2020,grey_alder,101...110,protected_forest,0.0,kha
2020,grey_alder,11...20,protected_forest,1.5,kha
2020,grey_alder,111...120,protected_forest,0.0,kha
2020,grey_alder,121...130,protected_forest,0.0,kha
2020,grey_alder,131...140,protected_forest,0.0,kha
2020,grey_alder,141...,protected_forest,0.0,kha
2020,grey_alder,21...30,protected_forest,1.7,kha
2020,grey_alder,31...40,protected_forest,2.1,kha
2020,grey_alder,41...50,protected_forest,0.9,kha
2020,grey_alder,51...60,protected_forest,1.2,kha
2020,grey_alder,61...70,protected_forest,0.3,kha
2020,grey_alder,71...80,protected_forest,0.0,kha
2020,grey_alder,81...90,protected_forest,0.0,kha
2020,grey_alder,91...100,protected_forest,0.0,kha
2020,grey_alder,no_trees,protected_forest,0.0,kha
2020,grey_alder,renewal_not_complete,protected_forest,0.1,kha
2020,other,...10,production_forest,1.9,kha
2020,other,101...110,production_forest,1.4,kha
2020,other,11...20,production_forest,4.6,kha
2020,other,111...120,production_forest,1.1,kha
2020,other,121...130,production_forest,0.2,kha
2020,other,131...140,production_forest,0.0,kha
2020,other,141...,production_forest,0.3,kha
2020,other,21...30,production_forest,5.5,kha
2020,other,31...40,production_forest,2.4,kha
2020,other,41...50,production_forest,2.6,kha
2020,other,51...60,production_forest,1.7,kha
2020,other,61...70,production_forest,2.1,kha
2020,other,71...80,production_forest,1.2,kha
2020,other,81...90,production_forest,1.1,kha
2020,other,91...100,production_forest,2.2,kha
2020,other,no_trees,production_forest,0.9,kha
2020,other,renewal_not_complete,production_forest,1.5,kha
2020,other,...10,protected_forest,0.0,kha
2020,other,101...110,protected_forest,0.6,kha
2020,other,11...20,protected_forest,0.3,kha
2020,other,111...120,protected_forest,0.1,kha
2020,other,121...130,protected_forest,0.1,kha
2020,other,131...140,protected_forest,0.0,kha
2020,other,141...,protected_forest,0.3,kha
2020,other,21...30,protected_forest,0.1,kha
2020,other,31...40,protected_forest,0.1,kha
2020,other,41...50,protected_forest,0.3,kha
2020,other,51...60,protected_forest,0.5,kha
2020,other,61...70,protected_forest,0.3,kha
2020,other,71...80,protected_forest,0.5,kha
2020,other,81...90,protected_forest,0.9,kha
2020,other,91...100,protected_forest,0.3,kha
2020,other,no_trees,protected_forest,0.0,kha
2020,other,renewal_not_complete,protected_forest,0.0,kha
2020,pine,...10,production_forest,10.5,kha
2020,pine,101...110,production_forest,24.6,kha
2020,pine,11...20,production_forest,25.7,kha
2020,pine,111...120,production_forest,17.5,kha
2020,pine,121...130,production_forest,9.9,kha
2020,pine,131...140,production_forest,7.8,kha
2020,pine,141...,production_forest,10.4,kha
2020,pine,21...30,production_forest,24.1,kha
2020,pine,31...40,production_forest,30.0,kha
2020,pine,41...50,production_forest,37.9,kha
2020,pine,51...60,production_forest,57.6,kha
2020,pine,61...70,production_forest,79.2,kha
2020,pine,71...80,production_forest,77.9,kha
2020,pine,81...90,production_forest,58.9,kha
2020,pine,91...100,production_forest,43.0,kha
2020,pine,no_trees,production_forest,16.4,kha
2020,pine,renewal_not_complete,production_forest,24.2,kha
2020,pine,...10,protected_forest,1.0,kha
2020,pine,101...110,protected_forest,12.4,kha
2020,pine,11...20,protected_forest,1.6,kha
2020,pine,111...120,protected_forest,9.4,kha
2020,pine,121...130,protected_forest,7.0,kha
2020,pine,131...140,protected_forest,7.9,kha
2020,pine,141...,protected_forest,15.5,kha
2020,pine,21...30,protected_forest,3.8,kha
2020,pine,31...40,protected_forest,5.6,kha
2020,pine,41...50,protected_forest,9.6,kha
2020,pine,51...60,protected_forest,14.9,kha
2020,pine,61...70,protected_forest,17.3,kha
2020,pine,71...80,protected_forest,19.3,kha
2020,pine,81...90,protected_forest,14.3,kha
2020,pine,91...100,protected_forest,14.0,kha
2020,pine,no_trees,protected_forest,0.5,kha
2020,pine,renewal_not_complete,protected_forest,1.1,kha
2020,spruce,...10,production_forest,20.4,kha
2020,spruce,101...110,production_forest,5.0,kha
2020,spruce,11...20,production_forest,35.5,kha
2020,spruce,111...120,production_forest,4.0,kha
2020,spruce,121...130,production_forest,1.1,kha
2020,spruce,131...140,production_forest,2.1,kha
2020,spruce,141...,production_forest,0.9,kha
2020,spruce,21...30,production_forest,30.3,kha
2020,spruce,31...40,production_forest,42.2,kha
2020,spruce,41...50,production_forest,49.5,kha
2020,spruce,51...60,production_forest,35.7,kha
2020,spruce,61...70,production_forest,30.4,kha
2020,spruce,71...80,production_forest,32.2,kha
2020,spruce,81...90,production_forest,19.3,kha
2020,spruce,91...100,production_forest,10.8,kha
2020,spruce,no_trees,production_forest,25.1,kha
2020,spruce,renewal_not_complete,production_forest,34.8,kha
2020,spruce,...10,protected_forest,1.1,kha
2020,spruce,101...110,protected_forest,2.3,kha
2020,spruce,11...20,protected_forest,2.0,kha
2020,spruce,111...120,protected_forest,3.0,kha
2020,spruce,121...130,protected_forest,1.6,kha
2020,spruce,131...140,protected_forest,1.6,kha
2020,spruce,141...,protected_forest,1.6,kha
2020,spruce,21...30,protected_forest,4.1,kha
2020,spruce,31...40,protected_forest,6.5,kha
2020,spruce,41...50,protected_forest,7.6,kha
2020,spruce,51...60,protected_forest,6.0,kha
2020,spruce,61...70,protected_forest,6.0,kha
2020,spruce,71...80,protected_forest,5.4,kha
2020,spruce,81...90,protected_forest,4.9,kha
2020,spruce,91...100,protected_forest,2.9,kha
2020,spruce,no_trees,protected_forest,2.1,kha
2020,spruce,renewal_not_complete,protected_forest,0.8,kha
2021,aspen,...10,production_forest,28.0,kha
2021,aspen,101...110,production_forest,0.6,kha
2021,aspen,11...20,production_forest,17.7,kha
2021,aspen,111...120,production_forest,0.5,kha
2021,aspen,121...130,production_forest,0.0,kha
2021,aspen,131...140,production_forest,0.0,kha
2021,aspen,141...,production_forest,0.0,kha
2021,aspen,21...30,production_forest,10.1,kha
2021,aspen,31...40,production_forest,4.8,kha
2021,aspen,41...50,production_forest,8.0,kha
2021,aspen,51...60,production_forest,16.0,kha
2021,aspen,61...70,production_forest,12.2,kha
2021,aspen,71...80,production_forest,8.1,kha
2021,aspen,81...90,production_forest,4.3,kha
2021,aspen,91...100,production_forest,1.8,kha
2021,aspen,no_trees,production_forest,5.7,kha
2021,aspen,renewal_not_complete,production_forest,10.7,kha
2021,aspen,...10,protected_forest,1.7,kha
2021,aspen,101...110,protected_forest,0.8,kha
2021,aspen,11...20,protected_forest,1.4,kha
2021,aspen,111...120,protected_forest,0.3,kha
2021,aspen,121...130,protected_forest,0.0,kha
2021,aspen,131...140,protected_forest,0.0,kha
2021,aspen,141...,protected_forest,0.0,kha
2021,aspen,21...30,protected_forest,0.4,kha
2021,aspen,31...40,protected_forest,0.6,kha
2021,aspen,41...50,protected_forest,1.1,kha
2021,aspen,51...60,protected_forest,3.2,kha
2021,aspen,61...70,protected_forest,3.6,kha
2021,aspen,71...80,protected_forest,4.2,kha
2021,aspen,81...90,protected_forest,1.5,kha
2021,aspen,91...100,protected_forest,0.7,kha
2021,aspen,no_trees,protected_forest,0.0,kha
2021,aspen,renewal_not_complete,protected_forest,0.9,kha
2021,birch,...10,production_forest,56.5,kha
2021,birch,101...110,production_forest,2.0,kha
2021,birch,11...20,production_forest,64.6,kha
2021,birch,111...120,production_forest,0.3,kha
2021,birch,121...130,production_forest,0.0,kha
2021,birch,131...140,production_forest,0.0,kha
2021,birch,141...,production_forest,0.0,kha
2021,birch,21...30,production_forest,67.5,kha
2021,birch,31...40,production_forest,61.6,kha
2021,birch,41...50,production_forest,75.4,kha
2021,birch,51...60,production_forest,77.3,kha
2021,birch,61...70,production_forest,65.0,kha
2021,birch,71...80,production_forest,40.2,kha
2021,birch,81...90,production_forest,18.1,kha
2021,birch,91...100,production_forest,6.3,kha
2021,birch,no_trees,production_forest,27.6,kha
2021,birch,renewal_not_complete,production_forest,25.7,kha
2021,birch,...10,protected_forest,2.4,kha
2021,birch,101...110,protected_forest,2.2,kha
2021,birch,11...20,protected_forest,3.8,kha
2021,birch,111...120,protected_forest,0.8,kha
2021,birch,121...130,protected_forest,0.3,kha
2021,birch,131...140,protected_forest,0.0,kha
2021,birch,141...,protected_forest,0.0,kha
2021,birch,21...30,protected_forest,7.4,kha
2021,birch,31...40,protected_forest,11.0,kha
2021,birch,41...50,protected_forest,11.7,kha
2021,birch,51...60,protected_forest,12.7,kha
2021,birch,61...70,protected_forest,16.7,kha
2021,birch,71...80,protected_forest,13.5,kha
2021,birch,81...90,protected_forest,9.9,kha
2021,birch,91...100,protected_forest,3.3,kha
2021,birch,no_trees,protected_forest,0.7,kha
2021,birch,renewal_not_complete,protected_forest,1.7,kha
2021,black_alder,...10,production_forest,14.7,kha
2021,black_alder,101...110,production_forest,0.2,kha
2021,black_alder,11...20,production_forest,7.9,kha
2021,black_alder,111...120,production_forest,0.0,kha
2021,black_alder,121...130,production_forest,0.0,kha
2021,black_alder,131...140,production_forest,0.2,kha
2021,black_alder,141...,production_forest,0.0,kha
2021,black_alder,21...30,production_forest,5.3,kha
2021,black_alder,31...40,production_forest,6.3,kha
2021,black_alder,41...50,production_forest,9.6,kha
2021,black_alder,51...60,production_forest,10.0,kha
2021,black_alder,61...70,production_forest,6.4,kha
2021,black_alder,71...80,production_forest,5.5,kha
2021,black_alder,81...90,production_forest,2.2,kha
2021,black_alder,91...100,production_forest,0.9,kha
2021,black_alder,no_trees,production_forest,4.0,kha
2021,black_alder,renewal_not_complete,production_forest,5.6,kha
2021,black_alder,...10,protected_forest,0.6,kha
2021,black_alder,101...110,protected_forest,0.6,kha
2021,black_alder,11...20,protected_forest,0.7,kha
2021,black_alder,111...120,protected_forest,0.4,kha
2021,black_alder,121...130,protected_forest,0.2,kha
2021,black_alder,131...140,protected_forest,0.0,kha
2021,black_alder,141...,protected_forest,0.0,kha
2021,black_alder,21...30,protected_forest,0.8,kha
2021,black_alder,31...40,protected_forest,1.8,kha
2021,black_alder,41...50,protected_forest,2.6,kha
2021,black_alder,51...60,protected_forest,3.5,kha
2021,black_alder,61...70,protected_forest,2.0,kha
2021,black_alder,71...80,protected_forest,1.5,kha
2021,black_alder,81...90,protected_forest,1.1,kha
2021,black_alder,91...100,protected_forest,0.3,kha
2021,black_alder,no_trees,protected_forest,0.3,kha
2021,black_alder,renewal_not_complete,protected_forest,0.2,kha
2021,grey_alder,...10,production_forest,47.9,kha
2021,grey_alder,101...110,production_forest,0.0,kha
2021,grey_alder,11...20,production_forest,45.9,kha
2021,grey_alder,111...120,production_forest,0.0,kha
2021,grey_alder,121...130,production_forest,0.0,kha
2021,grey_alder,131...140,production_forest,0.0,kha
2021,grey_alder,141...,production_forest,0.0,kha
2021,grey_alder,21...30,production_forest,34.0,kha
2021,grey_alder,31...40,production_forest,30.7,kha
2021,grey_alder,41...50,production_forest,18.4,kha
2021,grey_alder,51...60,production_forest,13.1,kha
2021,grey_alder,61...70,production_forest,4.2,kha
2021,grey_alder,71...80,production_forest,0.3,kha
2021,grey_alder,81...90,production_forest,0.0,kha
2021,grey_alder,91...100,production_forest,0.2,kha
2021,grey_alder,no_trees,production_forest,7.0,kha
2021,grey_alder,renewal_not_complete,production_forest,7.4,kha
2021,grey_alder,...10,protected_forest,0.7,kha
2021,grey_alder,101...110,protected_forest,0.0,kha
2021,grey_alder,11...20,protected_forest,1.2,kha
2021,grey_alder,111...120,protected_forest,0.0,kha
2021,grey_alder,121...130,protected_forest,0.0,kha
2021,grey_alder,131...140,protected_forest,0.0,kha
2021,grey_alder,141...,protected_forest,0.0,kha
2021,grey_alder,21...30,protected_forest,2.0,kha
2021,grey_alder,31...40,protected_forest,2.2,kha
2021,grey_alder,41...50,protected_forest,1.9,kha
2021,grey_alder,51...60,protected_forest,0.9,kha
2021,grey_alder,61...70,protected_forest,0.8,kha
2021,grey_alder,71...80,protected_forest,0.0,kha
2021,grey_alder,81...90,protected_forest,0.0,kha
2021,grey_alder,91...100,protected_forest,0.0,kha
2021,grey_alder,no_trees,protected_forest,0.0,kha
2021,grey_alder,renewal_not_complete,protected_forest,0.2,kha
2021,other,...10,production_forest,2.2,kha
2021,other,101...110,production_forest,1.4,kha
2021,other,11...20,production_forest,4.4,kha
2021,other,111...120,production_forest,1.1,kha
2021,other,121...130,production_forest,0.3,kha
2021,other,131...140,production_forest,0.0,kha
2021,other,141...,production_forest,0.3,kha
2021,other,21...30,production_forest,6.0,kha
2021,other,31...40,production_forest,2.8,kha
2021,other,41...50,production_forest,2.1,kha
2021,other,51...60,production_forest,1.5,kha
2021,other,61...70,production_forest,1.6,kha
2021,other,71...80,production_forest,1.1,kha
2021,other,81...90,production_forest,0.9,kha
2021,other,91...100,production_forest,2.2,kha
2021,other,no_trees,production_forest,1.1,kha
2021,other,renewal_not_complete,production_forest,1.5,kha
2021,other,...10,protected_forest,0.0,kha
2021,other,101...110,protected_forest,0.6,kha
2021,other,11...20,protected_forest,0.3,kha
2021,other,111...120,protected_forest,0.0,kha
2021,other,121...130,protected_forest,0.2,kha
2021,other,131...140,protected_forest,0.0,kha
2021,other,141...,protected_forest,0.3,kha
2021,other,21...30,protected_forest,0.1,kha
2021,other,31...40,protected_forest,0.2,kha
2021,other,41...50,protected_forest,0.1,kha
2021,other,51...60,protected_forest,0.7,kha
2021,other,61...70,protected_forest,0.7,kha
2021,other,71...80,protected_forest,0.3,kha
2021,other,81...90,protected_forest,0.7,kha
2021,other,91...100,protected_forest,0.6,kha
2021,other,no_trees,protected_forest,0.0,kha
2021,other,renewal_not_complete,protected_forest,0.0,kha
2021,pine,...10,production_forest,11.1,kha
2021,pine,101...110,production_forest,21.2,kha
2021,pine,11...20,production_forest,26.0,kha
2021,pine,111...120,production_forest,16.6,kha
2021,pine,121...130,production_forest,9.1,kha
2021,pine,131...140,production_forest,7.7,kha
2021,pine,141...,production_forest,9.5,kha
2021,pine,21...30,production_forest,24.4,kha
2021,pine,31...40,production_forest,28.4,kha
2021,pine,41...50,production_forest,35.2,kha
2021,pine,51...60,production_forest,53.1,kha
2021,pine,61...70,production_forest,71.2,kha
2021,pine,71...80,production_forest,70.7,kha
2021,pine,81...90,production_forest,55.3,kha
2021,pine,91...100,production_forest,40.1,kha
2021,pine,no_trees,production_forest,14.7,kha
2021,pine,renewal_not_complete,production_forest,25.5,kha
2021,pine,...10,protected_forest,0.6,kha
2021,pine,101...110,protected_forest,13.9,kha
2021,pine,11...20,protected_forest,1.5,kha
2021,pine,111...120,protected_forest,12.2,kha
2021,pine,121...130,protected_forest,9.0,kha
2021,pine,131...140,protected_forest,8.8,kha
2021,pine,141...,protected_forest,18.4,kha
2021,pine,21...30,protected_forest,3.7,kha
2021,pine,31...40,protected_forest,7.3,kha
2021,pine,41...50,protected_forest,10.5,kha
2021,pine,51...60,protected_forest,17.1,kha
2021,pine,61...70,protected_forest,20.5,kha
2021,pine,71...80,protected_forest,25.0,kha
2021,pine,81...90,protected_forest,19.2,kha
2021,pine,91...100,protected_forest,18.4,kha
2021,pine,no_trees,protected_forest,1.1,kha
2021,pine,renewal_not_complete,protected_forest,2.0,kha
2021,spruce,...10,production_forest,22.7,kha
2021,spruce,101...110,production_forest,4.5,kha
2021,spruce,11...20,production_forest,34.7,kha
2021,spruce,111...120,production_forest,3.4,kha
2021,spruce,121...130,production_forest,1.2,kha
2021,spruce,131...140,production_forest,1.4,kha
2021,spruce,141...,production_forest,0.6,kha
2021,spruce,21...30,production_forest,29.5,kha
2021,spruce,31...40,production_forest,40.6,kha
2021,spruce,41...50,production_forest,48.3,kha
2021,spruce,51...60,production_forest,31.8,kha
2021,spruce,61...70,production_forest,27.5,kha
2021,spruce,71...80,production_forest,29.7,kha
2021,spruce,81...90,production_forest,17.0,kha
2021,spruce,91...100,production_forest,9.1,kha
2021,spruce,no_trees,production_forest,19.0,kha
2021,spruce,renewal_not_complete,production_forest,42.3,kha
2021,spruce,...10,protected_forest,1.0,kha
2021,spruce,101...110,protected_forest,3.3,kha
2021,spruce,11...20,protected_forest,2.4,kha
2021,spruce,111...120,protected_forest,3.7,kha
2021,spruce,121...130,protected_forest,2.3,kha
2021,spruce,131...140,protected_forest,2.2,kha
2021,spruce,141...,protected_forest,1.9,kha
2021,spruce,21...30,protected_forest,4.2,kha
2021,spruce,31...40,protected_forest,6.3,kha
2021,spruce,41...50,protected_forest,9.3,kha
2021,spruce,51...60,protected_forest,6.4,kha
2021,spruce,61...70,protected_forest,6.1,kha
2021,spruce,71...80,protected_forest,6.5,kha
2021,spruce,81...90,protected_forest,5.5,kha
2021,spruce,91...100,protected_forest,4.1,kha
2021,spruce,no_trees,protected_forest,2.0,kha
2021,spruce,renewal_not_complete,protected_forest,1.0,kha
2022,aspen,...10,production_forest,28.5,kha
2022,aspen,101...110,production_forest,0.8,kha
2022,aspen,11...20,production_forest,17.9,kha
2022,aspen,111...120,production_forest,0.5,kha
2022,aspen,121...130,production_forest,0.0,kha
2022,aspen,131...140,production_forest,0.0,kha
2022,aspen,141...,production_forest,0.0,kha
2022,aspen,21...30,production_forest,11.1,kha
2022,aspen,31...40,production_forest,5.2,kha
2022,aspen,41...50,production_forest,6.8,kha
2022,aspen,51...60,production_forest,14.8,kha
2022,aspen,61...70,production_forest,11.7,kha
2022,aspen,71...80,production_forest,7.4,kha
2022,aspen,81...90,production_forest,3.6,kha
2022,aspen,91...100,production_forest,1.4,kha
2022,aspen,no_trees,production_forest,5.1,kha
2022,aspen,renewal_not_complete,production_forest,10.6,kha
2022,aspen,...10,protected_forest,1.9,kha
2022,aspen,101...110,protected_forest,0.8,kha
2022,aspen,11...20,protected_forest,1.4,kha
2022,aspen,111...120,protected_forest,0.3,kha
2022,aspen,121...130,protected_forest,0.0,kha
2022,aspen,131...140,protected_forest,0.0,kha
2022,aspen,141...,protected_forest,0.0,kha
2022,aspen,21...30,protected_forest,0.6,kha
2022,aspen,31...40,protected_forest,0.5,kha
2022,aspen,41...50,protected_forest,1.1,kha
2022,aspen,51...60,protected_forest,3.2,kha
2022,aspen,61...70,protected_forest,5.5,kha
2022,aspen,71...80,protected_forest,4.8,kha
2022,aspen,81...90,protected_forest,1.5,kha
2022,aspen,91...100,protected_forest,1.5,kha
2022,aspen,no_trees,protected_forest,0.2,kha
2022,aspen,renewal_not_complete,protected_forest,1.1,kha
2022,birch,...10,production_forest,60.1,kha
2022,birch,101...110,production_forest,1.9,kha
2022,birch,11...20,production_forest,57.1,kha
2022,birch,111...120,production_forest,0.2,kha
2022,birch,121...130,production_forest,0.0,kha
2022,birch,131...140,production_forest,0.0,kha
2022,birch,141...,production_forest,0.0,kha
2022,birch,21...30,production_forest,71.5,kha
2022,birch,31...40,production_forest,61.5,kha
2022,birch,41...50,production_forest,67.6,kha
2022,birch,51...60,production_forest,77.3,kha
2022,birch,61...70,production_forest,68.3,kha
2022,birch,71...80,production_forest,41.3,kha
2022,birch,81...90,production_forest,16.7,kha
2022,birch,91...100,production_forest,6.3,kha
2022,birch,no_trees,production_forest,31.2,kha
2022,birch,renewal_not_complete,production_forest,23.9,kha
2022,birch,...10,protected_forest,2.7,kha
2022,birch,101...110,protected_forest,2.4,kha
2022,birch,11...20,protected_forest,3.6,kha
2022,birch,111...120,protected_forest,0.9,kha
2022,birch,121...130,protected_forest,0.3,kha
2022,birch,131...140,protected_forest,0.0,kha
2022,birch,141...,protected_forest,0.0,kha
2022,birch,21...30,protected_forest,8.1,kha
2022,birch,31...40,protected_forest,10.0,kha
2022,birch,41...50,protected_forest,10.5,kha
2022,birch,51...60,protected_forest,13.4,kha
2022,birch,61...70,protected_forest,16.2,kha
2022,birch,71...80,protected_forest,15.3,kha
2022,birch,81...90,protected_forest,10.4,kha
2022,birch,91...100,protected_forest,4.3,kha
2022,birch,no_trees,protected_forest,1.4,kha
2022,birch,renewal_not_complete,protected_forest,2.0,kha
2022,black_alder,...10,production_forest,14.8,kha
2022,black_alder,101...110,production_forest,0.2,kha
2022,black_alder,11...20,production_forest,8.0,kha
2022,black_alder,111...120,production_forest,0.0,kha
2022,black_alder,121...130,production_forest,0.0,kha
2022,black_alder,131...140,production_forest,0.2,kha
2022,black_alder,141...,production_forest,0.0,kha
2022,black_alder,21...30,production_forest,6.0,kha
2022,black_alder,31...40,production_forest,6.3,kha
2022,black_alder,41...50,production_forest,8.6,kha
2022,black_alder,51...60,production_forest,9.1,kha
2022,black_alder,61...70,production_forest,5.6,kha
2022,black_alder,71...80,production_forest,4.9,kha
2022,black_alder,81...90,production_forest,2.3,kha
2022,black_alder,91...100,production_forest,0.9,kha
2022,black_alder,no_trees,production_forest,3.6,kha
2022,black_alder,renewal_not_complete,production_forest,5.4,kha
2022,black_alder,...10,protected_forest,1.0,kha
2022,black_alder,101...110,protected_forest,0.6,kha
2022,black_alder,11...20,protected_forest,0.8,kha
2022,black_alder,111...120,protected_forest,0.4,kha
2022,black_alder,121...130,protected_forest,0.2,kha
2022,black_alder,131...140,protected_forest,0.0,kha
2022,black_alder,141...,protected_forest,0.0,kha
2022,black_alder,21...30,protected_forest,0.5,kha
2022,black_alder,31...40,protected_forest,1.9,kha
2022,black_alder,41...50,protected_forest,3.0,kha
2022,black_alder,51...60,protected_forest,3.5,kha
2022,black_alder,61...70,protected_forest,3.5,kha
2022,black_alder,71...80,protected_forest,1.3,kha
2022,black_alder,81...90,protected_forest,1.9,kha
2022,black_alder,91...100,protected_forest,0.7,kha
2022,black_alder,no_trees,protected_forest,0.2,kha
2022,black_alder,renewal_not_complete,protected_forest,0.0,kha
2022,grey_alder,...10,production_forest,52.3,kha
2022,grey_alder,101...110,production_forest,0.0,kha
2022,grey_alder,11...20,production_forest,48.7,kha
2022,grey_alder,111...120,production_forest,0.0,kha
2022,grey_alder,121...130,production_forest,0.0,kha
2022,grey_alder,131...140,production_forest,0.0,kha
2022,grey_alder,141...,production_forest,0.0,kha
2022,grey_alder,21...30,production_forest,33.5,kha
2022,grey_alder,31...40,production_forest,30.5,kha
2022,grey_alder,41...50,production_forest,16.9,kha
2022,grey_alder,51...60,production_forest,13.6,kha
2022,grey_alder,61...70,production_forest,3.9,kha
2022,grey_alder,71...80,production_forest,0.3,kha
2022,grey_alder,81...90,production_forest,0.0,kha
2022,grey_alder,91...100,production_forest,0.2,kha
2022,grey_alder,no_trees,production_forest,7.0,kha
2022,grey_alder,renewal_not_complete,production_forest,7.9,kha
2022,grey_alder,...10,protected_forest,1.1,kha
2022,grey_alder,101...110,protected_forest,0.0,kha
2022,grey_alder,11...20,protected_forest,1.5,kha
2022,grey_alder,111...120,protected_forest,0.0,kha
2022,grey_alder,121...130,protected_forest,0.0,kha
2022,grey_alder,131...140,protected_forest,0.0,kha
2022,grey_alder,141...,protected_forest,0.0,kha
2022,grey_alder,21...30,protected_forest,2.4,kha
2022,grey_alder,31...40,protected_forest,2.8,kha
2022,grey_alder,41...50,protected_forest,1.9,kha
2022,grey_alder,51...60,protected_forest,1.4,kha
2022,grey_alder,61...70,protected_forest,0.7,kha
2022,grey_alder,71...80,protected_forest,0.0,kha
2022,grey_alder,81...90,protected_forest,0.0,kha
2022,grey_alder,91...100,protected_forest,0.0,kha
2022,grey_alder,no_trees,protected_forest,0.0,kha
2022,grey_alder,renewal_not_complete,protected_forest,0.3,kha
2022,other,...10,production_forest,2.2,kha
2022,other,101...110,production_forest,0.9,kha
2022,other,11...20,production_forest,4.6,kha
2022,other,111...120,production_forest,1.4,kha
2022,other,121...130,production_forest,0.3,kha
2022,other,131...140,production_forest,0.0,kha
2022,other,141...,production_forest,0.3,kha
2022,other,21...30,production_forest,5.7,kha
2022,other,31...40,production_forest,3.1,kha
2022,other,41...50,production_forest,2.2,kha
2022,other,51...60,production_forest,1.4,kha
2022,other,61...70,production_forest,1.4,kha
2022,other,71...80,production_forest,1.1,kha
2022,other,81...90,production_forest,0.8,kha
2022,other,91...100,production_forest,1.4,kha
2022,other,no_trees,production_forest,0.9,kha
2022,other,renewal_not_complete,production_forest,1.7,kha
2022,other,...10,protected_forest,0.2,kha
2022,other,101...110,protected_forest,1.0,kha
2022,other,11...20,protected_forest,0.2,kha
2022,other,111...120,protected_forest,0.2,kha
2022,other,121...130,protected_forest,0.2,kha
2022,other,131...140,protected_forest,0.0,kha
2022,other,141...,protected_forest,0.0,kha
2022,other,21...30,protected_forest,0.5,kha
2022,other,31...40,protected_forest,0.1,kha
2022,other,41...50,protected_forest,0.2,kha
2022,other,51...60,protected_forest,0.5,kha
2022,other,61...70,protected_forest,0.6,kha
2022,other,71...80,protected_forest,1.2,kha
2022,other,81...90,protected_forest,0.9,kha
2022,other,91...100,protected_forest,0.5,kha
2022,other,no_trees,protected_forest,0.0,kha
2022,other,renewal_not_complete,protected_forest,0.0,kha
2022,pine,...10,production_forest,15.0,kha
2022,pine,101...110,production_forest,19.4,kha
2022,pine,11...20,production_forest,23.4,kha
2022,pine,111...120,production_forest,15.6,kha
2022,pine,121...130,production_forest,8.0,kha
2022,pine,131...140,production_forest,6.8,kha
2022,pine,141...,production_forest,9.4,kha
2022,pine,21...30,production_forest,26.7,kha
2022,pine,31...40,production_forest,28.0,kha
2022,pine,41...50,production_forest,35.2,kha
2022,pine,51...60,production_forest,51.6,kha
2022,pine,61...70,production_forest,65.7,kha
2022,pine,71...80,production_forest,69.9,kha
2022,pine,81...90,production_forest,57.7,kha
2022,pine,91...100,production_forest,38.1,kha
2022,pine,no_trees,production_forest,16.1,kha
2022,pine,renewal_not_complete,production_forest,25.9,kha
2022,pine,...10,protected_forest,0.5,kha
2022,pine,101...110,protected_forest,13.7,kha
2022,pine,11...20,protected_forest,1.6,kha
2022,pine,111...120,protected_forest,13.6,kha
2022,pine,121...130,protected_forest,10.0,kha
2022,pine,131...140,protected_forest,9.2,kha
2022,pine,141...,protected_forest,20.6,kha
2022,pine,21...30,protected_forest,3.3,kha
2022,pine,31...40,protected_forest,6.3,kha
2022,pine,41...50,protected_forest,10.1,kha
2022,pine,51...60,protected_forest,15.1,kha
2022,pine,61...70,protected_forest,19.2,kha
2022,pine,71...80,protected_forest,24.0,kha
2022,pine,81...90,protected_forest,20.7,kha
2022,pine,91...100,protected_forest,19.9,kha
2022,pine,no_trees,protected_forest,1.6,kha
2022,pine,renewal_not_complete,protected_forest,3.1,kha
2022,spruce,...10,production_forest,23.4,kha
2022,spruce,101...110,production_forest,4.9,kha
2022,spruce,11...20,production_forest,36.9,kha
2022,spruce,111...120,production_forest,3.8,kha
2022,spruce,121...130,production_forest,1.1,kha
2022,spruce,131...140,production_forest,1.1,kha
2022,spruce,141...,production_forest,0.3,kha
2022,spruce,21...30,production_forest,31.9,kha
2022,spruce,31...40,production_forest,39.3,kha
2022,spruce,41...50,production_forest,46.8,kha
2022,spruce,51...60,production_forest,32.1,kha
2022,spruce,61...70,production_forest,26.9,kha
2022,spruce,71...80,production_forest,26.4,kha
2022,spruce,81...90,production_forest,14.8,kha
2022,spruce,91...100,production_forest,8.7,kha
2022,spruce,no_trees,production_forest,15.7,kha
2022,spruce,renewal_not_complete,production_forest,46.2,kha
2022,spruce,...10,protected_forest,1.1,kha
2022,spruce,101...110,protected_forest,3.1,kha
2022,spruce,11...20,protected_forest,2.2,kha
2022,spruce,111...120,protected_forest,3.5,kha
2022,spruce,121...130,protected_forest,2.1,kha
2022,spruce,131...140,protected_forest,2.4,kha
2022,spruce,141...,protected_forest,2.0,kha
2022,spruce,21...30,protected_forest,3.5,kha
2022,spruce,31...40,protected_forest,6.1,kha
2022,spruce,41...50,protected_forest,8.6,kha
2022,spruce,51...60,protected_forest,7.7,kha
2022,spruce,61...70,protected_forest,5.6,kha
2022,spruce,71...80,protected_forest,6.6,kha
2022,spruce,81...90,protected_forest,5.0,kha
2022,spruce,91...100,protected_forest,3.6,kha
2022,spruce,no_trees,protected_forest,1.8,kha
2022,spruce,renewal_not_complete,protected_forest,0.8,kha
2023,aspen,...10,production_forest,31.2,kha
2023,aspen,101...110,production_forest,0.8,kha
2023,aspen,11...20,production_forest,18.9,kha
2023,aspen,111...120,production_forest,0.5,kha
2023,aspen,121...130,production_forest,0.0,kha
2023,aspen,131...140,production_forest,0.0,kha
2023,aspen,141...,production_forest,0.0,kha
2023,aspen,21...30,production_forest,11.8,kha
2023,aspen,31...40,production_forest,5.3,kha
2023,aspen,41...50,production_forest,7.2,kha
2023,aspen,51...60,production_forest,12.5,kha
2023,aspen,61...70,production_forest,13.2,kha
2023,aspen,71...80,production_forest,7.4,kha
2023,aspen,81...90,production_forest,3.1,kha
2023,aspen,91...100,production_forest,1.3,kha
2023,aspen,no_trees,production_forest,4.2,kha
2023,aspen,renewal_not_complete,production_forest,9.8,kha
2023,aspen,...10,protected_forest,1.9,kha
2023,aspen,101...110,protected_forest,0.9,kha
2023,aspen,11...20,protected_forest,1.3,kha
2023,aspen,111...120,protected_forest,0.3,kha
2023,aspen,121...130,protected_forest,0.0,kha
2023,aspen,131...140,protected_forest,0.0,kha
2023,aspen,141...,protected_forest,0.0,kha
2023,aspen,21...30,protected_forest,0.9,kha
2023,aspen,31...40,protected_forest,0.3,kha
2023,aspen,41...50,protected_forest,1.1,kha
2023,aspen,51...60,protected_forest,2.6,kha
2023,aspen,61...70,protected_forest,5.9,kha
2023,aspen,71...80,protected_forest,4.7,kha
2023,aspen,81...90,protected_forest,3.2,kha
2023,aspen,91...100,protected_forest,1.3,kha
2023,aspen,no_trees,protected_forest,0.1,kha
2023,aspen,renewal_not_complete,protected_forest,0.8,kha
2023,birch,...10,production_forest,65.1,kha
2023,birch,101...110,production_forest,2.4,kha
2023,birch,11...20,production_forest,56.4,kha
2023,birch,111...120,production_forest,0.2,kha
2023,birch,121...130,production_forest,0.0,kha
2023,birch,131...140,production_forest,0.0,kha
2023,birch,141...,production_forest,0.0,kha
2023,birch,21...30,production_forest,76.8,kha
2023,birch,31...40,production_forest,61.3,kha
2023,birch,41...50,production_forest,63.6,kha
2023,birch,51...60,production_forest,77.5,kha
2023,birch,61...70,production_forest,69.5,kha
2023,birch,71...80,production_forest,41.3,kha
2023,birch,81...90,production_forest,16.0,kha
2023,birch,91...100,production_forest,6.7,kha
2023,birch,no_trees,production_forest,31.8,kha
2023,birch,renewal_not_complete,production_forest,23.3,kha
2023,birch,...10,protected_forest,2.7,kha
2023,birch,101...110,protected_forest,2.7,kha
2023,birch,11...20,protected_forest,3.0,kha
2023,birch,111...120,protected_forest,1.0,kha
2023,birch,121...130,protected_forest,0.3,kha
2023,birch,131...140,protected_forest,0.0,kha
2023,birch,141...,protected_forest,0.0,kha
2023,birch,21...30,protected_forest,7.7,kha
2023,birch,31...40,protected_forest,10.1,kha
2023,birch,41...50,protected_forest,10.2,kha
2023,birch,51...60,protected_forest,13.4,kha
2023,birch,61...70,protected_forest,16.9,kha
2023,birch,71...80,protected_forest,17.6,kha
2023,birch,81...90,protected_forest,11.4,kha
2023,birch,91...100,protected_forest,4.4,kha
2023,birch,no_trees,protected_forest,1.4,kha
2023,birch,renewal_not_complete,protected_forest,2.0,kha
2023,black_alder,...10,production_forest,15.4,kha
2023,black_alder,101...110,production_forest,0.2,kha
2023,black_alder,11...20,production_forest,8.3,kha
2023,black_alder,111...120,production_forest,0.0,kha
2023,black_alder,121...130,production_forest,0.0,kha
2023,black_alder,131...140,production_forest,0.2,kha
2023,black_alder,141...,production_forest,0.0,kha
2023,black_alder,21...30,production_forest,6.6,kha
2023,black_alder,31...40,production_forest,5.6,kha
2023,black_alder,41...50,production_forest,7.5,kha
2023,black_alder,51...60,production_forest,8.6,kha
2023,black_alder,61...70,production_forest,6.6,kha
2023,black_alder,71...80,production_forest,4.7,kha
2023,black_alder,81...90,production_forest,2.7,kha
2023,black_alder,91...100,production_forest,0.8,kha
2023,black_alder,no_trees,production_forest,4.7,kha
2023,black_alder,renewal_not_complete,production_forest,5.0,kha
2023,black_alder,...10,protected_forest,0.8,kha
2023,black_alder,101...110,protected_forest,0.6,kha
2023,black_alder,11...20,protected_forest,1.0,kha
2023,black_alder,111...120,protected_forest,0.2,kha
2023,black_alder,121...130,protected_forest,0.3,kha
2023,black_alder,131...140,protected_forest,0.0,kha
2023,black_alder,141...,protected_forest,0.0,kha
2023,black_alder,21...30,protected_forest,0.5,kha
2023,black_alder,31...40,protected_forest,1.9,kha
2023,black_alder,41...50,protected_forest,2.6,kha
2023,black_alder,51...60,protected_forest,3.8,kha
2023,black_alder,61...70,protected_forest,3.6,kha
2023,black_alder,71...80,protected_forest,2.1,kha
2023,black_alder,81...90,protected_forest,2.2,kha
2023,black_alder,91...100,protected_forest,1.1,kha
2023,black_alder,no_trees,protected_forest,0.2,kha
2023,black_alder,renewal_not_complete,protected_forest,0.0,kha
2023,grey_alder,...10,production_forest,54.4,kha
2023,grey_alder,101...110,production_forest,0.0,kha
2023,grey_alder,11...20,production_forest,46.7,kha
2023,grey_alder,111...120,production_forest,0.0,kha
2023,grey_alder,121...130,production_forest,0.0,kha
2023,grey_alder,131...140,production_forest,0.0,kha
2023,grey_alder,141...,production_forest,0.0,kha
2023,grey_alder,21...30,production_forest,34.7,kha
2023,grey_alder,31...40,production_forest,31.7,kha
2023,grey_alder,41...50,production_forest,18.0,kha
2023,grey_alder,51...60,production_forest,13.5,kha
2023,grey_alder,61...70,production_forest,4.4,kha
2023,grey_alder,71...80,production_forest,0.3,kha
2023,grey_alder,81...90,production_forest,0.0,kha
2023,grey_alder,91...100,production_forest,0.2,kha
2023,grey_alder,no_trees,production_forest,7.6,kha
2023,grey_alder,renewal_not_complete,production_forest,6.5,kha
2023,grey_alder,...10,protected_forest,0.9,kha
2023,grey_alder,101...110,protected_forest,0.0,kha
2023,grey_alder,11...20,protected_forest,1.5,kha
2023,grey_alder,111...120,protected_forest,0.0,kha
2023,grey_alder,121...130,protected_forest,0.0,kha
2023,grey_alder,131...140,protected_forest,0.0,kha
2023,grey_alder,141...,protected_forest,0.0,kha
2023,grey_alder,21...30,protected_forest,2.3,kha
2023,grey_alder,31...40,protected_forest,2.5,kha
2023,grey_alder,41...50,protected_forest,2.3,kha
2023,grey_alder,51...60,protected_forest,1.3,kha
2023,grey_alder,61...70,protected_forest,0.8,kha
2023,grey_alder,71...80,protected_forest,0.0,kha
2023,grey_alder,81...90,protected_forest,0.0,kha
2023,grey_alder,91...100,protected_forest,0.0,kha
2023,grey_alder,no_trees,protected_forest,0.0,kha
2023,grey_alder,renewal_not_complete,protected_forest,0.1,kha
2023,other,...10,production_forest,2.6,kha
2023,other,101...110,production_forest,0.9,kha
2023,other,11...20,production_forest,4.3,kha
2023,other,111...120,production_forest,0.8,kha
2023,other,121...130,production_forest,0.2,kha
2023,other,131...140,production_forest,0.0,kha
2023,other,141...,production_forest,0.3,kha
2023,other,21...30,production_forest,6.1,kha
2023,other,31...40,production_forest,3.9,kha
2023,other,41...50,production_forest,1.9,kha
2023,other,51...60,production_forest,1.4,kha
2023,other,61...70,production_forest,1.2,kha
2023,other,71...80,production_forest,1.4,kha
2023,other,81...90,production_forest,0.8,kha
2023,other,91...100,production_forest,1.6,kha
2023,other,no_trees,production_forest,0.9,kha
2023,other,renewal_not_complete,production_forest,1.6,kha
2023,other,...10,protected_forest,0.1,kha
2023,other,101...110,protected_forest,1.1,kha
2023,other,11...20,protected_forest,0.1,kha
2023,other,111...120,protected_forest,0.4,kha
2023,other,121...130,protected_forest,0.3,kha
2023,other,131...140,protected_forest,0.0,kha
2023,other,141...,protected_forest,0.0,kha
2023,other,21...30,protected_forest,0.5,kha
2023,other,31...40,protected_forest,0.0,kha
2023,other,41...50,protected_forest,0.1,kha
2023,other,51...60,protected_forest,0.4,kha
2023,other,61...70,protected_forest,0.7,kha
2023,other,71...80,protected_forest,1.3,kha
2023,other,81...90,protected_forest,0.8,kha
2023,other,91...100,protected_forest,0.4,kha
2023,other,no_trees,protected_forest,0.0,kha
2023,other,renewal_not_complete,protected_forest,0.0,kha
2023,pine,...10,production_forest,16.5,kha
2023,pine,101...110,production_forest,20.2,kha
2023,pine,11...20,production_forest,22.2,kha
2023,pine,111...120,production_forest,16.3,kha
2023,pine,121...130,production_forest,7.2,kha
2023,pine,131...140,production_forest,7.0,kha
2023,pine,141...,production_forest,10.6,kha
2023,pine,21...30,production_forest,26.6,kha
2023,pine,31...40,production_forest,28.3,kha
2023,pine,41...50,production_forest,33.2,kha
2023,pine,51...60,production_forest,49.4,kha
2023,pine,61...70,production_forest,59.8,kha
2023,pine,71...80,production_forest,70.7,kha
2023,pine,81...90,production_forest,53.2,kha
2023,pine,91...100,production_forest,38.6,kha
2023,pine,no_trees,production_forest,13.8,kha
2023,pine,renewal_not_complete,production_forest,27.7,kha
2023,pine,...10,protected_forest,0.5,kha
2023,pine,101...110,protected_forest,14.6,kha
2023,pine,11...20,protected_forest,1.7,kha
2023,pine,111...120,protected_forest,14.3,kha
2023,pine,121...130,protected_forest,10.4,kha
2023,pine,131...140,protected_forest,8.7,kha
2023,pine,141...,protected_forest,22.0,kha
2023,pine,21...30,protected_forest,2.7,kha
2023,pine,31...40,protected_forest,6.1,kha
2023,pine,41...50,protected_forest,9.8,kha
2023,pine,51...60,protected_forest,15.3,kha
2023,pine,61...70,protected_forest,19.5,kha
2023,pine,71...80,protected_forest,24.0,kha
2023,pine,81...90,protected_forest,20.2,kha
2023,pine,91...100,protected_forest,21.5,kha
2023,pine,no_trees,protected_forest,1.0,kha
2023,pine,renewal_not_complete,protected_forest,2.9,kha
2023,spruce,...10,production_forest,25.6,kha
2023,spruce,101...110,production_forest,5.7,kha
2023,spruce,11...20,production_forest,36.8,kha
2023,spruce,111...120,production_forest,3.4,kha
2023,spruce,121...130,production_forest,1.1,kha
2023,spruce,131...140,production_forest,1.2,kha
2023,spruce,141...,production_forest,0.3,kha
2023,spruce,21...30,production_forest,31.7,kha
2023,spruce,31...40,production_forest,38.2,kha
2023,spruce,41...50,production_forest,47.4,kha
2023,spruce,51...60,production_forest,32.7,kha
2023,spruce,61...70,production_forest,25.8,kha
2023,spruce,71...80,production_forest,22.7,kha
2023,spruce,81...90,production_forest,14.2,kha
2023,spruce,91...100,production_forest,8.5,kha
2023,spruce,no_trees,production_forest,14.7,kha
2023,spruce,renewal_not_complete,production_forest,50.0,kha
2023,spruce,...10,protected_forest,1.0,kha
2023,spruce,101...110,protected_forest,2.9,kha
2023,spruce,11...20,protected_forest,2.3,kha
2023,spruce,111...120,protected_forest,4.0,kha
2023,spruce,121...130,protected_forest,2.2,kha
2023,spruce,131...140,protected_forest,2.4,kha
2023,spruce,141...,protected_forest,2.2,kha
2023,spruce,21...30,protected_forest,3.2,kha
2023,spruce,31...40,protected_forest,5.8,kha
2023,spruce,41...50,protected_forest,8.9,kha
2023,spruce,51...60,protected_forest,7.3,kha
2023,spruce,61...70,protected_forest,4.4,kha
2023,spruce,71...80,protected_forest,7.1,kha
2023,spruce,81...90,protected_forest,5.2,kha
2023,spruce,91...100,protected_forest,3.9,kha
2023,spruce,no_trees,protected_forest,1.4,kha
2023,spruce,renewal_not_complete,protected_forest,0.7,kha
2024,aspen,...10,production_forest,34.9,kha
2024,aspen,101...110,production_forest,0.6,kha
2024,aspen,11...20,production_forest,20.2,kha
2024,aspen,111...120,production_forest,0.0,kha
2024,aspen,121...130,production_forest,0.2,kha
2024,aspen,131...140,production_forest,0.0,kha
2024,aspen,141...,production_forest,0.0,kha
2024,aspen,21...30,production_forest,12.2,kha
2024,aspen,31...40,production_forest,4.4,kha
2024,aspen,41...50,production_forest,5.3,kha
2024,aspen,51...60,production_forest,12.6,kha
2024,aspen,61...70,production_forest,13.2,kha
2024,aspen,71...80,production_forest,7.5,kha
2024,aspen,81...90,production_forest,2.9,kha
2024,aspen,91...100,production_forest,1.4,kha
2024,aspen,no_trees,production_forest,5.0,kha
2024,aspen,renewal_not_complete,production_forest,9.6,kha
2024,aspen,...10,protected_forest,2.2,kha
2024,aspen,101...110,protected_forest,0.6,kha
2024,aspen,11...20,protected_forest,1.4,kha
2024,aspen,111...120,protected_forest,0.3,kha
2024,aspen,121...130,protected_forest,0.0,kha
2024,aspen,131...140,protected_forest,0.0,kha
2024,aspen,141...,protected_forest,0.0,kha
2024,aspen,21...30,protected_forest,0.8,kha
2024,aspen,31...40,protected_forest,0.3,kha
2024,aspen,41...50,protected_forest,1.1,kha
2024,aspen,51...60,protected_forest,3.2,kha
2024,aspen,61...70,protected_forest,6.5,kha
2024,aspen,71...80,protected_forest,5.1,kha
2024,aspen,81...90,protected_forest,4.0,kha
2024,aspen,91...100,protected_forest,1.8,kha
2024,aspen,no_trees,protected_forest,0.2,kha
2024,aspen,renewal_not_complete,protected_forest,1.0,kha
2024,birch,...10,production_forest,68.1,kha
2024,birch,101...110,production_forest,3.5,kha
2024,birch,11...20,production_forest,55.2,kha
2024,birch,111...120,production_forest,0.3,kha
2024,birch,121...130,production_forest,0.2,kha
2024,birch,131...140,production_forest,0.0,kha
2024,birch,141...,production_forest,0.0,kha
2024,birch,21...30,production_forest,79.5,kha
2024,birch,31...40,production_forest,61.5,kha
2024,birch,41...50,production_forest,60.8,kha
2024,birch,51...60,production_forest,76.4,kha
2024,birch,61...70,production_forest,68.3,kha
2024,birch,71...80,production_forest,43.3,kha
2024,birch,81...90,production_forest,16.3,kha
2024,birch,91...100,production_forest,6.6,kha
2024,birch,no_trees,production_forest,32.2,kha
2024,birch,renewal_not_complete,production_forest,21.3,kha
2024,birch,...10,protected_forest,4.7,kha
2024,birch,101...110,protected_forest,2.9,kha
2024,birch,11...20,protected_forest,3.4,kha
2024,birch,111...120,protected_forest,1.1,kha
2024,birch,121...130,protected_forest,0.4,kha
2024,birch,131...140,protected_forest,0.0,kha
2024,birch,141...,protected_forest,0.0,kha
2024,birch,21...30,protected_forest,7.9,kha
2024,birch,31...40,protected_forest,9.5,kha
2024,birch,41...50,protected_forest,10.4,kha
2024,birch,51...60,protected_forest,13.0,kha
2024,birch,61...70,protected_forest,16.7,kha
2024,birch,71...80,protected_forest,17.4,kha
2024,birch,81...90,protected_forest,12.3,kha
2024,birch,91...100,protected_forest,5.0,kha
2024,birch,no_trees,protected_forest,1.7,kha
2024,birch,renewal_not_complete,protected_forest,1.5,kha
2024,black_alder,...10,production_forest,15.1,kha
2024,black_alder,101...110,production_forest,0.2,kha
2024,black_alder,11...20,production_forest,8.6,kha
2024,black_alder,111...120,production_forest,0.0,kha
2024,black_alder,121...130,production_forest,0.0,kha
2024,black_alder,131...140,production_forest,0.2,kha
2024,black_alder,141...,production_forest,0.0,kha
2024,black_alder,21...30,production_forest,7.2,kha
2024,black_alder,31...40,production_forest,5.1,kha
2024,black_alder,41...50,production_forest,7.8,kha
2024,black_alder,51...60,production_forest,8.9,kha
2024,black_alder,61...70,production_forest,7.2,kha
2024,black_alder,71...80,production_forest,4.4,kha
2024,black_alder,81...90,production_forest,2.7,kha
2024,black_alder,91...100,production_forest,0.9,kha
2024,black_alder,no_trees,production_forest,4.5,kha
2024,black_alder,renewal_not_complete,production_forest,4.1,kha
2024,black_alder,...10,protected_forest,0.9,kha
2024,black_alder,101...110,protected_forest,0.4,kha
2024,black_alder,11...20,protected_forest,0.8,kha
2024,black_alder,111...120,protected_forest,0.2,kha
2024,black_alder,121...130,protected_forest,0.2,kha
2024,black_alder,131...140,protected_forest,0.1,kha
2024,black_alder,141...,protected_forest,0.0,kha
2024,black_alder,21...30,protected_forest,0.9,kha
2024,black_alder,31...40,protected_forest,1.4,kha
2024,black_alder,41...50,protected_forest,2.9,kha
2024,black_alder,51...60,protected_forest,3.4,kha
2024,black_alder,61...70,protected_forest,3.2,kha
2024,black_alder,71...80,protected_forest,2.5,kha
2024,black_alder,81...90,protected_forest,2.9,kha
2024,black_alder,91...100,protected_forest,1.3,kha
2024,black_alder,no_trees,protected_forest,0.4,kha
2024,black_alder,renewal_not_complete,protected_forest,0.0,kha
2024,grey_alder,...10,production_forest,54.6,kha
2024,grey_alder,101...110,production_forest,0.0,kha
2024,grey_alder,11...20,production_forest,48.1,kha
2024,grey_alder,111...120,production_forest,0.0,kha
2024,grey_alder,121...130,production_forest,0.0,kha
2024,grey_alder,131...140,production_forest,0.0,kha
2024,grey_alder,141...,production_forest,0.0,kha
2024,grey_alder,21...30,production_forest,34.4,kha
2024,grey_alder,31...40,production_forest,31.1,kha
2024,grey_alder,41...50,production_forest,17.6,kha
2024,grey_alder,51...60,production_forest,13.8,kha
2024,grey_alder,61...70,production_forest,4.4,kha
2024,grey_alder,71...80,production_forest,0.5,kha
2024,grey_alder,81...90,production_forest,0.0,kha
2024,grey_alder,91...100,production_forest,0.2,kha
2024,grey_alder,no_trees,production_forest,6.7,kha
2024,grey_alder,renewal_not_complete,production_forest,5.8,kha
2024,grey_alder,...10,protected_forest,1.0,kha
2024,grey_alder,101...110,protected_forest,0.0,kha
2024,grey_alder,11...20,protected_forest,1.1,kha
2024,grey_alder,111...120,protected_forest,0.0,kha
2024,grey_alder,121...130,protected_forest,0.0,kha
2024,grey_alder,131...140,protected_forest,0.0,kha
2024,grey_alder,141...,protected_forest,0.0,kha
2024,grey_alder,21...30,protected_forest,1.8,kha
2024,grey_alder,31...40,protected_forest,2.1,kha
2024,grey_alder,41...50,protected_forest,2.7,kha
2024,grey_alder,51...60,protected_forest,1.4,kha
2024,grey_alder,61...70,protected_forest,1.1,kha
2024,grey_alder,71...80,protected_forest,0.0,kha
2024,grey_alder,81...90,protected_forest,0.0,kha
2024,grey_alder,91...100,protected_forest,0.0,kha
2024,grey_alder,no_trees,protected_forest,0.1,kha
2024,grey_alder,renewal_not_complete,protected_forest,0.1,kha
2024,other,...10,production_forest,2.9,kha
2024,other,101...110,production_forest,1.1,kha
2024,other,11...20,production_forest,4.2,kha
2024,other,111...120,production_forest,0.6,kha
2024,other,121...130,production_forest,0.3,kha
2024,other,131...140,production_forest,0.0,kha
2024,other,141...,production_forest,0.3,kha
2024,other,21...30,production_forest,5.6,kha
2024,other,31...40,production_forest,4.6,kha
2024,other,41...50,production_forest,2.0,kha
2024,other,51...60,production_forest,1.4,kha
2024,other,61...70,production_forest,1.2,kha
2024,other,71...80,production_forest,1.2,kha
2024,other,81...90,production_forest,0.8,kha
2024,other,91...100,production_forest,1.4,kha
2024,other,no_trees,production_forest,0.6,kha
2024,other,renewal_not_complete,production_forest,1.7,kha
2024,other,...10,protected_forest,0.2,kha
2024,other,101...110,protected_forest,1.3,kha
2024,other,11...20,protected_forest,0.1,kha
2024,other,111...120,protected_forest,0.5,kha
2024,other,121...130,protected_forest,0.4,kha
2024,other,131...140,protected_forest,0.0,kha
2024,other,141...,protected_forest,0.0,kha
2024,other,21...30,protected_forest,0.3,kha
2024,other,31...40,protected_forest,0.0,kha
2024,other,41...50,protected_forest,0.2,kha
2024,other,51...60,protected_forest,0.4,kha
2024,other,61...70,protected_forest,0.7,kha
2024,other,71...80,protected_forest,1.1,kha
2024,other,81...90,protected_forest,0.6,kha
2024,other,91...100,protected_forest,0.6,kha
2024,other,no_trees,protected_forest,0.0,kha
2024,other,renewal_not_complete,protected_forest,0.0,kha
2024,pine,...10,production_forest,17.2,kha
2024,pine,101...110,production_forest,18.2,kha
2024,pine,11...20,production_forest,20.6,kha
2024,pine,111...120,production_forest,18.6,kha
2024,pine,121...130,production_forest,6.6,kha
2024,pine,131...140,production_forest,6.5,kha
2024,pine,141...,production_forest,10.6,kha
2024,pine,21...30,production_forest,25.9,kha
2024,pine,31...40,production_forest,27.3,kha
2024,pine,41...50,production_forest,29.3,kha
2024,pine,51...60,production_forest,46.5,kha
2024,pine,61...70,production_forest,52.6,kha
2024,pine,71...80,production_forest,70.3,kha
2024,pine,81...90,production_forest,49.0,kha
2024,pine,91...100,production_forest,38.7,kha
2024,pine,no_trees,production_forest,11.7,kha
2024,pine,renewal_not_complete,production_forest,29.1,kha
2024,pine,...10,protected_forest,0.7,kha
2024,pine,101...110,protected_forest,17.5,kha
2024,pine,11...20,protected_forest,3.4,kha
2024,pine,111...120,protected_forest,14.3,kha
2024,pine,121...130,protected_forest,10.8,kha
2024,pine,131...140,protected_forest,9.4,kha
2024,pine,141...,protected_forest,23.1,kha
2024,pine,21...30,protected_forest,3.1,kha
2024,pine,31...40,protected_forest,5.6,kha
2024,pine,41...50,protected_forest,11.6,kha
2024,pine,51...60,protected_forest,15.5,kha
2024,pine,61...70,protected_forest,21.4,kha
2024,pine,71...80,protected_forest,25.9,kha
2024,pine,81...90,protected_forest,25.9,kha
2024,pine,91...100,protected_forest,24.1,kha
2024,pine,no_trees,protected_forest,1.7,kha
2024,pine,renewal_not_complete,protected_forest,2.7,kha
2024,spruce,...10,production_forest,27.2,kha
2024,spruce,101...110,production_forest,6.0,kha
2024,spruce,11...20,production_forest,37.7,kha
2024,spruce,111...120,production_forest,2.9,kha
2024,spruce,121...130,production_forest,1.4,kha
2024,spruce,131...140,production_forest,0.8,kha
2024,spruce,141...,production_forest,0.5,kha
2024,spruce,21...30,production_forest,33.1,kha
2024,spruce,31...40,production_forest,35.2,kha
2024,spruce,41...50,production_forest,43.6,kha
2024,spruce,51...60,production_forest,34.0,kha
2024,spruce,61...70,production_forest,24.3,kha
2024,spruce,71...80,production_forest,21.9,kha
2024,spruce,81...90,production_forest,15.2,kha
2024,spruce,91...100,production_forest,6.9,kha
2024,spruce,no_trees,production_forest,14.7,kha
2024,spruce,renewal_not_complete,production_forest,56.0,kha
2024,spruce,...10,protected_forest,1.2,kha
2024,spruce,101...110,protected_forest,3.7,kha
2024,spruce,11...20,protected_forest,3.7,kha
2024,spruce,111...120,protected_forest,3.9,kha
2024,spruce,121...130,protected_forest,2.7,kha
2024,spruce,131...140,protected_forest,1.9,kha
2024,spruce,141...,protected_forest,2.0,kha
2024,spruce,21...30,protected_forest,3.0,kha
2024,spruce,31...40,protected_forest,6.0,kha
2024,spruce,41...50,protected_forest,9.1,kha
2024,spruce,51...60,protected_forest,7.1,kha
2024,spruce,61...70,protected_forest,5.5,kha
2024,spruce,71...80,protected_forest,7.6,kha
2024,spruce,81...90,protected_forest,5.8,kha
2024,spruce,91...100,protected_forest,5.0,kha
2024,spruce,no_trees,protected_forest,1.6,kha
2024,spruce,renewal_not_complete,protected_forest,0.8,kha
