YEAR,MANAGED_BY,ECONOMIC_CATEGORY,DOMINANT_SPECIES,QUALITY_CLASS,AREA,UNIT,RELATIVE_ERROR_PERCENT
1999,other,production_forest,aspen,1,23.956192761,kha,0.235871543
1999,other,production_forest,aspen,1A,20.921249008,kha,0.258743916
1999,other,production_forest,aspen,2,23.817643712,kha,0.261825538
1999,other,production_forest,aspen,3,4.568806221,kha,0.608803403
1999,other,production_forest,aspen,4,,kha,0.0
1999,other,production_forest,aspen,5,,kha,0.0
1999,other,production_forest,aspen,5A-5B,,kha,0.0
1999,other,production_forest,birch,1,85.089332846,kha,0.161693489
1999,other,production_forest,birch,1A,22.31770463,kha,0.2824686
1999,other,production_forest,birch,2,156.743862558,kha,0.128740531
1999,other,production_forest,birch,3,112.351856449,kha,0.157729851
1999,other,production_forest,birch,4,25.046538366,kha,0.275353291
1999,other,production_forest,birch,5,7.995410887,kha,0.423167694
1999,other,production_forest,birch,5A-5B,,kha,0.0
1999,other,production_forest,black_alder,1,6.853209332,kha,0.521846528
1999,other,production_forest,black_alder,1A,,kha,0.0
1999,other,production_forest,black_alder,2,19.550378702,kha,0.262121865
1999,other,production_forest,black_alder,3,3.718208723,kha,0.685033176
1999,other,production_forest,black_alder,4,0.918901151,kha,0.997093491
1999,other,production_forest,black_alder,5,,kha,0.0
1999,other,production_forest,black_alder,5A-5B,,kha,0.0
1999,other,production_forest,grey_alder,1,87.468652906,kha,0.174532561
1999,other,production_forest,grey_alder,1A,2.284403111,kha,0.703738004
1999,other,production_forest,grey_alder,2,86.240900454,kha,0.144859014
1999,other,production_forest,grey_alder,3,6.47719658,kha,0.382409607
1999,other,production_forest,grey_alder,4,,kha,0.0
1999,other,production_forest,grey_alder,5,,kha,0.0
1999,other,production_forest,grey_alder,5A-5B,,kha,0.0
1999,other,production_forest,other,1,7.076509736,kha,0.390108242
1999,other,production_forest,other,1A,1.142201555,kha,0.998147748
1999,other,production_forest,other,2,2.963784596,kha,0.576402267
1999,other,production_forest,other,3,7.995410887,kha,0.423433905
1999,other,production_forest,other,4,1.142201555,kha,0.998147748
1999,other,production_forest,other,5,1.142201555,kha,0.997884288
1999,other,production_forest,other,5A-5B,,kha,0.0
1999,other,production_forest,pine,1,65.383157852,kha,0.1906506
1999,other,production_forest,pine,1A,11.400313724,kha,0.317869434
1999,other,production_forest,pine,2,72.627571217,kha,0.154075738
1999,other,production_forest,pine,3,93.036428607,kha,0.182999605
1999,other,production_forest,pine,4,36.161644361,kha,0.232697976
1999,other,production_forest,pine,5,18.275224885,kha,0.368608435
1999,other,production_forest,pine,5A-5B,9.137612443,kha,0.555223426
1999,other,production_forest,spruce,1,94.2496751,kha,0.142190794
1999,other,production_forest,spruce,1A,33.175358395,kha,0.21317847
1999,other,production_forest,spruce,2,49.346762235,kha,0.204078777
1999,other,production_forest,spruce,3,11.77198611,kha,0.329949553
1999,other,production_forest,spruce,4,1.337860682,kha,0.864048739
1999,other,production_forest,spruce,5,,kha,0.0
1999,other,production_forest,spruce,5A-5B,,kha,0.0
1999,other,protected_forest,aspen,1,1.142201555,kha,0.997093491
1999,other,protected_forest,aspen,1A,,kha,0.0
1999,other,protected_forest,aspen,2,6.853209332,kha,0.846621659
1999,other,protected_forest,aspen,3,,kha,0.0
1999,other,protected_forest,aspen,4,,kha,0.0
1999,other,protected_forest,aspen,5,,kha,0.0
1999,other,protected_forest,aspen,5A-5B,,kha,0.0
1999,other,protected_forest,birch,1,2.968810283,kha,0.58598702
1999,other,protected_forest,birch,1A,,kha,0.0
1999,other,protected_forest,birch,2,5.711007777,kha,0.524439517
1999,other,protected_forest,birch,3,8.453205271,kha,0.445885783
1999,other,protected_forest,birch,4,1.142201555,kha,0.997093491
1999,other,protected_forest,birch,5,2.284403111,kha,0.703738004
1999,other,protected_forest,birch,5A-5B,,kha,0.0
1999,other,protected_forest,black_alder,1,1.142201555,kha,0.997093491
1999,other,protected_forest,black_alder,1A,,kha,0.0
1999,other,protected_forest,black_alder,2,2.284403111,kha,0.702990329
1999,other,protected_forest,black_alder,3,1.142201555,kha,0.998147748
1999,other,protected_forest,black_alder,4,2.284403111,kha,0.998147748
1999,other,protected_forest,black_alder,5,1.142201555,kha,0.998147748
1999,other,protected_forest,black_alder,5A-5B,,kha,0.0
1999,other,protected_forest,grey_alder,1,,kha,0.0
1999,other,protected_forest,grey_alder,1A,,kha,0.0
1999,other,protected_forest,grey_alder,2,0.965617195,kha,0.845692827
1999,other,protected_forest,grey_alder,3,,kha,0.0
1999,other,protected_forest,grey_alder,4,,kha,0.0
1999,other,protected_forest,grey_alder,5,,kha,0.0
1999,other,protected_forest,grey_alder,5A-5B,,kha,0.0
1999,other,protected_forest,pine,1,2.284403111,kha,0.703738022
1999,other,protected_forest,pine,1A,,kha,0.0
1999,other,protected_forest,pine,2,8.279590634,kha,0.556951679
1999,other,protected_forest,pine,3,15.990821775,kha,0.50109926
1999,other,protected_forest,pine,4,3.426604666,kha,0.572913544
1999,other,protected_forest,pine,5,5.711007777,kha,0.524038289
1999,other,protected_forest,pine,5A-5B,5.711007777,kha,0.660210745
1999,other,protected_forest,spruce,1,1.142201555,kha,0.997093517
1999,other,protected_forest,spruce,1A,0.338662761,kha,0.997093491
1999,other,protected_forest,spruce,2,2.284403111,kha,0.703738004
1999,other,protected_forest,spruce,3,1.142201555,kha,0.998147748
1999,other,protected_forest,spruce,4,,kha,0.0
1999,other,protected_forest,spruce,5,,kha,0.0
1999,other,protected_forest,spruce,5A-5B,,kha,0.0
1999,state_forest_management_centre,production_forest,aspen,1,19.0788779,kha,0.290256794
1999,state_forest_management_centre,production_forest,aspen,1A,7.710203159,kha,0.420728744
1999,state_forest_management_centre,production_forest,aspen,2,4.568806221,kha,0.703738004
1999,state_forest_management_centre,production_forest,aspen,3,1.142201555,kha,0.998147748
1999,state_forest_management_centre,production_forest,aspen,4,,kha,0.0
1999,state_forest_management_centre,production_forest,aspen,5,,kha,0.0
1999,state_forest_management_centre,production_forest,aspen,5A-5B,,kha,0.0
1999,state_forest_management_centre,production_forest,birch,1,50.071260682,kha,0.240896736
1999,state_forest_management_centre,production_forest,birch,1A,8.781816658,kha,0.471599158
1999,state_forest_management_centre,production_forest,birch,2,65.388183539,kha,0.207595316
1999,state_forest_management_centre,production_forest,birch,3,38.374317214,kha,0.19030954
1999,state_forest_management_centre,production_forest,birch,4,9.137612443,kha,0.427489389
1999,state_forest_management_centre,production_forest,birch,5,1.142201555,kha,0.998147748
1999,state_forest_management_centre,production_forest,birch,5A-5B,,kha,0.0
1999,state_forest_management_centre,production_forest,black_alder,1,1.142201555,kha,0.998147748
1999,state_forest_management_centre,production_forest,black_alder,1A,,kha,0.0
1999,state_forest_management_centre,production_forest,black_alder,2,9.137612443,kha,0.388888468
1999,state_forest_management_centre,production_forest,black_alder,3,1.142201555,kha,0.997093491
1999,state_forest_management_centre,production_forest,black_alder,4,1.142201555,kha,0.998147748
1999,state_forest_management_centre,production_forest,black_alder,5,,kha,0.0
1999,state_forest_management_centre,production_forest,black_alder,5A-5B,,kha,0.0
1999,state_forest_management_centre,production_forest,grey_alder,1,6.181252157,kha,0.415240778
1999,state_forest_management_centre,production_forest,grey_alder,1A,,kha,0.0
1999,state_forest_management_centre,production_forest,grey_alder,2,3.558414725,kha,0.516203309
1999,state_forest_management_centre,production_forest,grey_alder,3,,kha,0.0
1999,state_forest_management_centre,production_forest,grey_alder,4,,kha,0.0
1999,state_forest_management_centre,production_forest,grey_alder,5,,kha,0.0
1999,state_forest_management_centre,production_forest,grey_alder,5A-5B,,kha,0.0
1999,state_forest_management_centre,production_forest,other,1,2.110445814,kha,0.706208864
1999,state_forest_management_centre,production_forest,other,1A,2.284403111,kha,0.702990348
1999,state_forest_management_centre,production_forest,other,2,3.426604666,kha,0.742397007
1999,state_forest_management_centre,production_forest,other,3,1.142201555,kha,0.997093491
1999,state_forest_management_centre,production_forest,other,4,,kha,0.0
1999,state_forest_management_centre,production_forest,other,5,,kha,0.0
1999,state_forest_management_centre,production_forest,other,5A-5B,,kha,0.0
1999,state_forest_management_centre,production_forest,pine,1,44.29766026,kha,0.285058518
1999,state_forest_management_centre,production_forest,pine,1A,3.728260097,kha,0.531495356
1999,state_forest_management_centre,production_forest,pine,2,66.186011325,kha,0.204833161
1999,state_forest_management_centre,production_forest,pine,3,75.559259949,kha,0.208362375
1999,state_forest_management_centre,production_forest,pine,4,39.614748103,kha,0.237754038
1999,state_forest_management_centre,production_forest,pine,5,22.125243668,kha,0.307864552
1999,state_forest_management_centre,production_forest,pine,5A-5B,14.19539515,kha,0.397050971
1999,state_forest_management_centre,production_forest,spruce,1,59.559186342,kha,0.21481421
1999,state_forest_management_centre,production_forest,spruce,1A,23.479323612,kha,0.276105416
1999,state_forest_management_centre,production_forest,spruce,2,35.525323875,kha,0.232635837
1999,state_forest_management_centre,production_forest,spruce,3,11.749370519,kha,0.330448244
1999,state_forest_management_centre,production_forest,spruce,4,5.011180884,kha,0.542690963
1999,state_forest_management_centre,production_forest,spruce,5,,kha,0.0
1999,state_forest_management_centre,production_forest,spruce,5A-5B,,kha,0.0
1999,state_forest_management_centre,protected_forest,aspen,1,4.568806221,kha,0.787223795
1999,state_forest_management_centre,protected_forest,aspen,1A,,kha,0.0
1999,state_forest_management_centre,protected_forest,aspen,2,,kha,0.0
1999,state_forest_management_centre,protected_forest,aspen,3,,kha,0.0
1999,state_forest_management_centre,protected_forest,aspen,4,,kha,0.0
1999,state_forest_management_centre,protected_forest,aspen,5,,kha,0.0
1999,state_forest_management_centre,protected_forest,aspen,5A-5B,,kha,0.0
1999,state_forest_management_centre,protected_forest,birch,1,2.284403111,kha,0.703738004
1999,state_forest_management_centre,protected_forest,birch,1A,,kha,0.0
1999,state_forest_management_centre,protected_forest,birch,2,10.279813998,kha,0.504602113
1999,state_forest_management_centre,protected_forest,birch,3,6.523569963,kha,0.625817696
1999,state_forest_management_centre,protected_forest,birch,4,6.853209332,kha,0.465960103
1999,state_forest_management_centre,protected_forest,birch,5,1.142201555,kha,0.997093491
1999,state_forest_management_centre,protected_forest,birch,5A-5B,,kha,0.0
1999,state_forest_management_centre,protected_forest,black_alder,1,2.284403111,kha,0.998147748
1999,state_forest_management_centre,protected_forest,black_alder,1A,,kha,0.0
1999,state_forest_management_centre,protected_forest,black_alder,2,1.142201555,kha,0.997093491
1999,state_forest_management_centre,protected_forest,black_alder,3,0.507594371,kha,0.998147748
1999,state_forest_management_centre,protected_forest,black_alder,4,1.142201555,kha,0.998147748
1999,state_forest_management_centre,protected_forest,black_alder,5,,kha,0.0
1999,state_forest_management_centre,protected_forest,black_alder,5A-5B,,kha,0.0
1999,state_forest_management_centre,protected_forest,grey_alder,1,0.820214937,kha,0.998147748
1999,state_forest_management_centre,protected_forest,grey_alder,1A,,kha,0.0
1999,state_forest_management_centre,protected_forest,grey_alder,2,,kha,0.0
1999,state_forest_management_centre,protected_forest,grey_alder,3,,kha,0.0
1999,state_forest_management_centre,protected_forest,grey_alder,4,,kha,0.0
1999,state_forest_management_centre,protected_forest,grey_alder,5,,kha,0.0
1999,state_forest_management_centre,protected_forest,grey_alder,5A-5B,,kha,0.0
1999,state_forest_management_centre,protected_forest,pine,1,8.126192965,kha,0.686520444
1999,state_forest_management_centre,protected_forest,pine,1A,,kha,0.0
1999,state_forest_management_centre,protected_forest,pine,2,13.034461489,kha,0.491451733
1999,state_forest_management_centre,protected_forest,pine,3,14.03377363,kha,0.315545968
1999,state_forest_management_centre,protected_forest,pine,4,10.800201027,kha,0.455859036
1999,state_forest_management_centre,protected_forest,pine,5,10.139780087,kha,0.41130401
1999,state_forest_management_centre,protected_forest,pine,5A-5B,7.903006782,kha,0.461030441
1999,state_forest_management_centre,protected_forest,spruce,1,2.600564501,kha,0.709059362
1999,state_forest_management_centre,protected_forest,spruce,1A,,kha,0.0
1999,state_forest_management_centre,protected_forest,spruce,2,5.394846386,kha,0.646126228
1999,state_forest_management_centre,protected_forest,spruce,3,3.540824822,kha,0.840685972
1999,state_forest_management_centre,protected_forest,spruce,4,,kha,0.0
1999,state_forest_management_centre,protected_forest,spruce,5,,kha,0.0
1999,state_forest_management_centre,protected_forest,spruce,5A-5B,,kha,0.0
2000,other,production_forest,aspen,1,29.419335893,kha,0.153190062
2000,other,production_forest,aspen,1A,13.280489806,kha,0.225349105
2000,other,production_forest,aspen,2,26.32071377,kha,0.190330003
2000,other,production_forest,aspen,3,5.045246333,kha,0.348146973
2000,other,production_forest,aspen,4,,kha,0.0
2000,other,production_forest,aspen,5,,kha,0.0
2000,other,production_forest,aspen,5A-5B,,kha,0.0
2000,other,production_forest,birch,1,75.805779147,kha,0.110494384
2000,other,production_forest,birch,1A,17.568108315,kha,0.207365459
2000,other,production_forest,birch,2,153.91191033,kha,0.085833668
2000,other,production_forest,birch,3,124.42154858,kha,0.10455235
2000,other,production_forest,birch,4,38.058983889,kha,0.171773037
2000,other,production_forest,birch,5,7.790308805,kha,0.328459475
2000,other,production_forest,birch,5A-5B,1.681748778,kha,0.574675217
2000,other,production_forest,black_alder,1,4.818714773,kha,0.434295062
2000,other,production_forest,black_alder,1A,,kha,0.0
2000,other,production_forest,black_alder,2,23.695503928,kha,0.189691866
2000,other,production_forest,black_alder,3,5.754888259,kha,0.323961107
2000,other,production_forest,black_alder,4,1.01157189,kha,0.708750337
2000,other,production_forest,black_alder,5,,kha,0.0
2000,other,production_forest,black_alder,5A-5B,,kha,0.0
2000,other,production_forest,grey_alder,1,70.157962227,kha,0.12662922
2000,other,production_forest,grey_alder,1A,3.363497555,kha,0.404881347
2000,other,production_forest,grey_alder,2,76.273585598,kha,0.097991793
2000,other,production_forest,grey_alder,3,9.839575749,kha,0.270216596
2000,other,production_forest,grey_alder,4,,kha,0.0
2000,other,production_forest,grey_alder,5,,kha,0.0
2000,other,production_forest,grey_alder,5A-5B,,kha,0.0
2000,other,production_forest,other,1,3.691718859,kha,0.375390441
2000,other,production_forest,other,1A,0.560582926,kha,0.99897456
2000,other,production_forest,other,2,4.379049584,kha,0.354005237
2000,other,production_forest,other,3,10.651075592,kha,0.274535849
2000,other,production_forest,other,4,1.121165852,kha,0.705290169
2000,other,production_forest,other,5,0.560582926,kha,0.998328752
2000,other,production_forest,other,5A-5B,,kha,0.0
2000,other,production_forest,pine,1,57.033875057,kha,0.131244099
2000,other,production_forest,pine,1A,12.518209144,kha,0.215485821
2000,other,production_forest,pine,2,92.501844662,kha,0.111909643
2000,other,production_forest,pine,3,108.120694027,kha,0.119739833
2000,other,production_forest,pine,4,45.097775223,kha,0.175177336
2000,other,production_forest,pine,5,21.302151184,kha,0.215295032
2000,other,production_forest,pine,5A-5B,10.986976881,kha,0.330954022
2000,other,production_forest,spruce,1,91.467737339,kha,0.100708411
2000,other,production_forest,spruce,1A,34.044032915,kha,0.139930173
2000,other,production_forest,spruce,2,59.501280805,kha,0.136074083
2000,other,production_forest,spruce,3,20.424951022,kha,0.199790933
2000,other,production_forest,spruce,4,3.844814056,kha,0.369079922
2000,other,production_forest,spruce,5,,kha,0.0
2000,other,production_forest,spruce,5A-5B,,kha,0.0
2000,other,protected_forest,aspen,1,1.681748778,kha,0.575273454
2000,other,protected_forest,aspen,1A,,kha,0.0
2000,other,protected_forest,aspen,2,3.924080481,kha,0.74108091
2000,other,protected_forest,aspen,3,,kha,0.0
2000,other,protected_forest,aspen,4,,kha,0.0
2000,other,protected_forest,aspen,5,,kha,0.0
2000,other,protected_forest,aspen,5A-5B,,kha,0.0
2000,other,protected_forest,birch,1,2.017650067,kha,0.425089309
2000,other,protected_forest,birch,1A,,kha,0.0
2000,other,protected_forest,birch,2,6.226394558,kha,0.349472912
2000,other,protected_forest,birch,3,6.53824684,kha,0.405215974
2000,other,protected_forest,birch,4,1.681748778,kha,0.575647025
2000,other,protected_forest,birch,5,2.242331704,kha,0.49859313
2000,other,protected_forest,birch,5A-5B,0.560582926,kha,0.999619951
2000,other,protected_forest,black_alder,1,0.560582926,kha,0.99900684
2000,other,protected_forest,black_alder,1A,,kha,0.0
2000,other,protected_forest,black_alder,2,1.121165852,kha,0.70604416
2000,other,protected_forest,black_alder,3,0.560582926,kha,0.99897456
2000,other,protected_forest,black_alder,4,1.121165852,kha,0.99897456
2000,other,protected_forest,black_alder,5,0.560582926,kha,0.99897456
2000,other,protected_forest,black_alder,5A-5B,,kha,0.0
2000,other,protected_forest,grey_alder,1,1.121165852,kha,0.705747235
2000,other,protected_forest,grey_alder,1A,,kha,0.0
2000,other,protected_forest,grey_alder,2,1.034499731,kha,0.665981709
2000,other,protected_forest,grey_alder,3,0.560582926,kha,0.999619951
2000,other,protected_forest,grey_alder,4,,kha,0.0
2000,other,protected_forest,grey_alder,5,,kha,0.0
2000,other,protected_forest,grey_alder,5A-5B,,kha,0.0
2000,other,protected_forest,pine,1,2.242331704,kha,0.498010715
2000,other,protected_forest,pine,1A,,kha,0.0
2000,other,protected_forest,pine,2,7.427051069,kha,0.355480836
2000,other,protected_forest,pine,3,8.969326815,kha,0.448647722
2000,other,protected_forest,pine,4,2.242331704,kha,0.497427605
2000,other,protected_forest,pine,5,5.045246333,kha,0.374449088
2000,other,protected_forest,pine,5A-5B,5.045246333,kha,0.455722937
2000,other,protected_forest,spruce,1,2.242331704,kha,0.611013214
2000,other,protected_forest,spruce,1A,0.166212838,kha,0.99897456
2000,other,protected_forest,spruce,2,3.924080481,kha,0.472064992
2000,other,protected_forest,spruce,3,0.560582926,kha,0.99897456
2000,other,protected_forest,spruce,4,,kha,0.0
2000,other,protected_forest,spruce,5,,kha,0.0
2000,other,protected_forest,spruce,5A-5B,,kha,0.0
2000,state_forest_management_centre,production_forest,aspen,1,15.557185243,kha,0.213646932
2000,state_forest_management_centre,production_forest,aspen,1A,7.366227821,kha,0.293541163
2000,state_forest_management_centre,production_forest,aspen,2,5.978729021,kha,0.371180751
2000,state_forest_management_centre,production_forest,aspen,3,1.950660407,kha,0.503768071
2000,state_forest_management_centre,production_forest,aspen,4,,kha,0.0
2000,state_forest_management_centre,production_forest,aspen,5,,kha,0.0
2000,state_forest_management_centre,production_forest,aspen,5A-5B,,kha,0.0
2000,state_forest_management_centre,production_forest,birch,1,51.803412125,kha,0.167096002
2000,state_forest_management_centre,production_forest,birch,1A,17.723165552,kha,0.247776126
2000,state_forest_management_centre,production_forest,birch,2,57.789372666,kha,0.152551987
2000,state_forest_management_centre,production_forest,birch,3,35.544489175,kha,0.139056157
2000,state_forest_management_centre,production_forest,birch,4,6.590324994,kha,0.332224892
2000,state_forest_management_centre,production_forest,birch,5,1.121165852,kha,0.705290169
2000,state_forest_management_centre,production_forest,birch,5A-5B,,kha,0.0
2000,state_forest_management_centre,production_forest,black_alder,1,3.848682078,kha,0.421090367
2000,state_forest_management_centre,production_forest,black_alder,1A,,kha,0.0
2000,state_forest_management_centre,production_forest,black_alder,2,10.806244946,kha,0.295084792
2000,state_forest_management_centre,production_forest,black_alder,3,2.332641613,kha,0.460671242
2000,state_forest_management_centre,production_forest,black_alder,4,0.560582926,kha,0.99897456
2000,state_forest_management_centre,production_forest,black_alder,5,,kha,0.0
2000,state_forest_management_centre,production_forest,black_alder,5A-5B,,kha,0.0
2000,state_forest_management_centre,production_forest,grey_alder,1,3.594289546,kha,0.384528933
2000,state_forest_management_centre,production_forest,grey_alder,1A,,kha,0.0
2000,state_forest_management_centre,production_forest,grey_alder,2,3.433906771,kha,0.369982273
2000,state_forest_management_centre,production_forest,grey_alder,3,,kha,0.0
2000,state_forest_management_centre,production_forest,grey_alder,4,,kha,0.0
2000,state_forest_management_centre,production_forest,grey_alder,5,,kha,0.0
2000,state_forest_management_centre,production_forest,grey_alder,5A-5B,,kha,0.0
2000,state_forest_management_centre,production_forest,other,1,1.596371998,kha,0.577618667
2000,state_forest_management_centre,production_forest,other,1A,1.121165852,kha,0.705655845
2000,state_forest_management_centre,production_forest,other,2,2.463986193,kha,0.562388961
2000,state_forest_management_centre,production_forest,other,3,0.661039386,kha,0.860641041
2000,state_forest_management_centre,production_forest,other,4,,kha,0.0
2000,state_forest_management_centre,production_forest,other,5,,kha,0.0
2000,state_forest_management_centre,production_forest,other,5A-5B,,kha,0.0
2000,state_forest_management_centre,production_forest,pine,1,41.318156962,kha,0.186487261
2000,state_forest_management_centre,production_forest,pine,1A,9.8149101,kha,0.299675673
2000,state_forest_management_centre,production_forest,pine,2,68.12652182,kha,0.131583893
2000,state_forest_management_centre,production_forest,pine,3,63.147928796,kha,0.144795669
2000,state_forest_management_centre,production_forest,pine,4,37.74836489,kha,0.178100236
2000,state_forest_management_centre,production_forest,pine,5,24.45486956,kha,0.206311265
2000,state_forest_management_centre,production_forest,pine,5A-5B,17.125864445,kha,0.249002293
2000,state_forest_management_centre,production_forest,spruce,1,56.176743763,kha,0.15331519
2000,state_forest_management_centre,production_forest,spruce,1A,24.529539205,kha,0.181286915
2000,state_forest_management_centre,production_forest,spruce,2,32.445362527,kha,0.149875572
2000,state_forest_management_centre,production_forest,spruce,3,14.769285941,kha,0.219445373
2000,state_forest_management_centre,production_forest,spruce,4,6.383525952,kha,0.356922861
2000,state_forest_management_centre,production_forest,spruce,5,0.560582926,kha,0.999619951
2000,state_forest_management_centre,production_forest,spruce,5A-5B,,kha,0.0
2000,state_forest_management_centre,protected_forest,aspen,1,2.80291463,kha,0.661622091
2000,state_forest_management_centre,protected_forest,aspen,1A,,kha,0.0
2000,state_forest_management_centre,protected_forest,aspen,2,0.560582926,kha,0.998457947
2000,state_forest_management_centre,protected_forest,aspen,3,,kha,0.0
2000,state_forest_management_centre,protected_forest,aspen,4,,kha,0.0
2000,state_forest_management_centre,protected_forest,aspen,5,,kha,0.0
2000,state_forest_management_centre,protected_forest,aspen,5A-5B,,kha,0.0
2000,state_forest_management_centre,protected_forest,birch,1,2.445991481,kha,0.464301536
2000,state_forest_management_centre,protected_forest,birch,1A,1.121165852,kha,0.706112677
2000,state_forest_management_centre,protected_forest,birch,2,13.453990222,kha,0.463041822
2000,state_forest_management_centre,protected_forest,birch,3,9.053750603,kha,0.453765955
2000,state_forest_management_centre,protected_forest,birch,4,6.890405034,kha,0.334262374
2000,state_forest_management_centre,protected_forest,birch,5,0.560582926,kha,0.99897456
2000,state_forest_management_centre,protected_forest,birch,5A-5B,0.560582926,kha,0.999619951
2000,state_forest_management_centre,protected_forest,black_alder,1,1.121165852,kha,0.99897456
2000,state_forest_management_centre,protected_forest,black_alder,1A,,kha,0.0
2000,state_forest_management_centre,protected_forest,black_alder,2,1.121165852,kha,0.705655845
2000,state_forest_management_centre,protected_forest,black_alder,3,0.479915043,kha,0.706172541
2000,state_forest_management_centre,protected_forest,black_alder,4,0.560582926,kha,0.99897456
2000,state_forest_management_centre,protected_forest,black_alder,5,,kha,0.0
2000,state_forest_management_centre,protected_forest,black_alder,5A-5B,,kha,0.0
2000,state_forest_management_centre,protected_forest,grey_alder,1,0.402554599,kha,0.99897456
2000,state_forest_management_centre,protected_forest,grey_alder,1A,,kha,0.0
2000,state_forest_management_centre,protected_forest,grey_alder,2,0.242900582,kha,0.999619951
2000,state_forest_management_centre,protected_forest,grey_alder,3,,kha,0.0
2000,state_forest_management_centre,protected_forest,grey_alder,4,,kha,0.0
2000,state_forest_management_centre,protected_forest,grey_alder,5,,kha,0.0
2000,state_forest_management_centre,protected_forest,grey_alder,5A-5B,,kha,0.0
2000,state_forest_management_centre,protected_forest,pine,1,6.026939153,kha,0.485832116
2000,state_forest_management_centre,protected_forest,pine,1A,0.560582926,kha,0.999619951
2000,state_forest_management_centre,protected_forest,pine,2,13.034393902,kha,0.306413328
2000,state_forest_management_centre,protected_forest,pine,3,16.041753124,kha,0.256912552
2000,state_forest_management_centre,protected_forest,pine,4,16.332751721,kha,0.273951912
2000,state_forest_management_centre,protected_forest,pine,5,10.958162919,kha,0.292780163
2000,state_forest_management_centre,protected_forest,pine,5A-5B,10.154343062,kha,0.290059077
2000,state_forest_management_centre,protected_forest,spruce,1,4.667861907,kha,0.46854988
2000,state_forest_management_centre,protected_forest,spruce,1A,,kha,0.0
2000,state_forest_management_centre,protected_forest,spruce,2,3.208328202,kha,0.562247276
2000,state_forest_management_centre,protected_forest,spruce,3,4.5407217,kha,0.547628726
2000,state_forest_management_centre,protected_forest,spruce,4,,kha,0.0
2000,state_forest_management_centre,protected_forest,spruce,5,,kha,0.0
2000,state_forest_management_centre,protected_forest,spruce,5A-5B,,kha,0.0
2001,other,production_forest,aspen,1,30.439452883,kha,0.120460628
2001,other,production_forest,aspen,1A,12.853331551,kha,0.220164584
2001,other,production_forest,aspen,2,25.54011858,kha,0.157242836
2001,other,production_forest,aspen,3,4.114981433,kha,0.312810846
2001,other,production_forest,aspen,4,,kha,0.0
2001,other,production_forest,aspen,5,,kha,0.0
2001,other,production_forest,aspen,5A-5B,,kha,0.0
2001,other,production_forest,birch,1,75.206672573,kha,0.086576869
2001,other,production_forest,birch,1A,16.228327095,kha,0.18201195
2001,other,production_forest,birch,2,155.059533272,kha,0.067519625
2001,other,production_forest,birch,3,119.612559484,kha,0.084364514
2001,other,production_forest,birch,4,35.397032878,kha,0.146977304
2001,other,production_forest,birch,5,10.435892185,kha,0.228794741
2001,other,production_forest,birch,5A-5B,1.122267664,kha,0.576307684
2001,other,production_forest,black_alder,1,4.506727665,kha,0.346613203
2001,other,production_forest,black_alder,1A,,kha,0.0
2001,other,production_forest,black_alder,2,24.46666956,kha,0.148827482
2001,other,production_forest,black_alder,3,8.465339804,kha,0.218290362
2001,other,production_forest,black_alder,4,1.797311663,kha,0.446873745
2001,other,production_forest,black_alder,5,,kha,0.0
2001,other,production_forest,black_alder,5A-5B,,kha,0.0
2001,other,production_forest,grey_alder,1,69.146539416,kha,0.097334941
2001,other,production_forest,grey_alder,1A,3.570457163,kha,0.333703112
2001,other,production_forest,grey_alder,2,77.254474378,kha,0.080966233
2001,other,production_forest,grey_alder,3,11.42139283,kha,0.213082259
2001,other,production_forest,grey_alder,4,0.748178442,kha,0.706093036
2001,other,production_forest,grey_alder,5,,kha,0.0
2001,other,production_forest,grey_alder,5A-5B,,kha,0.0
2001,other,production_forest,other,1,5.274470974,kha,0.262306388
2001,other,production_forest,other,1A,0.888050402,kha,0.615585544
2001,other,production_forest,other,2,3.984087614,kha,0.297167989
2001,other,production_forest,other,3,8.604052087,kha,0.251666666
2001,other,production_forest,other,4,2.244535327,kha,0.406410385
2001,other,production_forest,other,5,0.748178442,kha,0.705543531
2001,other,production_forest,other,5A-5B,,kha,0.0
2001,other,production_forest,pine,1,56.891937664,kha,0.105290498
2001,other,production_forest,pine,1A,12.938399439,kha,0.176446518
2001,other,production_forest,pine,2,94.488465527,kha,0.091582737
2001,other,production_forest,pine,3,99.983499506,kha,0.094853063
2001,other,production_forest,pine,4,43.782579451,kha,0.134320599
2001,other,production_forest,pine,5,23.209542732,kha,0.160766017
2001,other,production_forest,pine,5A-5B,9.950474012,kha,0.261872386
2001,other,production_forest,spruce,1,88.346967965,kha,0.076554946
2001,other,production_forest,spruce,1A,32.64650447,kha,0.11877995
2001,other,production_forest,spruce,2,64.060908681,kha,0.106304838
2001,other,production_forest,spruce,3,21.21400119,kha,0.15409801
2001,other,production_forest,spruce,4,3.313906775,kha,0.327778607
2001,other,production_forest,spruce,5,,kha,0.0
2001,other,production_forest,spruce,5A-5B,,kha,0.0
2001,other,protected_forest,aspen,1,1.496356885,kha,0.498565323
2001,other,protected_forest,aspen,1A,,kha,0.0
2001,other,protected_forest,aspen,2,2.618624548,kha,0.741611722
2001,other,protected_forest,aspen,3,,kha,0.0
2001,other,protected_forest,aspen,4,,kha,0.0
2001,other,protected_forest,aspen,5,,kha,0.0
2001,other,protected_forest,aspen,5A-5B,,kha,0.0
2001,other,protected_forest,birch,1,2.094600367,kha,0.370871496
2001,other,protected_forest,birch,1A,,kha,0.0
2001,other,protected_forest,birch,2,4.28305972,kha,0.340902962
2001,other,protected_forest,birch,3,4.737204035,kha,0.381743998
2001,other,protected_forest,birch,4,1.496356885,kha,0.498759763
2001,other,protected_forest,birch,5,1.870446106,kha,0.446014986
2001,other,protected_forest,birch,5A-5B,0.374089221,kha,0.999714592
2001,other,protected_forest,black_alder,1,0.374089221,kha,0.999304994
2001,other,protected_forest,black_alder,1A,,kha,0.0
2001,other,protected_forest,black_alder,2,0.748178442,kha,0.706047254
2001,other,protected_forest,black_alder,3,0.374089221,kha,1.000145564
2001,other,protected_forest,black_alder,4,0.748178442,kha,1.000145564
2001,other,protected_forest,black_alder,5,0.374089221,kha,1.000145564
2001,other,protected_forest,black_alder,5A-5B,,kha,0.0
2001,other,protected_forest,grey_alder,1,1.496356885,kha,0.611448311
2001,other,protected_forest,grey_alder,1A,,kha,0.0
2001,other,protected_forest,grey_alder,2,1.438522691,kha,0.486039004
2001,other,protected_forest,grey_alder,3,1.122267664,kha,0.744510114
2001,other,protected_forest,grey_alder,4,,kha,0.0
2001,other,protected_forest,grey_alder,5,,kha,0.0
2001,other,protected_forest,grey_alder,5A-5B,,kha,0.0
2001,other,protected_forest,pine,1,1.496356885,kha,0.498824566
2001,other,protected_forest,pine,1A,0.374089221,kha,0.999671493
2001,other,protected_forest,pine,2,6.426329095,kha,0.312664943
2001,other,protected_forest,pine,3,7.855873645,kha,0.37651716
2001,other,protected_forest,pine,4,2.992713769,kha,0.39361896
2001,other,protected_forest,pine,5,3.366802991,kha,0.375094533
2001,other,protected_forest,pine,5A-5B,3.366802991,kha,0.457201132
2001,other,protected_forest,spruce,1,1.496356885,kha,0.611377835
2001,other,protected_forest,spruce,1A,0.110917454,kha,0.998852084
2001,other,protected_forest,spruce,2,2.992713769,kha,0.432004171
2001,other,protected_forest,spruce,3,0.374089221,kha,0.999800798
2001,other,protected_forest,spruce,4,,kha,0.0
2001,other,protected_forest,spruce,5,,kha,0.0
2001,other,protected_forest,spruce,5A-5B,,kha,0.0
2001,state_forest_management_centre,production_forest,aspen,1,15.431853734,kha,0.166530381
2001,state_forest_management_centre,production_forest,aspen,1A,8.191282041,kha,0.258825523
2001,state_forest_management_centre,production_forest,aspen,2,5.486093246,kha,0.299601617
2001,state_forest_management_centre,production_forest,aspen,3,1.301718263,kha,0.50518352
2001,state_forest_management_centre,production_forest,aspen,4,,kha,0.0
2001,state_forest_management_centre,production_forest,aspen,5,,kha,0.0
2001,state_forest_management_centre,production_forest,aspen,5A-5B,,kha,0.0
2001,state_forest_management_centre,production_forest,birch,1,58.177270819,kha,0.121318551
2001,state_forest_management_centre,production_forest,birch,1A,15.567947393,kha,0.204498823
2001,state_forest_management_centre,production_forest,birch,2,68.705675269,kha,0.11989548
2001,state_forest_management_centre,production_forest,birch,3,35.342041762,kha,0.121263303
2001,state_forest_management_centre,production_forest,birch,4,9.774988758,kha,0.210109164
2001,state_forest_management_centre,production_forest,birch,5,1.122267664,kha,0.622782854
2001,state_forest_management_centre,production_forest,birch,5A-5B,,kha,0.0
2001,state_forest_management_centre,production_forest,black_alder,1,4.064666433,kha,0.335380023
2001,state_forest_management_centre,production_forest,black_alder,1A,,kha,0.0
2001,state_forest_management_centre,production_forest,black_alder,2,11.061182319,kha,0.229129874
2001,state_forest_management_centre,production_forest,black_alder,3,2.304801101,kha,0.385987014
2001,state_forest_management_centre,production_forest,black_alder,4,0.374089221,kha,0.999800807
2001,state_forest_management_centre,production_forest,black_alder,5,,kha,0.0
2001,state_forest_management_centre,production_forest,black_alder,5A-5B,,kha,0.0
2001,state_forest_management_centre,production_forest,grey_alder,1,4.697326124,kha,0.271153109
2001,state_forest_management_centre,production_forest,grey_alder,1A,0.374089221,kha,0.99936968
2001,state_forest_management_centre,production_forest,grey_alder,2,3.413788597,kha,0.311782048
2001,state_forest_management_centre,production_forest,grey_alder,3,,kha,0.0
2001,state_forest_management_centre,production_forest,grey_alder,4,,kha,0.0
2001,state_forest_management_centre,production_forest,grey_alder,5,,kha,0.0
2001,state_forest_management_centre,production_forest,grey_alder,5A-5B,,kha,0.0
2001,state_forest_management_centre,production_forest,other,1,1.813472318,kha,0.446763276
2001,state_forest_management_centre,production_forest,other,1A,0.748178442,kha,0.70548245
2001,state_forest_management_centre,production_forest,other,2,1.981251333,kha,0.482507296
2001,state_forest_management_centre,production_forest,other,3,0.44112601,kha,0.860550981
2001,state_forest_management_centre,production_forest,other,4,,kha,0.0
2001,state_forest_management_centre,production_forest,other,5,,kha,0.0
2001,state_forest_management_centre,production_forest,other,5A-5B,,kha,0.0
2001,state_forest_management_centre,production_forest,pine,1,40.469495672,kha,0.145437311
2001,state_forest_management_centre,production_forest,pine,1A,8.794239047,kha,0.260350264
2001,state_forest_management_centre,production_forest,pine,2,67.443610464,kha,0.107939356
2001,state_forest_management_centre,production_forest,pine,3,56.128047475,kha,0.123085808
2001,state_forest_management_centre,production_forest,pine,4,34.267208612,kha,0.14610121
2001,state_forest_management_centre,production_forest,pine,5,21.522138482,kha,0.168359385
2001,state_forest_management_centre,production_forest,pine,5A-5B,15.91753377,kha,0.213814624
2001,state_forest_management_centre,production_forest,spruce,1,61.650053286,kha,0.117222135
2001,state_forest_management_centre,production_forest,spruce,1A,27.601088326,kha,0.140969081
2001,state_forest_management_centre,production_forest,spruce,2,29.351489201,kha,0.129648647
2001,state_forest_management_centre,production_forest,spruce,3,13.290230352,kha,0.196527292
2001,state_forest_management_centre,production_forest,spruce,4,5.0188184,kha,0.321317231
2001,state_forest_management_centre,production_forest,spruce,5,0.748178442,kha,0.706459137
2001,state_forest_management_centre,production_forest,spruce,5A-5B,,kha,0.0
2001,state_forest_management_centre,protected_forest,aspen,1,2.244535327,kha,0.575659251
2001,state_forest_management_centre,protected_forest,aspen,1A,0.86661509,kha,0.623667988
2001,state_forest_management_centre,protected_forest,aspen,2,0.374089221,kha,0.999283431
2001,state_forest_management_centre,protected_forest,aspen,3,,kha,0.0
2001,state_forest_management_centre,protected_forest,aspen,4,,kha,0.0
2001,state_forest_management_centre,protected_forest,aspen,5,,kha,0.0
2001,state_forest_management_centre,protected_forest,aspen,5A-5B,,kha,0.0
2001,state_forest_management_centre,protected_forest,birch,1,1.632263499,kha,0.464797218
2001,state_forest_management_centre,protected_forest,birch,1A,0.748178442,kha,0.706398134
2001,state_forest_management_centre,protected_forest,birch,2,10.848587414,kha,0.386384057
2001,state_forest_management_centre,protected_forest,birch,3,6.789943818,kha,0.411673338
2001,state_forest_management_centre,protected_forest,birch,4,6.094474547,kha,0.279993384
2001,state_forest_management_centre,protected_forest,birch,5,0.374089221,kha,0.998852084
2001,state_forest_management_centre,protected_forest,birch,5A-5B,0.374089221,kha,0.999714592
2001,state_forest_management_centre,protected_forest,black_alder,1,0.748178442,kha,0.999800798
2001,state_forest_management_centre,protected_forest,black_alder,1A,,kha,0.0
2001,state_forest_management_centre,protected_forest,black_alder,2,1.122267664,kha,0.575409661
2001,state_forest_management_centre,protected_forest,black_alder,3,0.320257782,kha,0.706989217
2001,state_forest_management_centre,protected_forest,black_alder,4,0.374089221,kha,1.000145564
2001,state_forest_management_centre,protected_forest,black_alder,5,,kha,0.0
2001,state_forest_management_centre,protected_forest,black_alder,5A-5B,,kha,0.0
2001,state_forest_management_centre,protected_forest,grey_alder,1,0.26863347,kha,1.000145568
2001,state_forest_management_centre,protected_forest,grey_alder,1A,,kha,0.0
2001,state_forest_management_centre,protected_forest,grey_alder,2,0.16209286,kha,0.999714592
2001,state_forest_management_centre,protected_forest,grey_alder,3,,kha,0.0
2001,state_forest_management_centre,protected_forest,grey_alder,4,,kha,0.0
2001,state_forest_management_centre,protected_forest,grey_alder,5,,kha,0.0
2001,state_forest_management_centre,protected_forest,grey_alder,5A-5B,,kha,0.0
2001,state_forest_management_centre,protected_forest,pine,1,5.875781988,kha,0.361138478
2001,state_forest_management_centre,protected_forest,pine,1A,0.374089221,kha,0.999714592
2001,state_forest_management_centre,protected_forest,pine,2,13.610749997,kha,0.238639997
2001,state_forest_management_centre,protected_forest,pine,3,15.378246749,kha,0.237210855
2001,state_forest_management_centre,protected_forest,pine,4,15.767561401,kha,0.21999436
2001,state_forest_management_centre,protected_forest,pine,5,13.678722008,kha,0.242681047
2001,state_forest_management_centre,protected_forest,pine,5A-5B,11.917061048,kha,0.266703878
2001,state_forest_management_centre,protected_forest,spruce,1,4.985412233,kha,0.383421686
2001,state_forest_management_centre,protected_forest,spruce,1A,,kha,0.0
2001,state_forest_management_centre,protected_forest,spruce,2,2.889165873,kha,0.455062367
2001,state_forest_management_centre,protected_forest,spruce,3,3.778301134,kha,0.461236503
2001,state_forest_management_centre,protected_forest,spruce,4,,kha,0.0
2001,state_forest_management_centre,protected_forest,spruce,5,,kha,0.0
2001,state_forest_management_centre,protected_forest,spruce,5A-5B,,kha,0.0
2002,other,production_forest,aspen,1,33.41795204,kha,0.104328142
2002,other,production_forest,aspen,1A,11.205573282,kha,0.193460395
2002,other,production_forest,aspen,2,27.095447689,kha,0.126515131
2002,other,production_forest,aspen,3,3.379330362,kha,0.295245509
2002,other,production_forest,aspen,4,,kha,0.0
2002,other,production_forest,aspen,5,,kha,0.0
2002,other,production_forest,aspen,5A-5B,,kha,0.0
2002,other,production_forest,birch,1,78.012407675,kha,0.073092622
2002,other,production_forest,birch,1A,17.293659895,kha,0.141384106
2002,other,production_forest,birch,2,155.07184602,kha,0.058140618
2002,other,production_forest,birch,3,113.139668453,kha,0.07747693
2002,other,production_forest,birch,4,34.149469767,kha,0.129371029
2002,other,production_forest,birch,5,8.30077017,kha,0.219643232
2002,other,production_forest,birch,5A-5B,0.832942339,kha,0.577329003
2002,other,production_forest,black_alder,1,3.900169207,kha,0.313857198
2002,other,production_forest,black_alder,1A,,kha,0.0
2002,other,production_forest,black_alder,2,22.60141836,kha,0.132851306
2002,other,production_forest,black_alder,3,9.059414052,kha,0.176317878
2002,other,production_forest,black_alder,4,1.333957155,kha,0.447953791
2002,other,production_forest,black_alder,5,,kha,0.0
2002,other,production_forest,black_alder,5A-5B,,kha,0.0
2002,other,production_forest,grey_alder,1,70.127636673,kha,0.082757822
2002,other,production_forest,grey_alder,1A,4.214715998,kha,0.28237637
2002,other,production_forest,grey_alder,2,74.424286433,kha,0.073414845
2002,other,production_forest,grey_alder,3,11.083574994,kha,0.186388625
2002,other,production_forest,grey_alder,4,0.832942339,kha,0.471062183
2002,other,production_forest,grey_alder,5,,kha,0.0
2002,other,production_forest,grey_alder,5A-5B,,kha,0.0
2002,other,production_forest,other,1,5.025279953,kha,0.226249273
2002,other,production_forest,other,1A,0.659107273,kha,0.615974502
2002,other,production_forest,other,2,6.742168466,kha,0.211833354
2002,other,production_forest,other,3,6.941186156,kha,0.238738989
2002,other,production_forest,other,4,2.713892728,kha,0.311102123
2002,other,production_forest,other,5,0.555294892,kha,0.705929152
2002,other,production_forest,other,5A-5B,,kha,0.0
2002,other,production_forest,pine,1,56.53468406,kha,0.090603808
2002,other,production_forest,pine,1A,11.698008793,kha,0.157710946
2002,other,production_forest,pine,2,96.281415284,kha,0.076484901
2002,other,production_forest,pine,3,91.295811151,kha,0.083187384
2002,other,production_forest,pine,4,39.31818239,kha,0.117708717
2002,other,production_forest,pine,5,19.416246856,kha,0.147573582
2002,other,production_forest,pine,5A-5B,9.051084629,kha,0.231634163
2002,other,production_forest,spruce,1,85.522687801,kha,0.068163279
2002,other,production_forest,spruce,1A,32.852356427,kha,0.10539812
2002,other,production_forest,spruce,2,62.679382987,kha,0.083853593
2002,other,production_forest,spruce,3,20.653305053,kha,0.136315451
2002,other,production_forest,spruce,4,3.285263407,kha,0.308696462
2002,other,production_forest,spruce,5,,kha,0.0
2002,other,production_forest,spruce,5A-5B,0.277647446,kha,0.999710886
2002,other,protected_forest,aspen,1,1.388237231,kha,0.399788273
2002,other,protected_forest,aspen,1A,,kha,0.0
2002,other,protected_forest,aspen,2,1.943532124,kha,0.741539661
2002,other,protected_forest,aspen,3,,kha,0.0
2002,other,protected_forest,aspen,4,,kha,0.0
2002,other,protected_forest,aspen,5,,kha,0.0
2002,other,protected_forest,aspen,5A-5B,,kha,0.0
2002,other,protected_forest,birch,1,3.220488258,kha,0.407012985
2002,other,protected_forest,birch,1A,,kha,0.0
2002,other,protected_forest,birch,2,3.545807771,kha,0.316566396
2002,other,protected_forest,birch,3,5.737112476,kha,0.295366333
2002,other,protected_forest,birch,4,1.665884677,kha,0.407604897
2002,other,protected_forest,birch,5,1.388237231,kha,0.44615174
2002,other,protected_forest,birch,5A-5B,0.555294892,kha,0.706923782
2002,other,protected_forest,black_alder,1,0.277647446,kha,0.999279507
2002,other,protected_forest,black_alder,1A,,kha,0.0
2002,other,protected_forest,black_alder,2,0.555294892,kha,0.706392729
2002,other,protected_forest,black_alder,3,0.277647446,kha,1.000285765
2002,other,protected_forest,black_alder,4,0.555294892,kha,1.000285765
2002,other,protected_forest,black_alder,5,0.277647446,kha,1.000285765
2002,other,protected_forest,black_alder,5A-5B,,kha,0.0
2002,other,protected_forest,grey_alder,1,1.110589785,kha,0.6117697
2002,other,protected_forest,grey_alder,1A,,kha,0.0
2002,other,protected_forest,grey_alder,2,1.900607828,kha,0.425473121
2002,other,protected_forest,grey_alder,3,0.832942339,kha,0.744567819
2002,other,protected_forest,grey_alder,4,,kha,0.0
2002,other,protected_forest,grey_alder,5,,kha,0.0
2002,other,protected_forest,grey_alder,5A-5B,,kha,0.0
2002,other,protected_forest,pine,1,1.110589785,kha,0.49935757
2002,other,protected_forest,pine,1A,0.277647446,kha,0.999838672
2002,other,protected_forest,pine,2,6.435479097,kha,0.275944114
2002,other,protected_forest,pine,3,7.496481048,kha,0.315647829
2002,other,protected_forest,pine,4,3.843751246,kha,0.317408196
2002,other,protected_forest,pine,5,3.887064247,kha,0.30592582
2002,other,protected_forest,pine,5A-5B,5.275301478,kha,0.310986545
2002,other,protected_forest,spruce,1,1.665884677,kha,0.469998793
2002,other,protected_forest,spruce,1A,0.359969914,kha,0.804064901
2002,other,protected_forest,spruce,2,4.44235914,kha,0.341410966
2002,other,protected_forest,spruce,3,0.555294892,kha,0.707420571
2002,other,protected_forest,spruce,4,0.277647446,kha,1.000413475
2002,other,protected_forest,spruce,5,,kha,0.0
2002,other,protected_forest,spruce,5A-5B,,kha,0.0
2002,state_forest_management_centre,production_forest,aspen,1,16.728758401,kha,0.161538889
2002,state_forest_management_centre,production_forest,aspen,1A,8.578362087,kha,0.211419139
2002,state_forest_management_centre,production_forest,aspen,2,4.349402775,kha,0.289076596
2002,state_forest_management_centre,production_forest,aspen,3,0.966129819,kha,0.506242733
2002,state_forest_management_centre,production_forest,aspen,4,,kha,0.0
2002,state_forest_management_centre,production_forest,aspen,5,,kha,0.0
2002,state_forest_management_centre,production_forest,aspen,5A-5B,,kha,0.0
2002,state_forest_management_centre,production_forest,birch,1,58.338115282,kha,0.103224399
2002,state_forest_management_centre,production_forest,birch,1A,16.860724232,kha,0.167260658
2002,state_forest_management_centre,production_forest,birch,2,72.93567965,kha,0.09369976
2002,state_forest_management_centre,production_forest,birch,3,33.863853839,kha,0.105073291
2002,state_forest_management_centre,production_forest,birch,4,10.586724889,kha,0.178366496
2002,state_forest_management_centre,production_forest,birch,5,1.665884677,kha,0.486194039
2002,state_forest_management_centre,production_forest,birch,5A-5B,,kha,0.0
2002,state_forest_management_centre,production_forest,black_alder,1,4.295233758,kha,0.258524659
2002,state_forest_management_centre,production_forest,black_alder,1A,,kha,0.0
2002,state_forest_management_centre,production_forest,black_alder,2,9.597800215,kha,0.198931424
2002,state_forest_management_centre,production_forest,black_alder,3,2.718251793,kha,0.310986043
2002,state_forest_management_centre,production_forest,black_alder,4,0.528724032,kha,0.7078277
2002,state_forest_management_centre,production_forest,black_alder,5,,kha,0.0
2002,state_forest_management_centre,production_forest,black_alder,5A-5B,,kha,0.0
2002,state_forest_management_centre,production_forest,grey_alder,1,4.596925473,kha,0.215977188
2002,state_forest_management_centre,production_forest,grey_alder,1A,0.555294892,kha,0.707149641
2002,state_forest_management_centre,production_forest,grey_alder,2,3.439524329,kha,0.268658845
2002,state_forest_management_centre,production_forest,grey_alder,3,,kha,0.0
2002,state_forest_management_centre,production_forest,grey_alder,4,,kha,0.0
2002,state_forest_management_centre,production_forest,grey_alder,5,,kha,0.0
2002,state_forest_management_centre,production_forest,grey_alder,5A-5B,,kha,0.0
2002,state_forest_management_centre,production_forest,other,1,1.345951525,kha,0.447173343
2002,state_forest_management_centre,production_forest,other,1A,0.555294892,kha,0.706336217
2002,state_forest_management_centre,production_forest,other,2,1.470476405,kha,0.483347558
2002,state_forest_management_centre,production_forest,other,3,0.327401869,kha,0.861072304
2002,state_forest_management_centre,production_forest,other,4,,kha,0.0
2002,state_forest_management_centre,production_forest,other,5,,kha,0.0
2002,state_forest_management_centre,production_forest,other,5A-5B,,kha,0.0
2002,state_forest_management_centre,production_forest,pine,1,40.939976653,kha,0.122295849
2002,state_forest_management_centre,production_forest,pine,1A,7.915284456,kha,0.232001439
2002,state_forest_management_centre,production_forest,pine,2,74.793807419,kha,0.094958627
2002,state_forest_management_centre,production_forest,pine,3,60.018687509,kha,0.101520189
2002,state_forest_management_centre,production_forest,pine,4,30.894997461,kha,0.127330984
2002,state_forest_management_centre,production_forest,pine,5,20.233890821,kha,0.146303202
2002,state_forest_management_centre,production_forest,pine,5A-5B,14.86804851,kha,0.185690436
2002,state_forest_management_centre,production_forest,spruce,1,62.121394914,kha,0.098124287
2002,state_forest_management_centre,production_forest,spruce,1A,27.903818229,kha,0.113434179
2002,state_forest_management_centre,production_forest,spruce,2,29.034953925,kha,0.116572329
2002,state_forest_management_centre,production_forest,spruce,3,12.52462077,kha,0.174602314
2002,state_forest_management_centre,production_forest,spruce,4,3.724945903,kha,0.321775239
2002,state_forest_management_centre,production_forest,spruce,5,0.555294892,kha,0.706381432
2002,state_forest_management_centre,production_forest,spruce,5A-5B,,kha,0.0
2002,state_forest_management_centre,protected_forest,aspen,1,2.355366581,kha,0.458546756
2002,state_forest_management_centre,protected_forest,aspen,1A,0.643198074,kha,0.624155607
2002,state_forest_management_centre,protected_forest,aspen,2,0.277647446,kha,0.99990255
2002,state_forest_management_centre,protected_forest,aspen,3,,kha,0.0
2002,state_forest_management_centre,protected_forest,aspen,4,,kha,0.0
2002,state_forest_management_centre,protected_forest,aspen,5,,kha,0.0
2002,state_forest_management_centre,protected_forest,aspen,5A-5B,,kha,0.0
2002,state_forest_management_centre,protected_forest,birch,1,2.883979553,kha,0.387128358
2002,state_forest_management_centre,protected_forest,birch,1A,1.665884677,kha,0.576609399
2002,state_forest_management_centre,protected_forest,birch,2,9.717660618,kha,0.332592449
2002,state_forest_management_centre,protected_forest,birch,3,5.317115184,kha,0.393859046
2002,state_forest_management_centre,protected_forest,birch,4,4.52329337,kha,0.280771421
2002,state_forest_management_centre,protected_forest,birch,5,1.110589785,kha,0.790122841
2002,state_forest_management_centre,protected_forest,birch,5A-5B,0.277647446,kha,0.999327447
2002,state_forest_management_centre,protected_forest,black_alder,1,0.832942339,kha,0.745253811
2002,state_forest_management_centre,protected_forest,black_alder,1A,,kha,0.0
2002,state_forest_management_centre,protected_forest,black_alder,2,0.832942339,kha,0.575925857
2002,state_forest_management_centre,protected_forest,black_alder,3,0.237693979,kha,0.706981247
2002,state_forest_management_centre,protected_forest,black_alder,4,0.277647446,kha,1.000285765
2002,state_forest_management_centre,protected_forest,black_alder,5,,kha,0.0
2002,state_forest_management_centre,protected_forest,black_alder,5A-5B,,kha,0.0
2002,state_forest_management_centre,protected_forest,grey_alder,1,0.199378631,kha,1.000285768
2002,state_forest_management_centre,protected_forest,grey_alder,1A,,kha,0.0
2002,state_forest_management_centre,protected_forest,grey_alder,2,0.120304638,kha,0.999327447
2002,state_forest_management_centre,protected_forest,grey_alder,3,,kha,0.0
2002,state_forest_management_centre,protected_forest,grey_alder,4,,kha,0.0
2002,state_forest_management_centre,protected_forest,grey_alder,5,,kha,0.0
2002,state_forest_management_centre,protected_forest,grey_alder,5A-5B,,kha,0.0
2002,state_forest_management_centre,protected_forest,pine,1,5.193923012,kha,0.317644881
2002,state_forest_management_centre,protected_forest,pine,1A,0.555294892,kha,0.706833419
2002,state_forest_management_centre,protected_forest,pine,2,13.155963298,kha,0.207471691
2002,state_forest_management_centre,protected_forest,pine,3,17.124294953,kha,0.236183661
2002,state_forest_management_centre,protected_forest,pine,4,15.032998858,kha,0.198219186
2002,state_forest_management_centre,protected_forest,pine,5,11.458232458,kha,0.217824223
2002,state_forest_management_centre,protected_forest,pine,5A-5B,11.192468323,kha,0.229467418
2002,state_forest_management_centre,protected_forest,spruce,1,4.810741771,kha,0.346801342
2002,state_forest_management_centre,protected_forest,spruce,1A,0.277647446,kha,1.00066884
2002,state_forest_management_centre,protected_forest,spruce,2,2.699621649,kha,0.390010797
2002,state_forest_management_centre,protected_forest,spruce,3,2.804239207,kha,0.461320859
2002,state_forest_management_centre,protected_forest,spruce,4,,kha,0.0
2002,state_forest_management_centre,protected_forest,spruce,5,,kha,0.0
2002,state_forest_management_centre,protected_forest,spruce,5A-5B,,kha,0.0
2003,other,production_forest,aspen,1,36.025938036,kha,0.087952124
2003,other,production_forest,aspen,1A,9.803120577,kha,0.181152017
2003,other,production_forest,aspen,2,27.445469498,kha,0.112932844
2003,other,production_forest,aspen,3,4.111539307,kha,0.227335585
2003,other,production_forest,aspen,4,,kha,0.0
2003,other,production_forest,aspen,5,,kha,0.0
2003,other,production_forest,aspen,5A-5B,,kha,0.0
2003,other,production_forest,birch,1,81.589714143,kha,0.061945946
2003,other,production_forest,birch,1A,16.247879859,kha,0.125416426
2003,other,production_forest,birch,2,160.59384932,kha,0.0499568
2003,other,production_forest,birch,3,110.529842794,kha,0.0673434
2003,other,production_forest,birch,4,33.938987666,kha,0.113235526
2003,other,production_forest,birch,5,9.705865658,kha,0.179261622
2003,other,production_forest,birch,5A-5B,1.533298269,kha,0.350620356
2003,other,production_forest,black_alder,1,4.638752965,kha,0.245395419
2003,other,production_forest,black_alder,1A,,kha,0.0
2003,other,production_forest,black_alder,2,24.213145323,kha,0.111210403
2003,other,production_forest,black_alder,3,10.547120705,kha,0.147496583
2003,other,production_forest,black_alder,4,1.490475438,kha,0.377928408
2003,other,production_forest,black_alder,5,,kha,0.0
2003,other,production_forest,black_alder,5A-5B,,kha,0.0
2003,other,production_forest,grey_alder,1,76.480851929,kha,0.068300226
2003,other,production_forest,grey_alder,1A,5.256343603,kha,0.225802044
2003,other,production_forest,grey_alder,2,78.644598637,kha,0.06105377
2003,other,production_forest,grey_alder,3,11.754812134,kha,0.158342776
2003,other,production_forest,grey_alder,4,0.876170439,kha,0.432914907
2003,other,production_forest,grey_alder,5,0.21904261,kha,1.000480203
2003,other,production_forest,grey_alder,5A-5B,,kha,0.0
2003,other,production_forest,other,1,7.402128818,kha,0.184735996
2003,other,production_forest,other,1A,1.396155691,kha,0.387479356
2003,other,production_forest,other,2,9.703806657,kha,0.174429098
2003,other,production_forest,other,3,6.613224954,kha,0.216014292
2003,other,production_forest,other,4,3.017224333,kha,0.283280035
2003,other,production_forest,other,5,0.43808522,kha,0.705914905
2003,other,production_forest,other,5A-5B,,kha,0.0
2003,other,production_forest,pine,1,52.314012214,kha,0.082217159
2003,other,production_forest,pine,1A,10.407261999,kha,0.143059239
2003,other,production_forest,pine,2,91.887411028,kha,0.066760987
2003,other,production_forest,pine,3,90.706114233,kha,0.069122688
2003,other,production_forest,pine,4,40.149809442,kha,0.098612001
2003,other,production_forest,pine,5,22.214293891,kha,0.119916763
2003,other,production_forest,pine,5A-5B,9.111997334,kha,0.198565551
2003,other,production_forest,spruce,1,84.302315919,kha,0.059104058
2003,other,production_forest,spruce,1A,31.579285439,kha,0.091382963
2003,other,production_forest,spruce,2,67.877865811,kha,0.070106967
2003,other,production_forest,spruce,3,23.388515609,kha,0.116134227
2003,other,production_forest,spruce,4,3.088697937,kha,0.278862155
2003,other,production_forest,spruce,5,,kha,0.0
2003,other,production_forest,spruce,5A-5B,0.21904261,kha,0.99992617
2003,other,protected_forest,aspen,1,1.095213049,kha,0.400016942
2003,other,protected_forest,aspen,1A,,kha,0.0
2003,other,protected_forest,aspen,2,1.533298269,kha,0.741919504
2003,other,protected_forest,aspen,3,,kha,0.0
2003,other,protected_forest,aspen,4,,kha,0.0
2003,other,protected_forest,aspen,5,,kha,0.0
2003,other,protected_forest,aspen,5A-5B,,kha,0.0
2003,other,protected_forest,birch,1,2.54071904,kha,0.407485707
2003,other,protected_forest,birch,1A,,kha,0.0
2003,other,protected_forest,birch,2,3.673541705,kha,0.2692031
2003,other,protected_forest,birch,3,5.402313599,kha,0.269974705
2003,other,protected_forest,birch,4,1.752340878,kha,0.353175169
2003,other,protected_forest,birch,5,1.095213049,kha,0.446766674
2003,other,protected_forest,birch,5A-5B,0.43808522,kha,0.707037992
2003,other,protected_forest,black_alder,1,0.21904261,kha,0.99963644
2003,other,protected_forest,black_alder,1A,,kha,0.0
2003,other,protected_forest,black_alder,2,0.657127829,kha,0.577491414
2003,other,protected_forest,black_alder,3,0.21904261,kha,1.000127669
2003,other,protected_forest,black_alder,4,0.43808522,kha,1.000127669
2003,other,protected_forest,black_alder,5,0.21904261,kha,1.000127669
2003,other,protected_forest,black_alder,5A-5B,,kha,0.0
2003,other,protected_forest,grey_alder,1,1.314255659,kha,0.471140971
2003,other,protected_forest,grey_alder,1A,,kha,0.0
2003,other,protected_forest,grey_alder,2,1.718476891,kha,0.39290064
2003,other,protected_forest,grey_alder,3,0.657127829,kha,0.745189336
2003,other,protected_forest,grey_alder,4,,kha,0.0
2003,other,protected_forest,grey_alder,5,,kha,0.0
2003,other,protected_forest,grey_alder,5A-5B,,kha,0.0
2003,other,protected_forest,pine,1,0.876170439,kha,0.499776734
2003,other,protected_forest,pine,1A,0.21904261,kha,0.999573449
2003,other,protected_forest,pine,2,5.296143646,kha,0.268281027
2003,other,protected_forest,pine,3,7.152288817,kha,0.269080924
2003,other,protected_forest,pine,4,3.908596329,kha,0.264799211
2003,other,protected_forest,pine,5,4.380852196,kha,0.265817661
2003,other,protected_forest,pine,5A-5B,5.257022635,kha,0.263348465
2003,other,protected_forest,spruce,1,1.314255659,kha,0.470623886
2003,other,protected_forest,spruce,1A,0.503031353,kha,0.628693861
2003,other,protected_forest,spruce,2,3.825951553,kha,0.319228375
2003,other,protected_forest,spruce,3,0.876170439,kha,0.499449026
2003,other,protected_forest,spruce,4,0.21904261,kha,1.000228408
2003,other,protected_forest,spruce,5,,kha,0.0
2003,other,protected_forest,spruce,5A-5B,,kha,0.0
2003,state_forest_management_centre,production_forest,aspen,1,17.938450722,kha,0.133943526
2003,state_forest_management_centre,production_forest,aspen,1A,7.205757118,kha,0.203831185
2003,state_forest_management_centre,production_forest,aspen,2,4.818455522,kha,0.228648254
2003,state_forest_management_centre,production_forest,aspen,3,0.762202569,kha,0.506676449
2003,state_forest_management_centre,production_forest,aspen,4,0.132827439,kha,0.999422238
2003,state_forest_management_centre,production_forest,aspen,5,,kha,0.0
2003,state_forest_management_centre,production_forest,aspen,5A-5B,,kha,0.0
2003,state_forest_management_centre,production_forest,birch,1,58.20086997,kha,0.088869049
2003,state_forest_management_centre,production_forest,birch,1A,14.925300581,kha,0.156875158
2003,state_forest_management_centre,production_forest,birch,2,73.536415455,kha,0.077695076
2003,state_forest_management_centre,production_forest,birch,3,32.978135354,kha,0.092123328
2003,state_forest_management_centre,production_forest,birch,4,10.104457495,kha,0.16382077
2003,state_forest_management_centre,production_forest,birch,5,1.314255659,kha,0.486002623
2003,state_forest_management_centre,production_forest,birch,5A-5B,0.21904261,kha,1.000178041
2003,state_forest_management_centre,production_forest,black_alder,1,3.826696298,kha,0.236256899
2003,state_forest_management_centre,production_forest,black_alder,1A,,kha,0.0
2003,state_forest_management_centre,production_forest,black_alder,2,9.105228917,kha,0.182851894
2003,state_forest_management_centre,production_forest,black_alder,3,3.458748522,kha,0.265657818
2003,state_forest_management_centre,production_forest,black_alder,4,0.417122842,kha,0.707894847
2003,state_forest_management_centre,production_forest,black_alder,5,,kha,0.0
2003,state_forest_management_centre,production_forest,black_alder,5A-5B,,kha,0.0
2003,state_forest_management_centre,production_forest,grey_alder,1,6.306521492,kha,0.186190821
2003,state_forest_management_centre,production_forest,grey_alder,1A,0.657127829,kha,0.576814958
2003,state_forest_management_centre,production_forest,grey_alder,2,4.714213144,kha,0.21496036
2003,state_forest_management_centre,production_forest,grey_alder,3,,kha,0.0
2003,state_forest_management_centre,production_forest,grey_alder,4,,kha,0.0
2003,state_forest_management_centre,production_forest,grey_alder,5,,kha,0.0
2003,state_forest_management_centre,production_forest,grey_alder,5A-5B,,kha,0.0
2003,state_forest_management_centre,production_forest,other,1,1.06185286,kha,0.447527115
2003,state_forest_management_centre,production_forest,other,1A,0.43808522,kha,0.706717293
2003,state_forest_management_centre,production_forest,other,2,1.16009347,kha,0.483610961
2003,state_forest_management_centre,production_forest,other,3,0.477337655,kha,0.653520683
2003,state_forest_management_centre,production_forest,other,4,,kha,0.0
2003,state_forest_management_centre,production_forest,other,5,,kha,0.0
2003,state_forest_management_centre,production_forest,other,5A-5B,,kha,0.0
2003,state_forest_management_centre,production_forest,pine,1,39.622902444,kha,0.107454546
2003,state_forest_management_centre,production_forest,pine,1A,6.682639557,kha,0.215000859
2003,state_forest_management_centre,production_forest,pine,2,80.892961505,kha,0.078013835
2003,state_forest_management_centre,production_forest,pine,3,61.889985604,kha,0.089915752
2003,state_forest_management_centre,production_forest,pine,4,32.39701531,kha,0.109281524
2003,state_forest_management_centre,production_forest,pine,5,19.905760018,kha,0.126602807
2003,state_forest_management_centre,production_forest,pine,5A-5B,14.577307587,kha,0.167167316
2003,state_forest_management_centre,production_forest,spruce,1,58.242816629,kha,0.088226026
2003,state_forest_management_centre,production_forest,spruce,1A,27.451602692,kha,0.105323257
2003,state_forest_management_centre,production_forest,spruce,2,28.946940876,kha,0.101681717
2003,state_forest_management_centre,production_forest,spruce,3,12.563889822,kha,0.156088155
2003,state_forest_management_centre,production_forest,spruce,4,4.033910607,kha,0.275118049
2003,state_forest_management_centre,production_forest,spruce,5,0.43808522,kha,0.706467759
2003,state_forest_management_centre,production_forest,spruce,5A-5B,,kha,0.0
2003,state_forest_management_centre,protected_forest,aspen,1,2.077246782,kha,0.42392481
2003,state_forest_management_centre,protected_forest,aspen,1A,0.50743411,kha,0.625106815
2003,state_forest_management_centre,protected_forest,aspen,2,0.43808522,kha,0.706859844
2003,state_forest_management_centre,protected_forest,aspen,3,,kha,0.0
2003,state_forest_management_centre,protected_forest,aspen,4,,kha,0.0
2003,state_forest_management_centre,protected_forest,aspen,5,,kha,0.0
2003,state_forest_management_centre,protected_forest,aspen,5A-5B,,kha,0.0
2003,state_forest_management_centre,protected_forest,birch,1,4.246622885,kha,0.293180456
2003,state_forest_management_centre,protected_forest,birch,1A,1.533298269,kha,0.514795628
2003,state_forest_management_centre,protected_forest,birch,2,10.952130491,kha,0.262005352
2003,state_forest_management_centre,protected_forest,birch,3,7.157326797,kha,0.295451218
2003,state_forest_management_centre,protected_forest,birch,4,4.520820424,kha,0.243275266
2003,state_forest_management_centre,protected_forest,birch,5,1.533298269,kha,0.494911525
2003,state_forest_management_centre,protected_forest,birch,5A-5B,0.43808522,kha,0.707216094
2003,state_forest_management_centre,protected_forest,black_alder,1,0.657127829,kha,0.745256933
2003,state_forest_management_centre,protected_forest,black_alder,1A,,kha,0.0
2003,state_forest_management_centre,protected_forest,black_alder,2,1.713088443,kha,0.500063067
2003,state_forest_management_centre,protected_forest,black_alder,3,0.406564988,kha,0.630168358
2003,state_forest_management_centre,protected_forest,black_alder,4,0.21904261,kha,1.000127669
2003,state_forest_management_centre,protected_forest,black_alder,5,,kha,0.0
2003,state_forest_management_centre,protected_forest,black_alder,5A-5B,,kha,0.0
2003,state_forest_management_centre,protected_forest,grey_alder,1,0.157294498,kha,1.000127672
2003,state_forest_management_centre,protected_forest,grey_alder,1A,,kha,0.0
2003,state_forest_management_centre,protected_forest,grey_alder,2,0.094911163,kha,0.999674236
2003,state_forest_management_centre,protected_forest,grey_alder,3,,kha,0.0
2003,state_forest_management_centre,protected_forest,grey_alder,4,,kha,0.0
2003,state_forest_management_centre,protected_forest,grey_alder,5,,kha,0.0
2003,state_forest_management_centre,protected_forest,grey_alder,5A-5B,,kha,0.0
2003,state_forest_management_centre,protected_forest,pine,1,4.973778637,kha,0.274969074
2003,state_forest_management_centre,protected_forest,pine,1A,0.43808522,kha,0.70714486
2003,state_forest_management_centre,protected_forest,pine,2,13.336124543,kha,0.179697881
2003,state_forest_management_centre,protected_forest,pine,3,18.328697036,kha,0.188920984
2003,state_forest_management_centre,protected_forest,pine,4,15.295219741,kha,0.166790328
2003,state_forest_management_centre,protected_forest,pine,5,12.763393831,kha,0.174026759
2003,state_forest_management_centre,protected_forest,pine,5A-5B,13.578298052,kha,0.170038636
2003,state_forest_management_centre,protected_forest,spruce,1,4.233392711,kha,0.322110312
2003,state_forest_management_centre,protected_forest,spruce,1A,0.43808522,kha,0.707750139
2003,state_forest_management_centre,protected_forest,spruce,2,3.761684451,kha,0.347229292
2003,state_forest_management_centre,protected_forest,spruce,3,3.088500798,kha,0.399907635
2003,state_forest_management_centre,protected_forest,spruce,4,0.43808522,kha,0.707037993
2003,state_forest_management_centre,protected_forest,spruce,5,,kha,0.0
2003,state_forest_management_centre,protected_forest,spruce,5A-5B,0.191092773,kha,0.999119761
2004,other,production_forest,aspen,1,35.168276364,kha,0.087854525
2004,other,production_forest,aspen,1A,7.863450447,kha,0.20266523
2004,other,production_forest,aspen,2,27.6690396,kha,0.110185452
2004,other,production_forest,aspen,3,4.698177386,kha,0.221405477
2004,other,production_forest,aspen,4,,kha,0.0
2004,other,production_forest,aspen,5,,kha,0.0
2004,other,production_forest,aspen,5A-5B,,kha,0.0
2004,other,production_forest,birch,1,81.348572947,kha,0.059246362
2004,other,production_forest,birch,1A,15.729425809,kha,0.122201822
2004,other,production_forest,birch,2,161.533289278,kha,0.049249739
2004,other,production_forest,birch,3,106.637588243,kha,0.069438301
2004,other,production_forest,birch,4,31.246564481,kha,0.116103259
2004,other,production_forest,birch,5,8.914980688,kha,0.184546555
2004,other,production_forest,birch,5A-5B,1.942242781,kha,0.314391578
2004,other,production_forest,black_alder,1,3.706964572,kha,0.255255577
2004,other,production_forest,black_alder,1A,,kha,0.0
2004,other,production_forest,black_alder,2,23.971980466,kha,0.113483085
2004,other,production_forest,black_alder,3,10.551924485,kha,0.148997206
2004,other,production_forest,black_alder,4,1.294828521,kha,0.407908065
2004,other,production_forest,black_alder,5,,kha,0.0
2004,other,production_forest,black_alder,5A-5B,,kha,0.0
2004,other,production_forest,grey_alder,1,76.315876613,kha,0.066108085
2004,other,production_forest,grey_alder,1A,7.254773139,kha,0.194245778
2004,other,production_forest,grey_alder,2,75.623984993,kha,0.062593803
2004,other,production_forest,grey_alder,3,10.788878104,kha,0.168247232
2004,other,production_forest,grey_alder,4,0.863219014,kha,0.433279401
2004,other,production_forest,grey_alder,5,0.215804753,kha,1.000611642
2004,other,production_forest,grey_alder,5A-5B,,kha,0.0
2004,other,production_forest,other,1,6.818912279,kha,0.19484843
2004,other,production_forest,other,1A,1.743141316,kha,0.341374124
2004,other,production_forest,other,2,10.0350721,kha,0.170084644
2004,other,production_forest,other,3,7.162883475,kha,0.203468948
2004,other,production_forest,other,4,3.188428911,kha,0.289131243
2004,other,production_forest,other,5,0.215804753,kha,0.999892174
2004,other,production_forest,other,5A-5B,,kha,0.0
2004,other,production_forest,pine,1,51.783019593,kha,0.078874432
2004,other,production_forest,pine,1A,11.222602498,kha,0.139688189
2004,other,production_forest,pine,2,98.38115734,kha,0.067679717
2004,other,production_forest,pine,3,90.104505532,kha,0.070397753
2004,other,production_forest,pine,4,38.945010613,kha,0.097138169
2004,other,production_forest,pine,5,21.022706383,kha,0.120529104
2004,other,production_forest,pine,5A-5B,9.193109855,kha,0.186180325
2004,other,production_forest,spruce,1,83.528136216,kha,0.056808612
2004,other,production_forest,spruce,1A,28.967687865,kha,0.093119759
2004,other,production_forest,spruce,2,67.030984997,kha,0.070000024
2004,other,production_forest,spruce,3,24.50514769,kha,0.116364002
2004,other,production_forest,spruce,4,3.869292908,kha,0.281133729
2004,other,production_forest,spruce,5,0.215804753,kha,0.999916992
2004,other,production_forest,spruce,5A-5B,0.215804753,kha,0.999817717
2004,other,protected_forest,aspen,1,1.079023767,kha,0.399991014
2004,other,protected_forest,aspen,1A,,kha,0.0
2004,other,protected_forest,aspen,2,1.510633274,kha,0.473538491
2004,other,protected_forest,aspen,3,0.215804753,kha,0.999830127
2004,other,protected_forest,aspen,4,,kha,0.0
2004,other,protected_forest,aspen,5,,kha,0.0
2004,other,protected_forest,aspen,5A-5B,,kha,0.0
2004,other,protected_forest,birch,1,2.373852288,kha,0.435877076
2004,other,protected_forest,birch,1A,,kha,0.0
2004,other,protected_forest,birch,2,5.80791017,kha,0.313026578
2004,other,protected_forest,birch,3,5.998465767,kha,0.276759
2004,other,protected_forest,birch,4,2.158047535,kha,0.315890553
2004,other,protected_forest,birch,5,1.079023767,kha,0.446655867
2004,other,protected_forest,birch,5A-5B,0.431609507,kha,0.706708528
2004,other,protected_forest,black_alder,1,0.215804753,kha,0.999916992
2004,other,protected_forest,black_alder,1A,,kha,0.0
2004,other,protected_forest,black_alder,2,1.942242781,kha,0.400299372
2004,other,protected_forest,black_alder,3,1.294828521,kha,0.526759227
2004,other,protected_forest,black_alder,4,0.215804753,kha,1.00011551
2004,other,protected_forest,black_alder,5,0.215804753,kha,1.00011551
2004,other,protected_forest,black_alder,5A-5B,,kha,0.0
2004,other,protected_forest,grey_alder,1,1.942242781,kha,0.367906537
2004,other,protected_forest,grey_alder,1A,,kha,0.0
2004,other,protected_forest,grey_alder,2,1.942242781,kha,0.368382128
2004,other,protected_forest,grey_alder,3,0.64741426,kha,0.745200222
2004,other,protected_forest,grey_alder,4,,kha,0.0
2004,other,protected_forest,grey_alder,5,,kha,0.0
2004,other,protected_forest,grey_alder,5A-5B,,kha,0.0
2004,other,protected_forest,pine,1,0.64741426,kha,0.577285299
2004,other,protected_forest,pine,1A,0.215804753,kha,0.999557078
2004,other,protected_forest,pine,2,5.16416459,kha,0.265243628
2004,other,protected_forest,pine,3,5.575121582,kha,0.244780835
2004,other,protected_forest,pine,4,4.498234282,kha,0.250561373
2004,other,protected_forest,pine,5,4.747704577,kha,0.277776754
2004,other,protected_forest,pine,5A-5B,5.395118837,kha,0.250386746
2004,other,protected_forest,spruce,1,1.294828521,kha,0.470824501
2004,other,protected_forest,spruce,1A,0.64741426,kha,0.576862442
2004,other,protected_forest,spruce,2,4.416811148,kha,0.293217169
2004,other,protected_forest,spruce,3,1.079023767,kha,0.468356203
2004,other,protected_forest,spruce,4,0.431609507,kha,0.707261358
2004,other,protected_forest,spruce,5,0.215804753,kha,0.999916992
2004,other,protected_forest,spruce,5A-5B,,kha,0.0
2004,state_forest_management_centre,production_forest,aspen,1,19.727921023,kha,0.130640833
2004,state_forest_management_centre,production_forest,aspen,1A,7.660162369,kha,0.197804442
2004,state_forest_management_centre,production_forest,aspen,2,5.310480213,kha,0.207440931
2004,state_forest_management_centre,production_forest,aspen,3,0.750935801,kha,0.506896417
2004,state_forest_management_centre,production_forest,aspen,4,0.130864003,kha,0.999619137
2004,state_forest_management_centre,production_forest,aspen,5,,kha,0.0
2004,state_forest_management_centre,production_forest,aspen,5A-5B,,kha,0.0
2004,state_forest_management_centre,production_forest,birch,1,63.145528313,kha,0.085886796
2004,state_forest_management_centre,production_forest,birch,1A,14.732364687,kha,0.151419893
2004,state_forest_management_centre,production_forest,birch,2,72.533553021,kha,0.075957659
2004,state_forest_management_centre,production_forest,birch,3,30.007607811,kha,0.10409737
2004,state_forest_management_centre,production_forest,birch,4,10.062997235,kha,0.151561756
2004,state_forest_management_centre,production_forest,birch,5,1.079023767,kha,0.547969656
2004,state_forest_management_centre,production_forest,birch,5A-5B,0.64741426,kha,0.577414243
2004,state_forest_management_centre,production_forest,black_alder,1,4.417544884,kha,0.220990837
2004,state_forest_management_centre,production_forest,black_alder,1A,0.431609507,kha,0.706989386
2004,state_forest_management_centre,production_forest,black_alder,2,9.618050995,kha,0.178746694
2004,state_forest_management_centre,production_forest,black_alder,3,3.651696975,kha,0.254603927
2004,state_forest_management_centre,production_forest,black_alder,4,0.410956992,kha,0.707548862
2004,state_forest_management_centre,production_forest,black_alder,5,,kha,0.0
2004,state_forest_management_centre,production_forest,black_alder,5A-5B,,kha,0.0
2004,state_forest_management_centre,production_forest,grey_alder,1,6.927052041,kha,0.180217619
2004,state_forest_management_centre,production_forest,grey_alder,1A,1.294828521,kha,0.408004376
2004,state_forest_management_centre,production_forest,grey_alder,2,5.022208223,kha,0.205902015
2004,state_forest_management_centre,production_forest,grey_alder,3,0.32370713,kha,0.745200225
2004,state_forest_management_centre,production_forest,grey_alder,4,,kha,0.0
2004,state_forest_management_centre,production_forest,grey_alder,5,,kha,0.0
2004,state_forest_management_centre,production_forest,grey_alder,5A-5B,,kha,0.0
2004,state_forest_management_centre,production_forest,other,1,0.863219014,kha,0.499585664
2004,state_forest_management_centre,production_forest,other,1A,0.215804753,kha,0.999420518
2004,state_forest_management_centre,production_forest,other,2,0.617762687,kha,0.479784481
2004,state_forest_management_centre,production_forest,other,3,0.254476965,kha,0.860745987
2004,state_forest_management_centre,production_forest,other,4,,kha,0.0
2004,state_forest_management_centre,production_forest,other,5,,kha,0.0
2004,state_forest_management_centre,production_forest,other,5A-5B,,kha,0.0
2004,state_forest_management_centre,production_forest,pine,1,45.596911593,kha,0.096350704
2004,state_forest_management_centre,production_forest,pine,1A,7.466909212,kha,0.208648255
2004,state_forest_management_centre,production_forest,pine,2,88.905969092,kha,0.07347382
2004,state_forest_management_centre,production_forest,pine,3,59.521713312,kha,0.091039818
2004,state_forest_management_centre,production_forest,pine,4,29.265865293,kha,0.111633617
2004,state_forest_management_centre,production_forest,pine,5,19.307964972,kha,0.131275648
2004,state_forest_management_centre,production_forest,pine,5A-5B,16.088265953,kha,0.170809609
2004,state_forest_management_centre,production_forest,spruce,1,59.597719746,kha,0.081413938
2004,state_forest_management_centre,production_forest,spruce,1A,31.110499584,kha,0.098767927
2004,state_forest_management_centre,production_forest,spruce,2,27.841942368,kha,0.104742828
2004,state_forest_management_centre,production_forest,spruce,3,11.129396425,kha,0.167583154
2004,state_forest_management_centre,production_forest,spruce,4,3.390767448,kha,0.294544125
2004,state_forest_management_centre,production_forest,spruce,5,0.431609507,kha,0.706568058
2004,state_forest_management_centre,production_forest,spruce,5A-5B,,kha,0.0
2004,state_forest_management_centre,protected_forest,aspen,1,1.614931712,kha,0.381964848
2004,state_forest_management_centre,protected_forest,aspen,1A,0.499933292,kha,0.625263578
2004,state_forest_management_centre,protected_forest,aspen,2,0.431609507,kha,0.706989386
2004,state_forest_management_centre,protected_forest,aspen,3,,kha,0.0
2004,state_forest_management_centre,protected_forest,aspen,4,,kha,0.0
2004,state_forest_management_centre,protected_forest,aspen,5,,kha,0.0
2004,state_forest_management_centre,protected_forest,aspen,5A-5B,,kha,0.0
2004,state_forest_management_centre,protected_forest,birch,1,4.183849917,kha,0.292312848
2004,state_forest_management_centre,protected_forest,birch,1A,1.510633274,kha,0.51436651
2004,state_forest_management_centre,protected_forest,birch,2,10.790237674,kha,0.243831562
2004,state_forest_management_centre,protected_forest,birch,3,7.491726759,kha,0.26323964
2004,state_forest_management_centre,protected_forest,birch,4,3.806580047,kha,0.282491021
2004,state_forest_management_centre,protected_forest,birch,5,2.589657042,kha,0.448228235
2004,state_forest_management_centre,protected_forest,birch,5A-5B,0.64741426,kha,0.577407079
2004,state_forest_management_centre,protected_forest,black_alder,1,0.64741426,kha,0.74520022
2004,state_forest_management_centre,protected_forest,black_alder,1A,,kha,0.0
2004,state_forest_management_centre,protected_forest,black_alder,2,1.687765816,kha,0.500054612
2004,state_forest_management_centre,protected_forest,black_alder,3,0.520456324,kha,0.610781802
2004,state_forest_management_centre,protected_forest,black_alder,4,0.743317893,kha,0.519210062
2004,state_forest_management_centre,protected_forest,black_alder,5,,kha,0.0
2004,state_forest_management_centre,protected_forest,black_alder,5A-5B,,kha,0.0
2004,state_forest_management_centre,protected_forest,grey_alder,1,,kha,0.0
2004,state_forest_management_centre,protected_forest,grey_alder,1A,,kha,0.0
2004,state_forest_management_centre,protected_forest,grey_alder,2,0.309312953,kha,0.760142834
2004,state_forest_management_centre,protected_forest,grey_alder,3,,kha,0.0
2004,state_forest_management_centre,protected_forest,grey_alder,4,,kha,0.0
2004,state_forest_management_centre,protected_forest,grey_alder,5,,kha,0.0
2004,state_forest_management_centre,protected_forest,grey_alder,5A-5B,,kha,0.0
2004,state_forest_management_centre,protected_forest,pine,1,5.702640611,kha,0.245500695
2004,state_forest_management_centre,protected_forest,pine,1A,0.64741426,kha,0.576840933
2004,state_forest_management_centre,protected_forest,pine,2,17.080385146,kha,0.168410621
2004,state_forest_management_centre,protected_forest,pine,3,19.710894028,kha,0.173130978
2004,state_forest_management_centre,protected_forest,pine,4,15.932347018,kha,0.147672137
2004,state_forest_management_centre,protected_forest,pine,5,12.721366511,kha,0.169352088
2004,state_forest_management_centre,protected_forest,pine,5A-5B,14.812104543,kha,0.160163857
2004,state_forest_management_centre,protected_forest,spruce,1,4.660174169,kha,0.293995929
2004,state_forest_management_centre,protected_forest,spruce,1A,1.198924888,kha,0.456104902
2004,state_forest_management_centre,protected_forest,spruce,2,3.49027502,kha,0.347801428
2004,state_forest_management_centre,protected_forest,spruce,3,4.31609507,kha,0.323757782
2004,state_forest_management_centre,protected_forest,spruce,4,1.294828521,kha,0.47131617
2004,state_forest_management_centre,protected_forest,spruce,5,0.389419678,kha,0.999916992
2004,state_forest_management_centre,protected_forest,spruce,5A-5B,0.188268067,kha,0.999519838
2005,other,production_forest,aspen,1,32.73209598,kha,0.09138361
2005,other,production_forest,aspen,1A,7.777835792,kha,0.202788807
2005,other,production_forest,aspen,2,26.683470582,kha,0.108820835
2005,other,production_forest,aspen,3,4.865313884,kha,0.224197913
2005,other,production_forest,aspen,4,,kha,0.0
2005,other,production_forest,aspen,5,,kha,0.0
2005,other,production_forest,aspen,5A-5B,,kha,0.0
2005,other,production_forest,birch,1,84.479245834,kha,0.055803682
2005,other,production_forest,birch,1A,15.33510271,kha,0.127182132
2005,other,production_forest,birch,2,164.130462748,kha,0.048865595
2005,other,production_forest,birch,3,101.9224981,kha,0.067061975
2005,other,production_forest,birch,4,29.95480418,kha,0.110126294
2005,other,production_forest,birch,5,9.190433809,kha,0.173991884
2005,other,production_forest,birch,5A-5B,1.709339324,kha,0.353742417
2005,other,production_forest,black_alder,1,3.959107642,kha,0.234711169
2005,other,production_forest,black_alder,1A,,kha,0.0
2005,other,production_forest,black_alder,2,23.921285068,kha,0.110052112
2005,other,production_forest,black_alder,3,9.590483311,kha,0.162285283
2005,other,production_forest,black_alder,4,1.068337077,kha,0.446810747
2005,other,production_forest,black_alder,5,,kha,0.0
2005,other,production_forest,black_alder,5A-5B,,kha,0.0
2005,other,production_forest,grey_alder,1,75.944877825,kha,0.067609097
2005,other,production_forest,grey_alder,1A,8.794914056,kha,0.16688134
2005,other,production_forest,grey_alder,2,76.85775049,kha,0.06398073
2005,other,production_forest,grey_alder,3,11.461227001,kha,0.161222071
2005,other,production_forest,grey_alder,4,0.854669662,kha,0.433379706
2005,other,production_forest,grey_alder,5,0.213667415,kha,1.00044144
2005,other,production_forest,grey_alder,5A-5B,,kha,0.0
2005,other,production_forest,other,1,6.881714651,kha,0.192747495
2005,other,production_forest,other,1A,2.580546844,kha,0.281393946
2005,other,production_forest,other,2,10.571921851,kha,0.164687088
2005,other,production_forest,other,3,5.596270113,kha,0.224815417
2005,other,production_forest,other,4,3.370518012,kha,0.262954497
2005,other,production_forest,other,5,0.427334831,kha,0.706706061
2005,other,production_forest,other,5A-5B,,kha,0.0
2005,other,production_forest,pine,1,51.982419045,kha,0.078927173
2005,other,production_forest,pine,1A,11.795018237,kha,0.133062097
2005,other,production_forest,pine,2,101.263440956,kha,0.067375916
2005,other,production_forest,pine,3,82.829071018,kha,0.072269328
2005,other,production_forest,pine,4,36.681503121,kha,0.09881214
2005,other,production_forest,pine,5,20.814496747,kha,0.125219428
2005,other,production_forest,pine,5A-5B,9.401366282,kha,0.179909268
2005,other,production_forest,spruce,1,82.04132199,kha,0.05725276
2005,other,production_forest,spruce,1A,29.375487717,kha,0.092628066
2005,other,production_forest,spruce,2,65.210996073,kha,0.068255383
2005,other,production_forest,spruce,3,23.506706182,kha,0.111113417
2005,other,production_forest,spruce,4,4.004618801,kha,0.282346471
2005,other,production_forest,spruce,5,0.213667415,kha,0.999950141
2005,other,production_forest,spruce,5A-5B,0.213667415,kha,0.999851852
2005,other,protected_forest,aspen,1,0.641002246,kha,0.576468858
2005,other,protected_forest,aspen,1A,0.213667415,kha,1.000244949
2005,other,protected_forest,aspen,2,1.495671908,kha,0.473275757
2005,other,protected_forest,aspen,3,0.213667415,kha,0.999864139
2005,other,protected_forest,aspen,4,,kha,0.0
2005,other,protected_forest,aspen,5,,kha,0.0
2005,other,protected_forest,aspen,5A-5B,,kha,0.0
2005,other,protected_forest,birch,1,3.418678648,kha,0.344889504
2005,other,protected_forest,birch,1A,,kha,0.0
2005,other,protected_forest,birch,2,6.154860837,kha,0.29569211
2005,other,protected_forest,birch,3,7.378640959,kha,0.250270437
2005,other,protected_forest,birch,4,2.564008986,kha,0.311467401
2005,other,protected_forest,birch,5,0.854669662,kha,0.50014596
2005,other,protected_forest,birch,5A-5B,0.641002246,kha,0.744673464
2005,other,protected_forest,black_alder,1,0.213667415,kha,0.999950143
2005,other,protected_forest,black_alder,1A,,kha,0.0
2005,other,protected_forest,black_alder,2,2.136674155,kha,0.373986481
2005,other,protected_forest,black_alder,3,1.282004493,kha,0.527219702
2005,other,protected_forest,black_alder,4,0.213667415,kha,1.000539669
2005,other,protected_forest,black_alder,5,0.213667415,kha,1.000539669
2005,other,protected_forest,black_alder,5A-5B,,kha,0.0
2005,other,protected_forest,grey_alder,1,2.564008986,kha,0.311368784
2005,other,protected_forest,grey_alder,1A,,kha,0.0
2005,other,protected_forest,grey_alder,2,1.709339324,kha,0.395162442
2005,other,protected_forest,grey_alder,3,0.427334831,kha,1.000244949
2005,other,protected_forest,grey_alder,4,,kha,0.0
2005,other,protected_forest,grey_alder,5,,kha,0.0
2005,other,protected_forest,grey_alder,5A-5B,,kha,0.0
2005,other,protected_forest,pine,1,0.641002246,kha,0.577114918
2005,other,protected_forest,pine,1A,0.213667415,kha,0.999618382
2005,other,protected_forest,pine,2,4.472016273,kha,0.288252948
2005,other,protected_forest,pine,3,5.306237963,kha,0.251197924
2005,other,protected_forest,pine,4,4.523894721,kha,0.247318876
2005,other,protected_forest,pine,5,4.487015725,kha,0.294621342
2005,other,protected_forest,pine,5A-5B,4.914350556,kha,0.257831583
2005,other,protected_forest,spruce,1,2.280130458,kha,0.329761474
2005,other,protected_forest,spruce,1A,0.854669662,kha,0.499510033
2005,other,protected_forest,spruce,2,4.586734308,kha,0.278388554
2005,other,protected_forest,spruce,3,1.282004493,kha,0.423990431
2005,other,protected_forest,spruce,4,0.427334831,kha,0.706723445
2005,other,protected_forest,spruce,5,0.213667415,kha,0.999950141
2005,other,protected_forest,spruce,5A-5B,,kha,0.0
2005,state_forest_management_centre,production_forest,aspen,1,20.25126944,kha,0.126798407
2005,state_forest_management_centre,production_forest,aspen,1A,8.570157302,kha,0.186403647
2005,state_forest_management_centre,production_forest,aspen,2,4.358430675,kha,0.224382528
2005,state_forest_management_centre,production_forest,aspen,3,0.427334831,kha,0.706740827
2005,state_forest_management_centre,production_forest,aspen,4,0.129567921,kha,0.999163559
2005,state_forest_management_centre,production_forest,aspen,5,,kha,0.0
2005,state_forest_management_centre,production_forest,aspen,5A-5B,,kha,0.0
2005,state_forest_management_centre,production_forest,birch,1,62.168436177,kha,0.087546675
2005,state_forest_management_centre,production_forest,birch,1A,12.085840956,kha,0.160676366
2005,state_forest_management_centre,production_forest,birch,2,74.993459557,kha,0.072625881
2005,state_forest_management_centre,production_forest,birch,3,28.343751867,kha,0.108222951
2005,state_forest_management_centre,production_forest,birch,4,9.801757651,kha,0.151898924
2005,state_forest_management_centre,production_forest,birch,5,1.156303952,kha,0.495061753
2005,state_forest_management_centre,production_forest,birch,5A-5B,0.854669662,kha,0.499909524
2005,state_forest_management_centre,production_forest,black_alder,1,4.188864214,kha,0.233191879
2005,state_forest_management_centre,production_forest,black_alder,1A,0.427334831,kha,0.70745315
2005,state_forest_management_centre,production_forest,black_alder,2,9.264725969,kha,0.191115519
2005,state_forest_management_centre,production_forest,black_alder,3,3.581108617,kha,0.260344092
2005,state_forest_management_centre,production_forest,black_alder,4,0.406886859,kha,0.707744861
2005,state_forest_management_centre,production_forest,black_alder,5,,kha,0.0
2005,state_forest_management_centre,production_forest,black_alder,5A-5B,,kha,0.0
2005,state_forest_management_centre,production_forest,grey_alder,1,7.98387528,kha,0.165178912
2005,state_forest_management_centre,production_forest,grey_alder,1A,1.495671908,kha,0.377460765
2005,state_forest_management_centre,production_forest,grey_alder,2,4.542953855,kha,0.2193303
2005,state_forest_management_centre,production_forest,grey_alder,3,0.320501123,kha,0.745069289
2005,state_forest_management_centre,production_forest,grey_alder,4,,kha,0.0
2005,state_forest_management_centre,production_forest,grey_alder,5,,kha,0.0
2005,state_forest_management_centre,production_forest,grey_alder,5A-5B,,kha,0.0
2005,state_forest_management_centre,production_forest,other,1,0.854669662,kha,0.500047701
2005,state_forest_management_centre,production_forest,other,1A,0.213667415,kha,0.999851852
2005,state_forest_management_centre,production_forest,other,2,0.740827663,kha,0.476470123
2005,state_forest_management_centre,production_forest,other,3,0.213667415,kha,0.999311091
2005,state_forest_management_centre,production_forest,other,4,,kha,0.0
2005,state_forest_management_centre,production_forest,other,5,,kha,0.0
2005,state_forest_management_centre,production_forest,other,5A-5B,,kha,0.0
2005,state_forest_management_centre,production_forest,pine,1,47.574075662,kha,0.096615416
2005,state_forest_management_centre,production_forest,pine,1A,7.461778951,kha,0.198206066
2005,state_forest_management_centre,production_forest,pine,2,92.412952006,kha,0.074123286
2005,state_forest_management_centre,production_forest,pine,3,56.579879458,kha,0.096216281
2005,state_forest_management_centre,production_forest,pine,4,25.948005971,kha,0.115670187
2005,state_forest_management_centre,production_forest,pine,5,16.791566648,kha,0.145264215
2005,state_forest_management_centre,production_forest,pine,5A-5B,16.330194598,kha,0.172488659
2005,state_forest_management_centre,production_forest,spruce,1,59.897813919,kha,0.082024947
2005,state_forest_management_centre,production_forest,spruce,1A,31.194780292,kha,0.098901917
2005,state_forest_management_centre,production_forest,spruce,2,27.486795964,kha,0.108646618
2005,state_forest_management_centre,production_forest,spruce,3,10.325413753,kha,0.169702767
2005,state_forest_management_centre,production_forest,spruce,4,2.288848088,kha,0.328841556
2005,state_forest_management_centre,production_forest,spruce,5,0.213667415,kha,0.999606089
2005,state_forest_management_centre,production_forest,spruce,5A-5B,,kha,0.0
2005,state_forest_management_centre,protected_forest,aspen,1,1.59893737,kha,0.38154043
2005,state_forest_management_centre,protected_forest,aspen,1A,0.70864935,kha,0.530694292
2005,state_forest_management_centre,protected_forest,aspen,2,0.213667415,kha,0.999753554
2005,state_forest_management_centre,protected_forest,aspen,3,,kha,0.0
2005,state_forest_management_centre,protected_forest,aspen,4,,kha,0.0
2005,state_forest_management_centre,protected_forest,aspen,5,,kha,0.0
2005,state_forest_management_centre,protected_forest,aspen,5A-5B,,kha,0.0
2005,state_forest_management_centre,protected_forest,birch,1,4.356080333,kha,0.286782136
2005,state_forest_management_centre,protected_forest,birch,1A,1.923006739,kha,0.429758485
2005,state_forest_management_centre,protected_forest,birch,2,11.324373021,kha,0.2293623
2005,state_forest_management_centre,protected_forest,birch,3,7.332510164,kha,0.26085849
2005,state_forest_management_centre,protected_forest,birch,4,3.982546957,kha,0.296104426
2005,state_forest_management_centre,protected_forest,birch,5,3.205011232,kha,0.411014982
2005,state_forest_management_centre,protected_forest,birch,5A-5B,0.641002246,kha,0.57749086
2005,state_forest_management_centre,protected_forest,black_alder,1,0.854669662,kha,0.612471558
2005,state_forest_management_centre,protected_forest,black_alder,1A,,kha,0.0
2005,state_forest_management_centre,protected_forest,black_alder,2,1.884717539,kha,0.457496571
2005,state_forest_management_centre,protected_forest,black_alder,3,0.641002246,kha,0.577717729
2005,state_forest_management_centre,protected_forest,black_alder,4,0.735956046,kha,0.519622634
2005,state_forest_management_centre,protected_forest,black_alder,5,,kha,0.0
2005,state_forest_management_centre,protected_forest,black_alder,5A-5B,,kha,0.0
2005,state_forest_management_centre,protected_forest,grey_alder,1,,kha,0.0
2005,state_forest_management_centre,protected_forest,grey_alder,1A,,kha,0.0
2005,state_forest_management_centre,protected_forest,grey_alder,2,0.306249507,kha,0.760187611
2005,state_forest_management_centre,protected_forest,grey_alder,3,,kha,0.0
2005,state_forest_management_centre,protected_forest,grey_alder,4,,kha,0.0
2005,state_forest_management_centre,protected_forest,grey_alder,5,,kha,0.0
2005,state_forest_management_centre,protected_forest,grey_alder,5A-5B,,kha,0.0
2005,state_forest_management_centre,protected_forest,pine,1,5.85982887,kha,0.242625078
2005,state_forest_management_centre,protected_forest,pine,1A,0.427334831,kha,0.706801664
2005,state_forest_management_centre,protected_forest,pine,2,19.36019085,kha,0.153578417
2005,state_forest_management_centre,protected_forest,pine,3,21.492463456,kha,0.158321644
2005,state_forest_management_centre,protected_forest,pine,4,15.264250595,kha,0.152555388
2005,state_forest_management_centre,protected_forest,pine,5,12.168038811,kha,0.174047992
2005,state_forest_management_centre,protected_forest,pine,5A-5B,15.264784764,kha,0.158566946
2005,state_forest_management_centre,protected_forest,spruce,1,4.083419344,kha,0.30075994
2005,state_forest_management_centre,protected_forest,spruce,1A,1.187050693,kha,0.456257299
2005,state_forest_management_centre,protected_forest,spruce,2,4.096709457,kha,0.315555602
2005,state_forest_management_centre,protected_forest,spruce,3,3.717983963,kha,0.330702912
2005,state_forest_management_centre,protected_forest,spruce,4,1.495671908,kha,0.42798377
2005,state_forest_management_centre,protected_forest,spruce,5,0.385562851,kha,0.999507765
2005,state_forest_management_centre,protected_forest,spruce,5A-5B,0.186403453,kha,0.999556932
2006,other,production_forest,aspen,1,34.047595754,kha,0.08904416
2006,other,production_forest,aspen,1A,9.177787699,kha,0.203061818
2006,other,production_forest,aspen,2,25.985798486,kha,0.108703614
2006,other,production_forest,aspen,3,4.77510196,kha,0.227367395
2006,other,production_forest,aspen,4,,kha,0.0
2006,other,production_forest,aspen,5,,kha,0.0
2006,other,production_forest,aspen,5A-5B,,kha,0.0
2006,other,production_forest,birch,1,86.271007243,kha,0.054745174
2006,other,production_forest,birch,1A,16.16213843,kha,0.132351462
2006,other,production_forest,birch,2,157.702531381,kha,0.050769547
2006,other,production_forest,birch,3,98.156576898,kha,0.066455508
2006,other,production_forest,birch,4,32.355942409,kha,0.106170786
2006,other,production_forest,birch,5,8.390909278,kha,0.173269394
2006,other,production_forest,birch,5A-5B,1.677645009,kha,0.364623404
2006,other,production_forest,black_alder,1,4.355900413,kha,0.230712324
2006,other,production_forest,black_alder,1A,0.039256893,kha,0.999441738
2006,other,production_forest,black_alder,2,23.066276759,kha,0.109218655
2006,other,production_forest,black_alder,3,8.497649441,kha,0.17422855
2006,other,production_forest,black_alder,4,0.838822505,kha,0.499492412
2006,other,production_forest,black_alder,5,,kha,0.0
2006,other,production_forest,black_alder,5A-5B,,kha,0.0
2006,other,production_forest,grey_alder,1,77.355204783,kha,0.06915351
2006,other,production_forest,grey_alder,1A,10.276791973,kha,0.153207999
2006,other,production_forest,grey_alder,2,77.907191932,kha,0.062710792
2006,other,production_forest,grey_alder,3,11.702475673,kha,0.159963825
2006,other,production_forest,grey_alder,4,0.629116878,kha,0.623591095
2006,other,production_forest,grey_alder,5,0.209705626,kha,0.999779468
2006,other,production_forest,grey_alder,5A-5B,,kha,0.0
2006,other,production_forest,other,1,6.93584582,kha,0.188023252
2006,other,production_forest,other,1A,3.083406674,kha,0.2753013
2006,other,production_forest,other,2,11.92675584,kha,0.159452827
2006,other,production_forest,other,3,7.589561168,kha,0.200078933
2006,other,production_forest,other,4,3.30802237,kha,0.269856011
2006,other,production_forest,other,5,0.419411252,kha,0.706760747
2006,other,production_forest,other,5A-5B,,kha,0.0
2006,other,production_forest,pine,1,56.773562223,kha,0.075974436
2006,other,production_forest,pine,1A,11.942106292,kha,0.144908264
2006,other,production_forest,pine,2,104.237746468,kha,0.06653566
2006,other,production_forest,pine,3,82.803755391,kha,0.07612289
2006,other,production_forest,pine,4,36.610911505,kha,0.102020626
2006,other,production_forest,pine,5,20.638913166,kha,0.138620483
2006,other,production_forest,pine,5A-5B,10.694986933,kha,0.174466092
2006,other,production_forest,spruce,1,80.140577821,kha,0.058791462
2006,other,production_forest,spruce,1A,30.878566273,kha,0.090524118
2006,other,production_forest,spruce,2,63.469064425,kha,0.069548811
2006,other,production_forest,spruce,3,23.287159695,kha,0.114491925
2006,other,production_forest,spruce,4,4.709086629,kha,0.264506862
2006,other,production_forest,spruce,5,0.419411252,kha,0.707442806
2006,other,production_forest,spruce,5A-5B,0.209705626,kha,1.224131512
2006,other,protected_forest,aspen,1,1.048528131,kha,0.447025611
2006,other,protected_forest,aspen,1A,0.209705626,kha,1.000261742
2006,other,protected_forest,aspen,2,1.677645009,kha,0.433025547
2006,other,protected_forest,aspen,3,0.209705626,kha,1.000273796
2006,other,protected_forest,aspen,4,,kha,0.0
2006,other,protected_forest,aspen,5,,kha,0.0
2006,other,protected_forest,aspen,5A-5B,,kha,0.0
2006,other,protected_forest,birch,1,3.355290018,kha,0.355880265
2006,other,protected_forest,birch,1A,,kha,0.0
2006,other,protected_forest,birch,2,6.598072968,kha,0.278854929
2006,other,protected_forest,birch,3,9.338883561,kha,0.26833611
2006,other,protected_forest,birch,4,2.72617314,kha,0.297623558
2006,other,protected_forest,birch,5,0.629116878,kha,0.577566959
2006,other,protected_forest,birch,5A-5B,0.629116878,kha,0.744887456
2006,other,protected_forest,black_alder,1,0.419411252,kha,0.707476895
2006,other,protected_forest,black_alder,1A,,kha,0.0
2006,other,protected_forest,black_alder,2,2.306761888,kha,0.352539969
2006,other,protected_forest,black_alder,3,1.677645009,kha,0.468295508
2006,other,protected_forest,black_alder,4,0.209705626,kha,1.000261742
2006,other,protected_forest,black_alder,5,0.209705626,kha,1.000261742
2006,other,protected_forest,black_alder,5A-5B,,kha,0.0
2006,other,protected_forest,grey_alder,1,3.074892626,kha,0.276631604
2006,other,protected_forest,grey_alder,1A,,kha,0.0
2006,other,protected_forest,grey_alder,2,1.258233757,kha,0.47155484
2006,other,protected_forest,grey_alder,3,,kha,0.0
2006,other,protected_forest,grey_alder,4,,kha,0.0
2006,other,protected_forest,grey_alder,5,,kha,0.0
2006,other,protected_forest,grey_alder,5A-5B,,kha,0.0
2006,other,protected_forest,pine,1,0.629116878,kha,0.577016971
2006,other,protected_forest,pine,1A,0.209705626,kha,0.999646807
2006,other,protected_forest,pine,2,4.403818149,kha,0.290588064
2006,other,protected_forest,pine,3,5.20785049,kha,0.237830042
2006,other,protected_forest,pine,4,3.810896462,kha,0.26063776
2006,other,protected_forest,pine,5,4.613523775,kha,0.285450254
2006,other,protected_forest,pine,5A-5B,5.628561917,kha,0.237881281
2006,other,protected_forest,spruce,1,2.447558245,kha,0.319700926
2006,other,protected_forest,spruce,1A,0.838822505,kha,0.499682503
2006,other,protected_forest,spruce,2,4.711393391,kha,0.281919212
2006,other,protected_forest,spruce,3,1.677645009,kha,0.408815178
2006,other,protected_forest,spruce,4,0.419411252,kha,0.706760749
2006,other,protected_forest,spruce,5,0.209705626,kha,1.000020634
2006,other,protected_forest,spruce,5A-5B,,kha,0.0
2006,state_forest_management_centre,production_forest,aspen,1,19.688003004,kha,0.129449242
2006,state_forest_management_centre,production_forest,aspen,1A,8.343893276,kha,0.185311465
2006,state_forest_management_centre,production_forest,aspen,2,3.858206051,kha,0.234902858
2006,state_forest_management_centre,production_forest,aspen,3,0.419411252,kha,0.706709567
2006,state_forest_management_centre,production_forest,aspen,4,0.127165492,kha,0.999586493
2006,state_forest_management_centre,production_forest,aspen,5,,kha,0.0
2006,state_forest_management_centre,production_forest,aspen,5A-5B,,kha,0.0
2006,state_forest_management_centre,production_forest,birch,1,60.151060067,kha,0.087569401
2006,state_forest_management_centre,production_forest,birch,1A,12.490863974,kha,0.155869625
2006,state_forest_management_centre,production_forest,birch,2,73.226499445,kha,0.075419146
2006,state_forest_management_centre,production_forest,birch,3,26.483010526,kha,0.107714869
2006,state_forest_management_centre,production_forest,birch,4,7.654255354,kha,0.183855664
2006,state_forest_management_centre,production_forest,birch,5,1.344569563,kha,0.497661456
2006,state_forest_management_centre,production_forest,birch,5A-5B,1.258233757,kha,0.407853203
2006,state_forest_management_centre,production_forest,black_alder,1,4.111194918,kha,0.241492683
2006,state_forest_management_centre,production_forest,black_alder,1A,0.419411252,kha,0.706794867
2006,state_forest_management_centre,production_forest,black_alder,2,8.822105986,kha,0.186558875
2006,state_forest_management_centre,production_forest,black_alder,3,3.305002609,kha,0.269407392
2006,state_forest_management_centre,production_forest,black_alder,4,0.60904805,kha,0.577373372
2006,state_forest_management_centre,production_forest,black_alder,5,,kha,0.0
2006,state_forest_management_centre,production_forest,black_alder,5A-5B,,kha,0.0
2006,state_forest_management_centre,production_forest,grey_alder,1,7.206722577,kha,0.176306157
2006,state_forest_management_centre,production_forest,grey_alder,1A,1.677645009,kha,0.363961454
2006,state_forest_management_centre,production_forest,grey_alder,2,4.353866269,kha,0.2345545
2006,state_forest_management_centre,production_forest,grey_alder,3,0.524264065,kha,0.599600203
2006,state_forest_management_centre,production_forest,grey_alder,4,,kha,0.0
2006,state_forest_management_centre,production_forest,grey_alder,5,,kha,0.0
2006,state_forest_management_centre,production_forest,grey_alder,5A-5B,,kha,0.0
2006,state_forest_management_centre,production_forest,other,1,0.629116878,kha,0.576550115
2006,state_forest_management_centre,production_forest,other,1A,0.209705626,kha,0.999875941
2006,state_forest_management_centre,production_forest,other,2,0.643041332,kha,0.523059854
2006,state_forest_management_centre,production_forest,other,3,0.209705626,kha,0.999345222
2006,state_forest_management_centre,production_forest,other,4,,kha,0.0
2006,state_forest_management_centre,production_forest,other,5,,kha,0.0
2006,state_forest_management_centre,production_forest,other,5A-5B,,kha,0.0
2006,state_forest_management_centre,production_forest,pine,1,52.574060266,kha,0.095242082
2006,state_forest_management_centre,production_forest,pine,1A,8.925386007,kha,0.178420997
2006,state_forest_management_centre,production_forest,pine,2,95.577491284,kha,0.077266537
2006,state_forest_management_centre,production_forest,pine,3,57.831212549,kha,0.094221119
2006,state_forest_management_centre,production_forest,pine,4,26.418169546,kha,0.119207425
2006,state_forest_management_centre,production_forest,pine,5,15.870374992,kha,0.147193042
2006,state_forest_management_centre,production_forest,pine,5A-5B,17.495341948,kha,0.175248452
2006,state_forest_management_centre,production_forest,spruce,1,57.589317109,kha,0.084517886
2006,state_forest_management_centre,production_forest,spruce,1A,29.213776219,kha,0.105854984
2006,state_forest_management_centre,production_forest,spruce,2,28.564087219,kha,0.1043492
2006,state_forest_management_centre,production_forest,spruce,3,8.96351049,kha,0.177380729
2006,state_forest_management_centre,production_forest,spruce,4,2.450074712,kha,0.31866432
2006,state_forest_management_centre,production_forest,spruce,5,,kha,0.0
2006,state_forest_management_centre,production_forest,spruce,5A-5B,,kha,0.0
2006,state_forest_management_centre,protected_forest,aspen,1,1.569290112,kha,0.381582609
2006,state_forest_management_centre,protected_forest,aspen,1A,0.419411252,kha,0.706419475
2006,state_forest_management_centre,protected_forest,aspen,2,0.209705626,kha,0.999779468
2006,state_forest_management_centre,protected_forest,aspen,3,,kha,0.0
2006,state_forest_management_centre,protected_forest,aspen,4,,kha,0.0
2006,state_forest_management_centre,protected_forest,aspen,5,,kha,0.0
2006,state_forest_management_centre,protected_forest,aspen,5A-5B,,kha,0.0
2006,state_forest_management_centre,protected_forest,birch,1,4.90442742,kha,0.28079594
2006,state_forest_management_centre,protected_forest,birch,1A,1.887350635,kha,0.430161485
2006,state_forest_management_centre,protected_forest,birch,2,11.114398185,kha,0.225969865
2006,state_forest_management_centre,protected_forest,birch,3,7.615963107,kha,0.216369661
2006,state_forest_management_centre,protected_forest,birch,4,3.069880661,kha,0.363400745
2006,state_forest_management_centre,protected_forest,birch,5,3.355290018,kha,0.412075722
2006,state_forest_management_centre,protected_forest,birch,5A-5B,0.629116878,kha,0.623745754
2006,state_forest_management_centre,protected_forest,black_alder,1,0.838822505,kha,0.611756079
2006,state_forest_management_centre,protected_forest,black_alder,1A,,kha,0.0
2006,state_forest_management_centre,protected_forest,black_alder,2,1.640065761,kha,0.49997125
2006,state_forest_management_centre,protected_forest,black_alder,3,0.629116878,kha,0.577469532
2006,state_forest_management_centre,protected_forest,black_alder,4,0.722310059,kha,0.519157696
2006,state_forest_management_centre,protected_forest,black_alder,5,,kha,0.0
2006,state_forest_management_centre,protected_forest,black_alder,5A-5B,,kha,0.0
2006,state_forest_management_centre,protected_forest,grey_alder,1,,kha,0.0
2006,state_forest_management_centre,protected_forest,grey_alder,1A,,kha,0.0
2006,state_forest_management_centre,protected_forest,grey_alder,2,0.300571074,kha,0.76094755
2006,state_forest_management_centre,protected_forest,grey_alder,3,,kha,0.0
2006,state_forest_management_centre,protected_forest,grey_alder,4,,kha,0.0
2006,state_forest_management_centre,protected_forest,grey_alder,5,,kha,0.0
2006,state_forest_management_centre,protected_forest,grey_alder,5A-5B,,kha,0.0
2006,state_forest_management_centre,protected_forest,pine,1,5.760466756,kha,0.266994746
2006,state_forest_management_centre,protected_forest,pine,1A,0.419411252,kha,0.706939853
2006,state_forest_management_centre,protected_forest,pine,2,18.162163898,kha,0.164458992
2006,state_forest_management_centre,protected_forest,pine,3,21.781284565,kha,0.166728283
2006,state_forest_management_centre,protected_forest,pine,4,14.768602603,kha,0.161953384
2006,state_forest_management_centre,protected_forest,pine,5,11.894167586,kha,0.168321347
2006,state_forest_management_centre,protected_forest,pine,5A-5B,15.245494167,kha,0.148383766
2006,state_forest_management_centre,protected_forest,spruce,1,3.56222753,kha,0.293074908
2006,state_forest_management_centre,protected_forest,spruce,1A,1.584451829,kha,0.383898858
2006,state_forest_management_centre,protected_forest,spruce,2,3.952405818,kha,0.318594595
2006,state_forest_management_centre,protected_forest,spruce,3,3.229634407,kha,0.373149675
2006,state_forest_management_centre,protected_forest,spruce,4,1.467939383,kha,0.439602675
2006,state_forest_management_centre,protected_forest,spruce,5,0.378413802,kha,0.999538244
2006,state_forest_management_centre,protected_forest,spruce,5A-5B,0.182947188,kha,0.99997241
2007,other,production_forest,aspen,1,33.563893603,kha,0.08956949
2007,other,production_forest,aspen,1A,10.326176256,kha,0.188219507
2007,other,production_forest,aspen,2,23.268450325,kha,0.112724294
2007,other,production_forest,aspen,3,4.920445639,kha,0.221730455
2007,other,production_forest,aspen,4,,kha,0.0
2007,other,production_forest,aspen,5,,kha,0.0
2007,other,production_forest,aspen,5A-5B,,kha,0.0
2007,other,production_forest,birch,1,90.628653069,kha,0.052294363
2007,other,production_forest,birch,1A,16.918274871,kha,0.139533416
2007,other,production_forest,birch,2,156.764978569,kha,0.05082412
2007,other,production_forest,birch,3,94.879082265,kha,0.064515363
2007,other,production_forest,birch,4,32.717548264,kha,0.111112619
2007,other,production_forest,birch,5,8.968191473,kha,0.167978171
2007,other,production_forest,birch,5A-5B,1.876504744,kha,0.351383409
2007,other,production_forest,black_alder,1,5.871687594,kha,0.187944338
2007,other,production_forest,black_alder,1A,0.247531826,kha,0.857078815
2007,other,production_forest,black_alder,2,24.216752423,kha,0.115185358
2007,other,production_forest,black_alder,3,8.865817714,kha,0.160666041
2007,other,production_forest,black_alder,4,1.042502636,kha,0.446767504
2007,other,production_forest,black_alder,5,,kha,0.0
2007,other,production_forest,black_alder,5A-5B,,kha,0.0
2007,other,production_forest,grey_alder,1,72.938175646,kha,0.069908419
2007,other,production_forest,grey_alder,1A,10.401361546,kha,0.149560411
2007,other,production_forest,grey_alder,2,73.681917876,kha,0.061765438
2007,other,production_forest,grey_alder,3,10.303241198,kha,0.165410384
2007,other,production_forest,grey_alder,4,0.417001054,kha,0.829135433
2007,other,production_forest,grey_alder,5,0.208500527,kha,0.999767014
2007,other,production_forest,grey_alder,5A-5B,,kha,0.0
2007,other,production_forest,other,1,8.563992351,kha,0.176269626
2007,other,production_forest,other,1A,3.274188028,kha,0.265489563
2007,other,production_forest,other,2,10.878077151,kha,0.167719006
2007,other,production_forest,other,3,7.128945773,kha,0.20881686
2007,other,production_forest,other,4,3.336008434,kha,0.284003673
2007,other,production_forest,other,5,0.417001054,kha,0.706912902
2007,other,production_forest,other,5A-5B,,kha,0.0
2007,other,production_forest,pine,1,60.908070532,kha,0.07523846
2007,other,production_forest,pine,1A,14.217296493,kha,0.139101531
2007,other,production_forest,pine,2,103.485462773,kha,0.068381142
2007,other,production_forest,pine,3,86.729526412,kha,0.07666856
2007,other,production_forest,pine,4,38.85920234,kha,0.095121982
2007,other,production_forest,pine,5,21.95694031,kha,0.131302783
2007,other,production_forest,pine,5A-5B,11.777965426,kha,0.180093995
2007,other,production_forest,spruce,1,82.216386552,kha,0.06035164
2007,other,production_forest,spruce,1A,31.5058266,kha,0.088930703
2007,other,production_forest,spruce,2,59.10745998,kha,0.075213102
2007,other,production_forest,spruce,3,21.13444743,kha,0.122380905
2007,other,production_forest,spruce,4,4.061965569,kha,0.286296087
2007,other,production_forest,spruce,5,0.417001054,kha,0.707218027
2007,other,production_forest,spruce,5A-5B,0.208500527,kha,1.224123909
2007,other,protected_forest,aspen,1,1.042502636,kha,0.447250135
2007,other,protected_forest,aspen,1A,0.417001054,kha,0.70704853
2007,other,protected_forest,aspen,2,1.876504744,kha,0.400600425
2007,other,protected_forest,aspen,3,0.208500527,kha,1.00025842
2007,other,protected_forest,aspen,4,,kha,0.0
2007,other,protected_forest,aspen,5,,kha,0.0
2007,other,protected_forest,aspen,5A-5B,,kha,0.0
2007,other,protected_forest,birch,1,3.753009488,kha,0.306629194
2007,other,protected_forest,birch,1A,,kha,0.0
2007,other,protected_forest,birch,2,7.118604147,kha,0.26423192
2007,other,protected_forest,birch,3,8.659714943,kha,0.281268749
2007,other,protected_forest,birch,4,2.91900738,kha,0.289931377
2007,other,protected_forest,birch,5,1.251003163,kha,0.471689968
2007,other,protected_forest,birch,5A-5B,0.417001054,kha,0.99947925
2007,other,protected_forest,black_alder,1,0.417001054,kha,0.707726275
2007,other,protected_forest,black_alder,1A,,kha,0.0
2007,other,protected_forest,black_alder,2,2.502006325,kha,0.333671047
2007,other,protected_forest,black_alder,3,2.085005271,kha,0.424474866
2007,other,protected_forest,black_alder,4,0.417001054,kha,0.706912904
2007,other,protected_forest,black_alder,5,0.208500527,kha,0.999767014
2007,other,protected_forest,black_alder,5A-5B,,kha,0.0
2007,other,protected_forest,grey_alder,1,3.474223433,kha,0.260873967
2007,other,protected_forest,grey_alder,1A,,kha,0.0
2007,other,protected_forest,grey_alder,2,0.625501581,kha,0.577673275
2007,other,protected_forest,grey_alder,3,,kha,0.0
2007,other,protected_forest,grey_alder,4,,kha,0.0
2007,other,protected_forest,grey_alder,5,,kha,0.0
2007,other,protected_forest,grey_alder,5A-5B,,kha,0.0
2007,other,protected_forest,pine,1,1.042502636,kha,0.529303441
2007,other,protected_forest,pine,1A,0.208500527,kha,0.999227393
2007,other,protected_forest,pine,2,5.212513178,kha,0.2619267
2007,other,protected_forest,pine,3,5.715312199,kha,0.26342409
2007,other,protected_forest,pine,4,3.788996679,kha,0.244818158
2007,other,protected_forest,pine,5,5.838014759,kha,0.251011978
2007,other,protected_forest,pine,5A-5B,5.387716171,kha,0.241745106
2007,other,protected_forest,spruce,1,2.641993579,kha,0.304966055
2007,other,protected_forest,spruce,1A,0.834002108,kha,0.499896672
2007,other,protected_forest,spruce,2,4.058817211,kha,0.270686051
2007,other,protected_forest,spruce,3,1.45950369,kha,0.445441117
2007,other,protected_forest,spruce,4,0.208500527,kha,0.99957518
2007,other,protected_forest,spruce,5,0.208500527,kha,0.999814967
2007,other,protected_forest,spruce,5A-5B,,kha,0.0
2007,state_forest_management_centre,production_forest,aspen,1,17.17479307,kha,0.128430734
2007,state_forest_management_centre,production_forest,aspen,1A,8.751976426,kha,0.179707262
2007,state_forest_management_centre,production_forest,aspen,2,4.579630678,kha,0.220218098
2007,state_forest_management_centre,production_forest,aspen,3,0.417001054,kha,0.706895948
2007,state_forest_management_centre,production_forest,aspen,4,0.12643472,kha,0.999767014
2007,state_forest_management_centre,production_forest,aspen,5,,kha,0.0
2007,state_forest_management_centre,production_forest,aspen,5A-5B,,kha,0.0
2007,state_forest_management_centre,production_forest,birch,1,59.203599573,kha,0.086199358
2007,state_forest_management_centre,production_forest,birch,1A,12.252304125,kha,0.146825988
2007,state_forest_management_centre,production_forest,birch,2,67.010046959,kha,0.077771781
2007,state_forest_management_centre,production_forest,birch,3,24.467495157,kha,0.113191412
2007,state_forest_management_centre,production_forest,birch,4,8.652771875,kha,0.297566974
2007,state_forest_management_centre,production_forest,birch,5,1.33684283,kha,0.497903335
2007,state_forest_management_centre,production_forest,birch,5A-5B,1.251003163,kha,0.407880587
2007,state_forest_management_centre,production_forest,black_alder,1,3.801756911,kha,0.267158278
2007,state_forest_management_centre,production_forest,black_alder,1A,0.417001054,kha,0.706370137
2007,state_forest_management_centre,production_forest,black_alder,2,7.937406567,kha,0.202176185
2007,state_forest_management_centre,production_forest,black_alder,3,2.737820422,kha,0.308015134
2007,state_forest_management_centre,production_forest,black_alder,4,0.605548081,kha,0.576695138
2007,state_forest_management_centre,production_forest,black_alder,5,,kha,0.0
2007,state_forest_management_centre,production_forest,black_alder,5A-5B,,kha,0.0
2007,state_forest_management_centre,production_forest,grey_alder,1,7.419929108,kha,0.172581279
2007,state_forest_management_centre,production_forest,grey_alder,1A,1.6218839,kha,0.365789576
2007,state_forest_management_centre,production_forest,grey_alder,2,3.648613274,kha,0.25819487
2007,state_forest_management_centre,production_forest,grey_alder,3,0.521251318,kha,0.599803476
2007,state_forest_management_centre,production_forest,grey_alder,4,,kha,0.0
2007,state_forest_management_centre,production_forest,grey_alder,5,,kha,0.0
2007,state_forest_management_centre,production_forest,grey_alder,5A-5B,,kha,0.0
2007,state_forest_management_centre,production_forest,other,1,0.625501581,kha,0.576586433
2007,state_forest_management_centre,production_forest,other,1A,0.208500527,kha,0.999767014
2007,state_forest_management_centre,production_forest,other,2,0.74359628,kha,0.470637569
2007,state_forest_management_centre,production_forest,other,3,0.208500527,kha,0.999335336
2007,state_forest_management_centre,production_forest,other,4,,kha,0.0
2007,state_forest_management_centre,production_forest,other,5,,kha,0.0
2007,state_forest_management_centre,production_forest,other,5A-5B,,kha,0.0
2007,state_forest_management_centre,production_forest,pine,1,60.854756948,kha,0.090864277
2007,state_forest_management_centre,production_forest,pine,1A,10.6997675,kha,0.168890999
2007,state_forest_management_centre,production_forest,pine,2,95.558835683,kha,0.075637979
2007,state_forest_management_centre,production_forest,pine,3,55.556716854,kha,0.099943212
2007,state_forest_management_centre,production_forest,pine,4,27.467484141,kha,0.116342547
2007,state_forest_management_centre,production_forest,pine,5,14.883351427,kha,0.142676115
2007,state_forest_management_centre,production_forest,pine,5A-5B,16.769301245,kha,0.183748737
2007,state_forest_management_centre,production_forest,spruce,1,52.575868218,kha,0.087424859
2007,state_forest_management_centre,production_forest,spruce,1A,31.202708534,kha,0.104938155
2007,state_forest_management_centre,production_forest,spruce,2,28.667175324,kha,0.098975632
2007,state_forest_management_centre,production_forest,spruce,3,8.286498999,kha,0.172749159
2007,state_forest_management_centre,production_forest,spruce,4,2.644495586,kha,0.306151268
2007,state_forest_management_centre,production_forest,spruce,5,,kha,0.0
2007,state_forest_management_centre,production_forest,spruce,5A-5B,,kha,0.0
2007,state_forest_management_centre,protected_forest,aspen,1,1.671465326,kha,0.42966565
2007,state_forest_management_centre,protected_forest,aspen,1A,1.251003163,kha,0.471266279
2007,state_forest_management_centre,protected_forest,aspen,2,0.208500527,kha,1.000150571
2007,state_forest_management_centre,protected_forest,aspen,3,,kha,0.0
2007,state_forest_management_centre,protected_forest,aspen,4,,kha,0.0
2007,state_forest_management_centre,protected_forest,aspen,5,,kha,0.0
2007,state_forest_management_centre,protected_forest,aspen,5A-5B,,kha,0.0
2007,state_forest_management_centre,protected_forest,birch,1,5.829111787,kha,0.265486828
2007,state_forest_management_centre,protected_forest,birch,1A,2.085005271,kha,0.387086711
2007,state_forest_management_centre,protected_forest,birch,2,11.259028464,kha,0.223179764
2007,state_forest_management_centre,protected_forest,birch,3,8.614699679,kha,0.204365906
2007,state_forest_management_centre,protected_forest,birch,4,3.886241325,kha,0.316223395
2007,state_forest_management_centre,protected_forest,birch,5,3.336008434,kha,0.39251837
2007,state_forest_management_centre,protected_forest,birch,5A-5B,1.251003163,kha,0.485482374
2007,state_forest_management_centre,protected_forest,black_alder,1,0.834002108,kha,0.611443281
2007,state_forest_management_centre,protected_forest,black_alder,1A,0.208500527,kha,1.000342295
2007,state_forest_management_centre,protected_forest,black_alder,2,1.83914145,kha,0.457325346
2007,state_forest_management_centre,protected_forest,black_alder,3,0.625501581,kha,0.577057419
2007,state_forest_management_centre,protected_forest,black_alder,4,0.718159216,kha,0.518985152
2007,state_forest_management_centre,protected_forest,black_alder,5,,kha,0.0
2007,state_forest_management_centre,protected_forest,black_alder,5A-5B,,kha,0.0
2007,state_forest_management_centre,protected_forest,grey_alder,1,,kha,0.0
2007,state_forest_management_centre,protected_forest,grey_alder,1A,,kha,0.0
2007,state_forest_management_centre,protected_forest,grey_alder,2,0.507344333,kha,0.621391076
2007,state_forest_management_centre,protected_forest,grey_alder,3,,kha,0.0
2007,state_forest_management_centre,protected_forest,grey_alder,4,,kha,0.0
2007,state_forest_management_centre,protected_forest,grey_alder,5,,kha,0.0
2007,state_forest_management_centre,protected_forest,grey_alder,5A-5B,,kha,0.0
2007,state_forest_management_centre,protected_forest,pine,1,5.518863002,kha,0.275615367
2007,state_forest_management_centre,protected_forest,pine,1A,0.417001054,kha,0.706921381
2007,state_forest_management_centre,protected_forest,pine,2,17.640791748,kha,0.162195995
2007,state_forest_management_centre,protected_forest,pine,3,21.255127535,kha,0.153266804
2007,state_forest_management_centre,protected_forest,pine,4,14.017844889,kha,0.163778777
2007,state_forest_management_centre,protected_forest,pine,5,11.982608693,kha,0.172469824
2007,state_forest_management_centre,protected_forest,pine,5A-5B,16.244693068,kha,0.150755969
2007,state_forest_management_centre,protected_forest,spruce,1,2.916255173,kha,0.2854075
2007,state_forest_management_centre,protected_forest,spruce,1A,1.652199877,kha,0.384597214
2007,state_forest_management_centre,protected_forest,spruce,2,3.929692835,kha,0.329942402
2007,state_forest_management_centre,protected_forest,spruce,3,3.211074918,kha,0.372953664
2007,state_forest_management_centre,protected_forest,spruce,4,1.45950369,kha,0.43966908
2007,state_forest_management_centre,protected_forest,spruce,5,0.376239201,kha,0.99957518
2007,state_forest_management_centre,protected_forest,spruce,5A-5B,0.18189586,kha,0.999767019
2008,other,production_forest,aspen,1,32.405783437,kha,0.093699422
2008,other,production_forest,aspen,1A,14.330847129,kha,0.153694075
2008,other,production_forest,aspen,2,21.881432887,kha,0.119701989
2008,other,production_forest,aspen,3,4.089625803,kha,0.244583374
2008,other,production_forest,aspen,4,,kha,0.0
2008,other,production_forest,aspen,5,,kha,0.0
2008,other,production_forest,aspen,5A-5B,,kha,0.0
2008,other,production_forest,birch,1,99.007795659,kha,0.054337421
2008,other,production_forest,birch,1A,19.481753558,kha,0.125211414
2008,other,production_forest,birch,2,152.737874615,kha,0.05133758
2008,other,production_forest,birch,3,90.061600937,kha,0.065165917
2008,other,production_forest,birch,4,30.098024573,kha,0.118046213
2008,other,production_forest,birch,5,7.63899972,kha,0.174461267
2008,other,production_forest,birch,5A-5B,1.252322409,kha,0.425206006
2008,other,production_forest,black_alder,1,6.999167329,kha,0.186840187
2008,other,production_forest,black_alder,1A,0.456513262,kha,0.652319452
2008,other,production_forest,black_alder,2,23.929376594,kha,0.117317411
2008,other,production_forest,black_alder,3,6.88777325,kha,0.186813059
2008,other,production_forest,black_alder,4,0.678612641,kha,0.538276797
2008,other,production_forest,black_alder,5,,kha,0.0
2008,other,production_forest,black_alder,5A-5B,,kha,0.0
2008,other,production_forest,grey_alder,1,71.621299566,kha,0.06929514
2008,other,production_forest,grey_alder,1A,11.310182862,kha,0.136277903
2008,other,production_forest,grey_alder,2,66.926614191,kha,0.065385749
2008,other,production_forest,grey_alder,3,8.693142108,kha,0.171620367
2008,other,production_forest,grey_alder,4,0.208720402,kha,1.118014597
2008,other,production_forest,grey_alder,5,,kha,0.0
2008,other,production_forest,grey_alder,5A-5B,,kha,0.0
2008,other,production_forest,other,1,8.010814243,kha,0.18887961
2008,other,production_forest,other,1A,3.068920424,kha,0.27583998
2008,other,production_forest,other,2,8.714661181,kha,0.157176149
2008,other,production_forest,other,3,7.096493652,kha,0.219967607
2008,other,production_forest,other,4,3.339526424,kha,0.275083986
2008,other,production_forest,other,5,0.417440803,kha,0.706668755
2008,other,production_forest,other,5A-5B,,kha,0.0
2008,other,production_forest,pine,1,66.813404245,kha,0.072602817
2008,other,production_forest,pine,1A,16.475344895,kha,0.12195236
2008,other,production_forest,pine,2,103.221380509,kha,0.069704669
2008,other,production_forest,pine,3,84.074372731,kha,0.078654943
2008,other,production_forest,pine,4,38.69928796,kha,0.101237474
2008,other,production_forest,pine,5,21.056903812,kha,0.130962787
2008,other,production_forest,pine,5A-5B,12.524392926,kha,0.180816546
2008,other,production_forest,spruce,1,84.294280546,kha,0.061337716
2008,other,production_forest,spruce,1A,32.37082277,kha,0.087111345
2008,other,production_forest,spruce,2,53.773993728,kha,0.081285308
2008,other,production_forest,spruce,3,16.563758857,kha,0.133439734
2008,other,production_forest,spruce,4,4.427669366,kha,0.272137319
2008,other,production_forest,spruce,5,0.417440803,kha,0.707347564
2008,other,production_forest,spruce,5A-5B,0.208720402,kha,1.22441364
2008,other,protected_forest,aspen,1,1.043602008,kha,0.446993356
2008,other,protected_forest,aspen,1A,0.417440803,kha,0.70680457
2008,other,protected_forest,aspen,2,2.087204015,kha,0.346506882
2008,other,protected_forest,aspen,3,0.208720402,kha,1.000374185
2008,other,protected_forest,aspen,4,,kha,0.0
2008,other,protected_forest,aspen,5,,kha,0.0
2008,other,protected_forest,aspen,5A-5B,,kha,0.0
2008,other,protected_forest,birch,1,3.965687629,kha,0.294543
2008,other,protected_forest,birch,1A,,kha,0.0
2008,other,protected_forest,birch,2,7.334831478,kha,0.271887263
2008,other,protected_forest,birch,3,9.503728659,kha,0.268066125
2008,other,protected_forest,birch,4,2.606688223,kha,0.307383934
2008,other,protected_forest,birch,5,1.252322409,kha,0.472036819
2008,other,protected_forest,birch,5A-5B,0.417440803,kha,0.999402234
2008,other,protected_forest,black_alder,1,0.417440803,kha,0.707754539
2008,other,protected_forest,black_alder,1A,,kha,0.0
2008,other,protected_forest,black_alder,2,2.295924417,kha,0.352776836
2008,other,protected_forest,black_alder,3,2.087204015,kha,0.424622871
2008,other,protected_forest,black_alder,4,0.417440803,kha,0.707211855
2008,other,protected_forest,black_alder,5,0.208720402,kha,1.000170274
2008,other,protected_forest,black_alder,5A-5B,,kha,0.0
2008,other,protected_forest,grey_alder,1,3.060446376,kha,0.280012614
2008,other,protected_forest,grey_alder,1A,,kha,0.0
2008,other,protected_forest,grey_alder,2,0.583603115,kha,0.580691268
2008,other,protected_forest,grey_alder,3,,kha,0.0
2008,other,protected_forest,grey_alder,4,,kha,0.0
2008,other,protected_forest,grey_alder,5,,kha,0.0
2008,other,protected_forest,grey_alder,5A-5B,,kha,0.0
2008,other,protected_forest,pine,1,1.252322409,kha,0.478538741
2008,other,protected_forest,pine,1A,0.208720402,kha,0.999246158
2008,other,protected_forest,pine,2,5.771640903,kha,0.24748319
2008,other,protected_forest,pine,3,5.793869626,kha,0.266055152
2008,other,protected_forest,pine,4,5.045314778,kha,0.24974962
2008,other,protected_forest,pine,5,5.844171243,kha,0.246625609
2008,other,protected_forest,pine,5A-5B,6.228279398,kha,0.23072532
2008,other,protected_forest,spruce,1,2.853500097,kha,0.291612595
2008,other,protected_forest,spruce,1A,0.626161205,kha,0.577427048
2008,other,protected_forest,spruce,2,4.591848834,kha,0.273803711
2008,other,protected_forest,spruce,3,1.294880499,kha,0.466239645
2008,other,protected_forest,spruce,4,0.208720402,kha,0.999594299
2008,other,protected_forest,spruce,5,0.208720402,kha,0.999402234
2008,other,protected_forest,spruce,5A-5B,,kha,0.0
2008,state_forest_management_centre,production_forest,aspen,1,17.120583144,kha,0.126156975
2008,state_forest_management_centre,production_forest,aspen,1A,10.275868912,kha,0.168818906
2008,state_forest_management_centre,production_forest,aspen,2,4.867902437,kha,0.251427565
2008,state_forest_management_centre,production_forest,aspen,3,0.544008855,kha,0.590304284
2008,state_forest_management_centre,production_forest,aspen,4,,kha,0.0
2008,state_forest_management_centre,production_forest,aspen,5,,kha,0.0
2008,state_forest_management_centre,production_forest,aspen,5A-5B,,kha,0.0
2008,state_forest_management_centre,production_forest,birch,1,61.262714759,kha,0.0843153
2008,state_forest_management_centre,production_forest,birch,1A,16.144982243,kha,0.141122422
2008,state_forest_management_centre,production_forest,birch,2,60.63732582,kha,0.079699674
2008,state_forest_management_centre,production_forest,birch,3,21.15141241,kha,0.115225431
2008,state_forest_management_centre,production_forest,birch,4,8.24445586,kha,0.312354362
2008,state_forest_management_centre,production_forest,birch,5,1.755693402,kha,0.415365687
2008,state_forest_management_centre,production_forest,birch,5A-5B,1.043602008,kha,0.446480419
2008,state_forest_management_centre,production_forest,black_alder,1,5.260004583,kha,0.224543878
2008,state_forest_management_centre,production_forest,black_alder,1A,0.626161205,kha,0.622958788
2008,state_forest_management_centre,production_forest,black_alder,2,8.534535474,kha,0.196302592
2008,state_forest_management_centre,production_forest,black_alder,3,1.488385183,kha,0.371412253
2008,state_forest_management_centre,production_forest,black_alder,4,0.606186662,kha,0.576505444
2008,state_forest_management_centre,production_forest,black_alder,5,0.208720402,kha,1.000362189
2008,state_forest_management_centre,production_forest,black_alder,5A-5B,,kha,0.0
2008,state_forest_management_centre,production_forest,grey_alder,1,6.944795664,kha,0.176291351
2008,state_forest_management_centre,production_forest,grey_alder,1A,1.623594259,kha,0.354352179
2008,state_forest_management_centre,production_forest,grey_alder,2,2.618606158,kha,0.280877596
2008,state_forest_management_centre,production_forest,grey_alder,3,0.521801004,kha,0.599982925
2008,state_forest_management_centre,production_forest,grey_alder,4,,kha,0.0
2008,state_forest_management_centre,production_forest,grey_alder,5,,kha,0.0
2008,state_forest_management_centre,production_forest,grey_alder,5A-5B,,kha,0.0
2008,state_forest_management_centre,production_forest,other,1,0.834881606,kha,0.499476443
2008,state_forest_management_centre,production_forest,other,1A,0.208720402,kha,0.999978319
2008,state_forest_management_centre,production_forest,other,2,0.800150531,kha,0.442936449
2008,state_forest_management_centre,production_forest,other,3,,kha,0.0
2008,state_forest_management_centre,production_forest,other,4,,kha,0.0
2008,state_forest_management_centre,production_forest,other,5,,kha,0.0
2008,state_forest_management_centre,production_forest,other,5A-5B,,kha,0.0
2008,state_forest_management_centre,production_forest,pine,1,64.17242326,kha,0.088609599
2008,state_forest_management_centre,production_forest,pine,1A,11.848222313,kha,0.155563486
2008,state_forest_management_centre,production_forest,pine,2,88.221501005,kha,0.075720571
2008,state_forest_management_centre,production_forest,pine,3,50.410026145,kha,0.108789395
2008,state_forest_management_centre,production_forest,pine,4,24.596113045,kha,0.121126983
2008,state_forest_management_centre,production_forest,pine,5,13.438003867,kha,0.15834876
2008,state_forest_management_centre,production_forest,pine,5A-5B,16.160824122,kha,0.191884726
2008,state_forest_management_centre,production_forest,spruce,1,55.722482165,kha,0.085682291
2008,state_forest_management_centre,production_forest,spruce,1A,33.071100589,kha,0.105743947
2008,state_forest_management_centre,production_forest,spruce,2,28.579834117,kha,0.09800314
2008,state_forest_management_centre,production_forest,spruce,3,7.072469934,kha,0.184333854
2008,state_forest_management_centre,production_forest,spruce,4,1.603682333,kha,0.354845784
2008,state_forest_management_centre,production_forest,spruce,5,,kha,0.0
2008,state_forest_management_centre,production_forest,spruce,5A-5B,,kha,0.0
2008,state_forest_management_centre,protected_forest,aspen,1,1.673227971,kha,0.429687684
2008,state_forest_management_centre,protected_forest,aspen,1A,1.669763212,kha,0.399540946
2008,state_forest_management_centre,protected_forest,aspen,2,,kha,0.0
2008,state_forest_management_centre,protected_forest,aspen,3,,kha,0.0
2008,state_forest_management_centre,protected_forest,aspen,4,,kha,0.0
2008,state_forest_management_centre,protected_forest,aspen,5,,kha,0.0
2008,state_forest_management_centre,protected_forest,aspen,5A-5B,,kha,0.0
2008,state_forest_management_centre,protected_forest,birch,1,4.791656874,kha,0.268752094
2008,state_forest_management_centre,protected_forest,birch,1A,2.295924417,kha,0.36566213
2008,state_forest_management_centre,protected_forest,birch,2,11.200542035,kha,0.214366247
2008,state_forest_management_centre,protected_forest,birch,3,6.666759217,kha,0.214140757
2008,state_forest_management_centre,protected_forest,birch,4,4.026529626,kha,0.342914923
2008,state_forest_management_centre,protected_forest,birch,5,2.922085621,kha,0.431105601
2008,state_forest_management_centre,protected_forest,birch,5A-5B,1.043602008,kha,0.546981501
2008,state_forest_management_centre,protected_forest,black_alder,1,0.834881606,kha,0.611317299
2008,state_forest_management_centre,protected_forest,black_alder,1A,0.208720402,kha,1.000170274
2008,state_forest_management_centre,protected_forest,black_alder,2,1.423640115,kha,0.42201053
2008,state_forest_management_centre,protected_forest,black_alder,3,1.252322409,kha,0.707030869
2008,state_forest_management_centre,protected_forest,black_alder,4,0.718916551,kha,0.519189668
2008,state_forest_management_centre,protected_forest,black_alder,5,,kha,0.0
2008,state_forest_management_centre,protected_forest,black_alder,5A-5B,,kha,0.0
2008,state_forest_management_centre,protected_forest,grey_alder,1,,kha,0.0
2008,state_forest_management_centre,protected_forest,grey_alder,1A,,kha,0.0
2008,state_forest_management_centre,protected_forest,grey_alder,2,0.507879353,kha,0.621363939
2008,state_forest_management_centre,protected_forest,grey_alder,3,,kha,0.0
2008,state_forest_management_centre,protected_forest,grey_alder,4,,kha,0.0
2008,state_forest_management_centre,protected_forest,grey_alder,5,,kha,0.0
2008,state_forest_management_centre,protected_forest,grey_alder,5A-5B,,kha,0.0
2008,state_forest_management_centre,protected_forest,pine,1,6.456974342,kha,0.255188257
2008,state_forest_management_centre,protected_forest,pine,1A,0.834881606,kha,0.611866596
2008,state_forest_management_centre,protected_forest,pine,2,16.720153054,kha,0.16822422
2008,state_forest_management_centre,protected_forest,pine,3,20.376579664,kha,0.157301026
2008,state_forest_management_centre,protected_forest,pine,4,12.846385889,kha,0.17963407
2008,state_forest_management_centre,protected_forest,pine,5,11.961912316,kha,0.17177305
2008,state_forest_management_centre,protected_forest,pine,5A-5B,13.999232155,kha,0.167233406
2008,state_forest_management_centre,protected_forest,spruce,1,3.336771315,kha,0.282335992
2008,state_forest_management_centre,protected_forest,spruce,1A,2.071383009,kha,0.367022313
2008,state_forest_management_centre,protected_forest,spruce,2,3.005010237,kha,0.284199648
2008,state_forest_management_centre,protected_forest,spruce,3,2.864332686,kha,0.376682825
2008,state_forest_management_centre,protected_forest,spruce,4,1.252322409,kha,0.485151381
2008,state_forest_management_centre,protected_forest,spruce,5,0.376635965,kha,0.999594299
2008,state_forest_management_centre,protected_forest,spruce,5A-5B,,kha,0.0
2009,other,production_forest,aspen,1,35.850917664,kha,0.092127541
2009,other,production_forest,aspen,1A,15.064981204,kha,0.148888956
2009,other,production_forest,aspen,2,19.972366644,kha,0.129301658
2009,other,production_forest,aspen,3,3.241930084,kha,0.260302061
2009,other,production_forest,aspen,4,0.415797315,kha,0.999779629
2009,other,production_forest,aspen,5,,kha,0.0
2009,other,production_forest,aspen,5A-5B,,kha,0.0
2009,other,production_forest,birch,1,103.752864491,kha,0.052569534
2009,other,production_forest,birch,1A,21.333104936,kha,0.119954992
2009,other,production_forest,birch,2,157.588429735,kha,0.051055424
2009,other,production_forest,birch,3,88.541273153,kha,0.065083038
2009,other,production_forest,birch,4,32.728612467,kha,0.116574145
2009,other,production_forest,birch,5,9.064215146,kha,0.202511251
2009,other,production_forest,birch,5A-5B,2.286885232,kha,0.337322763
2009,other,production_forest,black_alder,1,7.595307181,kha,0.187952432
2009,other,production_forest,black_alder,1A,1.078411916,kha,0.443302353
2009,other,production_forest,black_alder,2,24.906674959,kha,0.110943881
2009,other,production_forest,black_alder,3,7.348697794,kha,0.19831402
2009,other,production_forest,black_alder,4,0.883839562,kha,0.473886156
2009,other,production_forest,black_alder,5,,kha,0.0
2009,other,production_forest,black_alder,5A-5B,,kha,0.0
2009,other,production_forest,grey_alder,1,73.495688894,kha,0.067452555
2009,other,production_forest,grey_alder,1A,12.860964377,kha,0.128026033
2009,other,production_forest,grey_alder,2,64.641555342,kha,0.066429477
2009,other,production_forest,grey_alder,3,9.203798304,kha,0.167886876
2009,other,production_forest,grey_alder,4,0.207898657,kha,0.999779629
2009,other,production_forest,grey_alder,5,,kha,0.0
2009,other,production_forest,grey_alder,5A-5B,,kha,0.0
2009,other,production_forest,other,1,9.434565814,kha,0.172268754
2009,other,production_forest,other,1A,3.05683791,kha,0.297239676
2009,other,production_forest,other,2,9.321614473,kha,0.156631894
2009,other,production_forest,other,3,5.420458536,kha,0.266101288
2009,other,production_forest,other,4,3.118479862,kha,0.276114195
2009,other,production_forest,other,5,0.415797315,kha,0.706659823
2009,other,production_forest,other,5A-5B,,kha,0.0
2009,other,production_forest,pine,1,66.731040798,kha,0.073911772
2009,other,production_forest,pine,1A,18.744059796,kha,0.117748417
2009,other,production_forest,pine,2,102.86877545,kha,0.070723594
2009,other,production_forest,pine,3,84.883587334,kha,0.077216521
2009,other,production_forest,pine,4,37.971255281,kha,0.105269675
2009,other,production_forest,pine,5,19.310812326,kha,0.138013486
2009,other,production_forest,pine,5A-5B,12.475083679,kha,0.184112149
2009,other,production_forest,spruce,1,81.056692797,kha,0.06200868
2009,other,production_forest,spruce,1A,35.887674147,kha,0.083977383
2009,other,production_forest,spruce,2,49.383831292,kha,0.086260836
2009,other,production_forest,spruce,3,14.194467946,kha,0.147767221
2009,other,production_forest,spruce,4,3.57864275,kha,0.292901478
2009,other,production_forest,spruce,5,0.415797315,kha,0.707040206
2009,other,production_forest,spruce,5A-5B,0.207898657,kha,1.2244088
2009,other,protected_forest,aspen,1,0.83159463,kha,0.499941698
2009,other,protected_forest,aspen,1A,0.415797315,kha,0.749706146
2009,other,protected_forest,aspen,2,1.247391945,kha,0.408245189
2009,other,protected_forest,aspen,3,,kha,0.0
2009,other,protected_forest,aspen,4,,kha,0.0
2009,other,protected_forest,aspen,5,,kha,0.0
2009,other,protected_forest,aspen,5A-5B,,kha,0.0
2009,other,protected_forest,birch,1,3.904087308,kha,0.298473772
2009,other,protected_forest,birch,1A,,kha,0.0
2009,other,protected_forest,birch,2,5.169213009,kha,0.258933593
2009,other,protected_forest,birch,3,8.93964227,kha,0.280482488
2009,other,protected_forest,birch,4,2.632038583,kha,0.31890141
2009,other,protected_forest,birch,5,1.039493287,kha,0.529528638
2009,other,protected_forest,birch,5A-5B,0.415797315,kha,0.999970851
2009,other,protected_forest,black_alder,1,0.415797315,kha,0.790653466
2009,other,protected_forest,black_alder,1A,,kha,0.0
2009,other,protected_forest,black_alder,2,0.83159463,kha,0.500610523
2009,other,protected_forest,black_alder,3,1.247391945,kha,0.57764467
2009,other,protected_forest,black_alder,4,0.623695972,kha,0.745498573
2009,other,protected_forest,black_alder,5,,kha,0.0
2009,other,protected_forest,black_alder,5A-5B,,kha,0.0
2009,other,protected_forest,grey_alder,1,2.840498567,kha,0.291875053
2009,other,protected_forest,grey_alder,1A,,kha,0.0
2009,other,protected_forest,grey_alder,2,0.165508121,kha,1.224564946
2009,other,protected_forest,grey_alder,3,,kha,0.0
2009,other,protected_forest,grey_alder,4,,kha,0.0
2009,other,protected_forest,grey_alder,5,,kha,0.0
2009,other,protected_forest,grey_alder,5A-5B,,kha,0.0
2009,other,protected_forest,pine,1,1.247391945,kha,0.492373467
2009,other,protected_forest,pine,1A,0.207898657,kha,0.999624239
2009,other,protected_forest,pine,2,6.580512255,kha,0.224157723
2009,other,protected_forest,pine,3,5.109608463,kha,0.278163239
2009,other,protected_forest,pine,4,4.817552429,kha,0.270545922
2009,other,protected_forest,pine,5,5.197466436,kha,0.237368956
2009,other,protected_forest,pine,5A-5B,6.203758308,kha,0.245371135
2009,other,protected_forest,spruce,1,3.050164363,kha,0.285785859
2009,other,protected_forest,spruce,1A,0.415797315,kha,0.790298292
2009,other,protected_forest,spruce,2,3.742175834,kha,0.310657381
2009,other,protected_forest,spruce,3,0.873985166,kha,0.705574966
2009,other,protected_forest,spruce,4,,kha,0.0
2009,other,protected_forest,spruce,5,,kha,0.0
2009,other,protected_forest,spruce,5A-5B,,kha,0.0
2009,state_forest_management_centre,production_forest,aspen,1,13.548693136,kha,0.148776577
2009,state_forest_management_centre,production_forest,aspen,1A,11.732532044,kha,0.16049505
2009,state_forest_management_centre,production_forest,aspen,2,3.474527102,kha,0.297302209
2009,state_forest_management_centre,production_forest,aspen,3,0.333968403,kha,0.751411697
2009,state_forest_management_centre,production_forest,aspen,4,,kha,0.0
2009,state_forest_management_centre,production_forest,aspen,5,,kha,0.0
2009,state_forest_management_centre,production_forest,aspen,5A-5B,,kha,0.0
2009,state_forest_management_centre,production_forest,birch,1,57.703332657,kha,0.091919971
2009,state_forest_management_centre,production_forest,birch,1A,17.925271723,kha,0.137938072
2009,state_forest_management_centre,production_forest,birch,2,55.255575444,kha,0.086328107
2009,state_forest_management_centre,production_forest,birch,3,20.48699898,kha,0.127758075
2009,state_forest_management_centre,production_forest,birch,4,7.692250325,kha,0.332252177
2009,state_forest_management_centre,production_forest,birch,5,1.748781137,kha,0.418939688
2009,state_forest_management_centre,production_forest,birch,5A-5B,0.623695972,kha,0.577078942
2009,state_forest_management_centre,production_forest,black_alder,1,5.655092961,kha,0.230033908
2009,state_forest_management_centre,production_forest,black_alder,1A,0.207898657,kha,0.999779629
2009,state_forest_management_centre,production_forest,black_alder,2,7.696574618,kha,0.204433764
2009,state_forest_management_centre,production_forest,black_alder,3,1.247391945,kha,0.431982862
2009,state_forest_management_centre,production_forest,black_alder,4,0.395901413,kha,0.707174458
2009,state_forest_management_centre,production_forest,black_alder,5,0.207898657,kha,0.999779626
2009,state_forest_management_centre,production_forest,black_alder,5A-5B,,kha,0.0
2009,state_forest_management_centre,production_forest,grey_alder,1,6.975852342,kha,0.2067324
2009,state_forest_management_centre,production_forest,grey_alder,1A,1.409303419,kha,0.378555371
2009,state_forest_management_centre,production_forest,grey_alder,2,2.621165483,kha,0.280731696
2009,state_forest_management_centre,production_forest,grey_alder,3,0.415797315,kha,0.790532547
2009,state_forest_management_centre,production_forest,grey_alder,4,,kha,0.0
2009,state_forest_management_centre,production_forest,grey_alder,5,,kha,0.0
2009,state_forest_management_centre,production_forest,grey_alder,5A-5B,,kha,0.0
2009,state_forest_management_centre,production_forest,other,1,0.623695972,kha,0.576968492
2009,state_forest_management_centre,production_forest,other,1A,0.415797315,kha,1.000544297
2009,state_forest_management_centre,production_forest,other,2,0.679246494,kha,0.556828873
2009,state_forest_management_centre,production_forest,other,3,0.207898657,kha,1.000162036
2009,state_forest_management_centre,production_forest,other,4,,kha,0.0
2009,state_forest_management_centre,production_forest,other,5,,kha,0.0
2009,state_forest_management_centre,production_forest,other,5A-5B,,kha,0.0
2009,state_forest_management_centre,production_forest,pine,1,67.342637069,kha,0.084517973
2009,state_forest_management_centre,production_forest,pine,1A,15.968550349,kha,0.139640855
2009,state_forest_management_centre,production_forest,pine,2,81.339102333,kha,0.081024991
2009,state_forest_management_centre,production_forest,pine,3,48.414878019,kha,0.103017221
2009,state_forest_management_centre,production_forest,pine,4,23.294607979,kha,0.127857034
2009,state_forest_management_centre,production_forest,pine,5,12.888905957,kha,0.160646754
2009,state_forest_management_centre,production_forest,pine,5A-5B,12.889716762,kha,0.208349856
2009,state_forest_management_centre,production_forest,spruce,1,56.221347867,kha,0.092820591
2009,state_forest_management_centre,production_forest,spruce,1A,32.791834449,kha,0.109901076
2009,state_forest_management_centre,production_forest,spruce,2,25.067151933,kha,0.105099762
2009,state_forest_management_centre,production_forest,spruce,3,6.524878574,kha,0.201680467
2009,state_forest_management_centre,production_forest,spruce,4,1.597368545,kha,0.354770731
2009,state_forest_management_centre,production_forest,spruce,5,,kha,0.0
2009,state_forest_management_centre,production_forest,spruce,5A-5B,,kha,0.0
2009,state_forest_management_centre,protected_forest,aspen,1,1.874539035,kha,0.427945997
2009,state_forest_management_centre,protected_forest,aspen,1A,2.910581204,kha,0.322788034
2009,state_forest_management_centre,protected_forest,aspen,2,0.207898657,kha,1.000305401
2009,state_forest_management_centre,protected_forest,aspen,3,,kha,0.0
2009,state_forest_management_centre,protected_forest,aspen,4,,kha,0.0
2009,state_forest_management_centre,protected_forest,aspen,5,,kha,0.0
2009,state_forest_management_centre,protected_forest,aspen,5A-5B,,kha,0.0
2009,state_forest_management_centre,protected_forest,birch,1,6.960343102,kha,0.218935627
2009,state_forest_management_centre,protected_forest,birch,1A,2.910581204,kha,0.304425632
2009,state_forest_management_centre,protected_forest,birch,2,15.44346071,kha,0.213467865
2009,state_forest_management_centre,protected_forest,birch,3,7.472106437,kha,0.22652516
2009,state_forest_management_centre,protected_forest,birch,4,3.802778293,kha,0.344270015
2009,state_forest_management_centre,protected_forest,birch,5,1.66318926,kha,0.544413912
2009,state_forest_management_centre,protected_forest,birch,5A-5B,0.83159463,kha,0.637031637
2009,state_forest_management_centre,protected_forest,black_alder,1,1.455290602,kha,0.494025518
2009,state_forest_management_centre,protected_forest,black_alder,1A,0.415797315,kha,0.706524529
2009,state_forest_management_centre,protected_forest,black_alder,2,1.521984491,kha,0.423492391
2009,state_forest_management_centre,protected_forest,black_alder,3,1.547680765,kha,0.592150025
2009,state_forest_management_centre,protected_forest,black_alder,4,0.207898657,kha,1.000162036
2009,state_forest_management_centre,protected_forest,black_alder,5,,kha,0.0
2009,state_forest_management_centre,protected_forest,black_alder,5A-5B,,kha,0.0
2009,state_forest_management_centre,protected_forest,grey_alder,1,0.357190683,kha,0.715855605
2009,state_forest_management_centre,protected_forest,grey_alder,1A,,kha,0.0
2009,state_forest_management_centre,protected_forest,grey_alder,2,0.297981146,kha,0.760507513
2009,state_forest_management_centre,protected_forest,grey_alder,3,,kha,0.0
2009,state_forest_management_centre,protected_forest,grey_alder,4,,kha,0.0
2009,state_forest_management_centre,protected_forest,grey_alder,5,,kha,0.0
2009,state_forest_management_centre,protected_forest,grey_alder,5A-5B,,kha,0.0
2009,state_forest_management_centre,protected_forest,pine,1,7.886843469,kha,0.225994754
2009,state_forest_management_centre,protected_forest,pine,1A,1.305998576,kha,0.504989121
2009,state_forest_management_centre,protected_forest,pine,2,16.819832982,kha,0.169755703
2009,state_forest_management_centre,protected_forest,pine,3,20.313424391,kha,0.162522819
2009,state_forest_management_centre,protected_forest,pine,4,12.285292995,kha,0.189936591
2009,state_forest_management_centre,protected_forest,pine,5,12.500468105,kha,0.16889356
2009,state_forest_management_centre,protected_forest,pine,5A-5B,12.994767953,kha,0.178486771
2009,state_forest_management_centre,protected_forest,spruce,1,4.249947515,kha,0.289971386
2009,state_forest_management_centre,protected_forest,spruce,1A,2.568671072,kha,0.307405034
2009,state_forest_management_centre,protected_forest,spruce,2,3.408976656,kha,0.27648595
2009,state_forest_management_centre,protected_forest,spruce,3,1.813562358,kha,0.45435313
2009,state_forest_management_centre,protected_forest,spruce,4,0.415797315,kha,0.828111538
2009,state_forest_management_centre,protected_forest,spruce,5,,kha,0.0
2009,state_forest_management_centre,protected_forest,spruce,5A-5B,,kha,0.0
2010,other,production_forest,aspen,1,37.735770073,kha,0.092639658
2010,other,production_forest,aspen,1A,16.50112662,kha,0.141217986
2010,other,production_forest,aspen,2,17.582733184,kha,0.141765653
2010,other,production_forest,aspen,3,3.085762342,kha,0.303270274
2010,other,production_forest,aspen,4,0.728212619,kha,0.713524518
2010,other,production_forest,aspen,5,,kha,0.0
2010,other,production_forest,aspen,5A-5B,,kha,0.0
2010,other,production_forest,birch,1,112.368448109,kha,0.055213764
2010,other,production_forest,birch,1A,25.906603079,kha,0.11902009
2010,other,production_forest,birch,2,159.885757732,kha,0.053933455
2010,other,production_forest,birch,3,86.500899012,kha,0.067606057
2010,other,production_forest,birch,4,31.01601708,kha,0.124060692
2010,other,production_forest,birch,5,8.088716391,kha,0.232563071
2010,other,production_forest,birch,5A-5B,1.86662686,kha,0.416262187
2010,other,production_forest,black_alder,1,8.893647374,kha,0.176898966
2010,other,production_forest,black_alder,1A,1.283243745,kha,0.442949145
2010,other,production_forest,black_alder,2,23.358304831,kha,0.115856804
2010,other,production_forest,black_alder,3,7.538579975,kha,0.201723523
2010,other,production_forest,black_alder,4,0.881732308,kha,0.473778727
2010,other,production_forest,black_alder,5,,kha,0.0
2010,other,production_forest,black_alder,5A-5B,,kha,0.0
2010,other,production_forest,grey_alder,1,73.925765704,kha,0.068527812
2010,other,production_forest,grey_alder,1A,14.513106794,kha,0.125803871
2010,other,production_forest,grey_alder,2,64.707449698,kha,0.073224811
2010,other,production_forest,grey_alder,3,8.328038695,kha,0.176122009
2010,other,production_forest,grey_alder,4,1.528269631,kha,0.491273014
2010,other,production_forest,grey_alder,5,,kha,0.0
2010,other,production_forest,grey_alder,5A-5B,,kha,0.0
2010,other,production_forest,other,1,9.826877842,kha,0.176949618
2010,other,production_forest,other,1A,2.634743812,kha,0.370285048
2010,other,production_forest,other,2,9.543938691,kha,0.161815939
2010,other,production_forest,other,3,5.82234102,kha,0.253415593
2010,other,production_forest,other,4,3.733253719,kha,0.294384152
2010,other,production_forest,other,5,0.207402984,kha,0.999793459
2010,other,production_forest,other,5A-5B,,kha,0.0
2010,other,production_forest,pine,1,69.282925456,kha,0.073043409
2010,other,production_forest,pine,1A,20.361870954,kha,0.122177177
2010,other,production_forest,pine,2,97.550562629,kha,0.074892987
2010,other,production_forest,pine,3,80.378321432,kha,0.075752555
2010,other,production_forest,pine,4,37.880724019,kha,0.106504745
2010,other,production_forest,pine,5,17.398144528,kha,0.148057567
2010,other,production_forest,pine,5A-5B,11.823131567,kha,0.201632112
2010,other,production_forest,spruce,1,84.593890791,kha,0.061851097
2010,other,production_forest,spruce,1A,38.080743457,kha,0.088978762
2010,other,production_forest,spruce,2,46.268432553,kha,0.087968566
2010,other,production_forest,spruce,3,12.856143612,kha,0.166154599
2010,other,production_forest,spruce,4,3.051603071,kha,0.307620863
2010,other,production_forest,spruce,5,0.829611938,kha,0.612546188
2010,other,production_forest,spruce,5A-5B,0.207402984,kha,1.224731989
2010,other,protected_forest,aspen,1,1.037014922,kha,0.479231945
2010,other,protected_forest,aspen,1A,0.414805969,kha,0.559436449
2010,other,protected_forest,aspen,2,1.037014922,kha,0.458056602
2010,other,protected_forest,aspen,3,,kha,0.0
2010,other,protected_forest,aspen,4,,kha,0.0
2010,other,protected_forest,aspen,5,,kha,0.0
2010,other,protected_forest,aspen,5A-5B,,kha,0.0
2010,other,protected_forest,birch,1,3.479973195,kha,0.322407901
2010,other,protected_forest,birch,1A,0.207402984,kha,1.00036564
2010,other,protected_forest,birch,2,4.33584235,kha,0.303857236
2010,other,protected_forest,birch,3,7.466507438,kha,0.328822333
2010,other,protected_forest,birch,4,2.418360279,kha,0.32891125
2010,other,protected_forest,birch,5,0.829611938,kha,0.625051051
2010,other,protected_forest,birch,5A-5B,0.414805969,kha,0.999984222
2010,other,protected_forest,black_alder,1,0.414805969,kha,0.790670089
2010,other,protected_forest,black_alder,1A,,kha,0.0
2010,other,protected_forest,black_alder,2,0.622208953,kha,0.645669755
2010,other,protected_forest,black_alder,3,1.244417906,kha,0.600806366
2010,other,protected_forest,black_alder,4,0.622208953,kha,0.745345487
2010,other,protected_forest,black_alder,5,,kha,0.0
2010,other,protected_forest,black_alder,5A-5B,,kha,0.0
2010,other,protected_forest,grey_alder,1,2.004114298,kha,0.380225751
2010,other,protected_forest,grey_alder,1A,,kha,0.0
2010,other,protected_forest,grey_alder,2,0.579919485,kha,0.613958193
2010,other,protected_forest,grey_alder,3,,kha,0.0
2010,other,protected_forest,grey_alder,4,,kha,0.0
2010,other,protected_forest,grey_alder,5,,kha,0.0
2010,other,protected_forest,grey_alder,5A-5B,,kha,0.0
2010,other,protected_forest,pine,1,1.451820891,kha,0.489184151
2010,other,protected_forest,pine,1A,0.414805969,kha,0.707143478
2010,other,protected_forest,pine,2,6.150016995,kha,0.24193319
2010,other,protected_forest,pine,3,5.097426109,kha,0.281250289
2010,other,protected_forest,pine,4,4.737913775,kha,0.277499902
2010,other,protected_forest,pine,5,4.562865657,kha,0.257776115
2010,other,protected_forest,pine,5A-5B,5.981564291,kha,0.265752127
2010,other,protected_forest,spruce,1,1.86662686,kha,0.342392464
2010,other,protected_forest,spruce,1A,0.983567173,kha,0.507052928
2010,other,protected_forest,spruce,2,3.31844775,kha,0.356229867
2010,other,protected_forest,spruce,3,0.664498422,kha,0.829383605
2010,other,protected_forest,spruce,4,,kha,0.0
2010,other,protected_forest,spruce,5,,kha,0.0
2010,other,protected_forest,spruce,5A-5B,,kha,0.0
2010,state_forest_management_centre,production_forest,aspen,1,12.709053415,kha,0.16002035
2010,state_forest_management_centre,production_forest,aspen,1A,11.873136427,kha,0.158484751
2010,state_forest_management_centre,production_forest,aspen,2,3.371750317,kha,0.30222127
2010,state_forest_management_centre,production_forest,aspen,3,0.12576917,kha,1.321998315
2010,state_forest_management_centre,production_forest,aspen,4,,kha,0.0
2010,state_forest_management_centre,production_forest,aspen,5,,kha,0.0
2010,state_forest_management_centre,production_forest,aspen,5A-5B,,kha,0.0
2010,state_forest_management_centre,production_forest,birch,1,61.133585172,kha,0.091169134
2010,state_forest_management_centre,production_forest,birch,1A,18.684043031,kha,0.14558194
2010,state_forest_management_centre,production_forest,birch,2,55.474843627,kha,0.090049532
2010,state_forest_management_centre,production_forest,birch,3,18.07100129,kha,0.134659053
2010,state_forest_management_centre,production_forest,birch,4,7.259104454,kha,0.352867083
2010,state_forest_management_centre,production_forest,birch,5,1.86662686,kha,0.461571198
2010,state_forest_management_centre,production_forest,birch,5A-5B,0.414805969,kha,0.790308143
2010,state_forest_management_centre,production_forest,black_alder,1,6.056416028,kha,0.237937755
2010,state_forest_management_centre,production_forest,black_alder,1A,0.829611938,kha,0.636491697
2010,state_forest_management_centre,production_forest,black_alder,2,7.189168167,kha,0.221846901
2010,state_forest_management_centre,production_forest,black_alder,3,0.829611938,kha,0.514425675
2010,state_forest_management_centre,production_forest,black_alder,4,0.394957503,kha,0.753965386
2010,state_forest_management_centre,production_forest,black_alder,5,0.207402984,kha,0.99998422
2010,state_forest_management_centre,production_forest,black_alder,5A-5B,,kha,0.0
2010,state_forest_management_centre,production_forest,grey_alder,1,7.686479043,kha,0.189881464
2010,state_forest_management_centre,production_forest,grey_alder,1A,1.551063219,kha,0.393525472
2010,state_forest_management_centre,production_forest,grey_alder,2,2.732389137,kha,0.285496577
2010,state_forest_management_centre,production_forest,grey_alder,3,0.414805969,kha,0.866337507
2010,state_forest_management_centre,production_forest,grey_alder,4,,kha,0.0
2010,state_forest_management_centre,production_forest,grey_alder,5,,kha,0.0
2010,state_forest_management_centre,production_forest,grey_alder,5A-5B,,kha,0.0
2010,state_forest_management_centre,production_forest,other,1,0.414805969,kha,0.707084468
2010,state_forest_management_centre,production_forest,other,1A,0.622208953,kha,0.781878429
2010,state_forest_management_centre,production_forest,other,2,0.470224046,kha,0.653010554
2010,state_forest_management_centre,production_forest,other,3,0.207402984,kha,0.999984222
2010,state_forest_management_centre,production_forest,other,4,,kha,0.0
2010,state_forest_management_centre,production_forest,other,5,,kha,0.0
2010,state_forest_management_centre,production_forest,other,5A-5B,,kha,0.0
2010,state_forest_management_centre,production_forest,pine,1,72.185488742,kha,0.087889958
2010,state_forest_management_centre,production_forest,pine,1A,16.997753067,kha,0.151857076
2010,state_forest_management_centre,production_forest,pine,2,78.421785378,kha,0.080835171
2010,state_forest_management_centre,production_forest,pine,3,49.737579311,kha,0.099585387
2010,state_forest_management_centre,production_forest,pine,4,23.861277808,kha,0.129496846
2010,state_forest_management_centre,production_forest,pine,5,12.942298811,kha,0.164935222
2010,state_forest_management_centre,production_forest,pine,5A-5B,13.066388017,kha,0.212179597
2010,state_forest_management_centre,production_forest,spruce,1,58.77333921,kha,0.092507995
2010,state_forest_management_centre,production_forest,spruce,1A,36.526735116,kha,0.10620421
2010,state_forest_management_centre,production_forest,spruce,2,24.173523001,kha,0.114146133
2010,state_forest_management_centre,production_forest,spruce,3,5.308977153,kha,0.214049991
2010,state_forest_management_centre,production_forest,spruce,4,1.59356009,kha,0.39075734
2010,state_forest_management_centre,production_forest,spruce,5,,kha,0.0
2010,state_forest_management_centre,production_forest,spruce,5A-5B,,kha,0.0
2010,state_forest_management_centre,protected_forest,aspen,1,1.662666765,kha,0.465159326
2010,state_forest_management_centre,protected_forest,aspen,1A,3.525850735,kha,0.302683005
2010,state_forest_management_centre,protected_forest,aspen,2,0.414805969,kha,0.707590084
2010,state_forest_management_centre,protected_forest,aspen,3,,kha,0.0
2010,state_forest_management_centre,protected_forest,aspen,4,,kha,0.0
2010,state_forest_management_centre,protected_forest,aspen,5,,kha,0.0
2010,state_forest_management_centre,protected_forest,aspen,5A-5B,,kha,0.0
2010,state_forest_management_centre,protected_forest,birch,1,7.565957169,kha,0.237595688
2010,state_forest_management_centre,protected_forest,birch,1A,3.111044766,kha,0.301208705
2010,state_forest_management_centre,protected_forest,birch,2,14.162222425,kha,0.244371506
2010,state_forest_management_centre,protected_forest,birch,3,7.002588443,kha,0.237224567
2010,state_forest_management_centre,protected_forest,birch,4,3.940656703,kha,0.392861515
2010,state_forest_management_centre,protected_forest,birch,5,1.451820891,kha,0.488877692
2010,state_forest_management_centre,protected_forest,birch,5A-5B,1.037014922,kha,0.529336693
2010,state_forest_management_centre,protected_forest,black_alder,1,1.451820891,kha,0.538081152
2010,state_forest_management_centre,protected_forest,black_alder,1A,0.414805969,kha,0.789583758
2010,state_forest_management_centre,protected_forest,black_alder,2,1.518355768,kha,0.458665949
2010,state_forest_management_centre,protected_forest,black_alder,3,1.336587793,kha,0.671797183
2010,state_forest_management_centre,protected_forest,black_alder,4,0.207402984,kha,0.999984222
2010,state_forest_management_centre,protected_forest,black_alder,5,,kha,0.0
2010,state_forest_management_centre,protected_forest,black_alder,5A-5B,,kha,0.0
2010,state_forest_management_centre,protected_forest,grey_alder,1,0.356339067,kha,0.7720899
2010,state_forest_management_centre,protected_forest,grey_alder,1A,,kha,0.0
2010,state_forest_management_centre,protected_forest,grey_alder,2,0.297270698,kha,0.760699639
2010,state_forest_management_centre,protected_forest,grey_alder,3,,kha,0.0
2010,state_forest_management_centre,protected_forest,grey_alder,4,,kha,0.0
2010,state_forest_management_centre,protected_forest,grey_alder,5,,kha,0.0
2010,state_forest_management_centre,protected_forest,grey_alder,5A-5B,,kha,0.0
2010,state_forest_management_centre,protected_forest,pine,1,8.282845585,kha,0.224098459
2010,state_forest_management_centre,protected_forest,pine,1A,1.510287792,kha,0.467438471
2010,state_forest_management_centre,protected_forest,pine,2,14.317173195,kha,0.190218028
2010,state_forest_management_centre,protected_forest,pine,3,18.483650268,kha,0.177554437
2010,state_forest_management_centre,protected_forest,pine,4,12.747257045,kha,0.197074137
2010,state_forest_management_centre,protected_forest,pine,5,12.678067409,kha,0.177892769
2010,state_forest_management_centre,protected_forest,pine,5A-5B,13.094740005,kha,0.187824253
2010,state_forest_management_centre,protected_forest,spruce,1,4.654620737,kha,0.28093964
2010,state_forest_management_centre,protected_forest,spruce,1A,3.184755787,kha,0.262285024
2010,state_forest_management_centre,protected_forest,spruce,2,3.193445972,kha,0.301658954
2010,state_forest_management_centre,protected_forest,spruce,3,1.726111338,kha,0.480701064
2010,state_forest_management_centre,protected_forest,spruce,4,0.207402984,kha,1.321998317
2010,state_forest_management_centre,protected_forest,spruce,5,,kha,0.0
2010,state_forest_management_centre,protected_forest,spruce,5A-5B,,kha,0.0
2011,other,production_forest,aspen,1,39.574107841,kha,0.09221219
2011,other,production_forest,aspen,1A,18.561560099,kha,0.129373298
2011,other,production_forest,aspen,2,16.066868558,kha,0.143876027
2011,other,production_forest,aspen,3,3.087516447,kha,0.309114047
2011,other,production_forest,aspen,4,0.728626572,kha,0.768435397
2011,other,production_forest,aspen,5,,kha,0.0
2011,other,production_forest,aspen,5A-5B,,kha,0.0
2011,other,production_forest,birch,1,123.964508545,kha,0.053263846
2011,other,production_forest,birch,1A,28.826788089,kha,0.112974476
2011,other,production_forest,birch,2,167.306842833,kha,0.053283341
2011,other,production_forest,birch,3,81.878526434,kha,0.06911751
2011,other,production_forest,birch,4,27.920834923,kha,0.127398247
2011,other,production_forest,birch,5,7.352070589,kha,0.249506811
2011,other,production_forest,birch,5A-5B,2.490250594,kha,0.353530147
2011,other,production_forest,black_alder,1,10.112305851,kha,0.164263456
2011,other,production_forest,black_alder,1A,1.45264618,kha,0.421845985
2011,other,production_forest,black_alder,2,23.917653333,kha,0.1154512
2011,other,production_forest,black_alder,3,7.127823523,kha,0.195741704
2011,other,production_forest,black_alder,4,0.882233529,kha,0.473666155
2011,other,production_forest,black_alder,5,,kha,0.0
2011,other,production_forest,black_alder,5A-5B,,kha,0.0
2011,other,production_forest,grey_alder,1,75.876420692,kha,0.065780693
2011,other,production_forest,grey_alder,1A,15.133833917,kha,0.12229048
2011,other,production_forest,grey_alder,2,59.198174861,kha,0.075313934
2011,other,production_forest,grey_alder,3,7.493475318,kha,0.173246925
2011,other,production_forest,grey_alder,4,1.73665926,kha,0.41576219
2011,other,production_forest,grey_alder,5,,kha,0.0
2011,other,production_forest,grey_alder,5A-5B,,kha,0.0
2011,other,production_forest,other,1,10.55878703,kha,0.177657907
2011,other,production_forest,other,1A,2.793168826,kha,0.325119955
2011,other,production_forest,other,2,8.518545471,kha,0.167178525
2011,other,production_forest,other,3,3.246560451,kha,0.28084745
2011,other,production_forest,other,4,3.320334125,kha,0.316777598
2011,other,production_forest,other,5,,kha,0.0
2011,other,production_forest,other,5A-5B,,kha,0.0
2011,other,production_forest,pine,1,70.883011705,kha,0.075580926
2011,other,production_forest,pine,1A,22.888827052,kha,0.116958303
2011,other,production_forest,pine,2,94.263082191,kha,0.076285375
2011,other,production_forest,pine,3,72.238600368,kha,0.079786459
2011,other,production_forest,pine,4,33.919641082,kha,0.108961556
2011,other,production_forest,pine,5,14.908258718,kha,0.151711904
2011,other,production_forest,pine,5A-5B,10.584727141,kha,0.210031684
2011,other,production_forest,spruce,1,85.658664579,kha,0.062310996
2011,other,production_forest,spruce,1A,40.382422432,kha,0.086143965
2011,other,production_forest,spruce,2,42.413367056,kha,0.093382888
2011,other,production_forest,spruce,3,10.222831473,kha,0.16723772
2011,other,production_forest,spruce,4,2.223254226,kha,0.345256488
2011,other,production_forest,spruce,5,0.830083531,kha,0.612785787
2011,other,production_forest,spruce,5A-5B,0.207520883,kha,1.225036802
2011,other,protected_forest,aspen,1,0.830083531,kha,0.530166492
2011,other,protected_forest,aspen,1A,0.789513199,kha,0.466100909
2011,other,protected_forest,aspen,2,1.45264618,kha,0.390856626
2011,other,protected_forest,aspen,3,,kha,0.0
2011,other,protected_forest,aspen,4,0.207520883,kha,1.000166716
2011,other,protected_forest,aspen,5,,kha,0.0
2011,other,protected_forest,aspen,5A-5B,,kha,0.0
2011,other,protected_forest,birch,1,3.066909623,kha,0.340541807
2011,other,protected_forest,birch,1A,0.830083531,kha,0.800539215
2011,other,protected_forest,birch,2,6.621036775,kha,0.239010195
2011,other,protected_forest,birch,3,6.64066825,kha,0.227941357
2011,other,protected_forest,birch,4,3.457339412,kha,0.327330982
2011,other,protected_forest,birch,5,0.830083531,kha,0.624885054
2011,other,protected_forest,birch,5A-5B,0.415041766,kha,0.999403143
2011,other,protected_forest,black_alder,1,0.207520883,kha,1.224725177
2011,other,protected_forest,black_alder,1A,,kha,0.0
2011,other,protected_forest,black_alder,2,1.037604414,kha,0.547817887
2011,other,protected_forest,black_alder,3,0.830083531,kha,0.706937694
2011,other,protected_forest,black_alder,4,0.622562648,kha,0.745067518
2011,other,protected_forest,black_alder,5,,kha,0.0
2011,other,protected_forest,black_alder,5A-5B,,kha,0.0
2011,other,protected_forest,grey_alder,1,1.245125297,kha,0.43982939
2011,other,protected_forest,grey_alder,1A,,kha,0.0
2011,other,protected_forest,grey_alder,2,0.58024914,kha,0.613722002
2011,other,protected_forest,grey_alder,3,0.415041766,kha,0.749012926
2011,other,protected_forest,grey_alder,4,,kha,0.0
2011,other,protected_forest,grey_alder,5,,kha,0.0
2011,other,protected_forest,grey_alder,5A-5B,,kha,0.0
2011,other,protected_forest,pine,1,2.490250594,kha,0.399741493
2011,other,protected_forest,pine,1A,1.037604414,kha,0.5294968
2011,other,protected_forest,pine,2,5.945992095,kha,0.257706025
2011,other,protected_forest,pine,3,4.331770156,kha,0.311966671
2011,other,protected_forest,pine,4,5.155648813,kha,0.268117477
2011,other,protected_forest,pine,5,5.569922751,kha,0.243989884
2011,other,protected_forest,pine,5A-5B,6.018105602,kha,0.277913753
2011,other,protected_forest,spruce,1,2.075208828,kha,0.335009177
2011,other,protected_forest,spruce,1A,1.191647165,kha,0.453824449
2011,other,protected_forest,spruce,2,3.527855008,kha,0.343075002
2011,other,protected_forest,spruce,3,0.249834391,kha,0.85577798
2011,other,protected_forest,spruce,4,,kha,0.0
2011,other,protected_forest,spruce,5,,kha,0.0
2011,other,protected_forest,spruce,5A-5B,,kha,0.0
2011,state_forest_management_centre,production_forest,aspen,1,12.63519948,kha,0.158403974
2011,state_forest_management_centre,production_forest,aspen,1A,12.633746834,kha,0.158097393
2011,state_forest_management_centre,production_forest,aspen,2,3.581187875,kha,0.292255634
2011,state_forest_management_centre,production_forest,aspen,3,0.125840663,kha,1.321558327
2011,state_forest_management_centre,production_forest,aspen,4,,kha,0.0
2011,state_forest_management_centre,production_forest,aspen,5,,kha,0.0
2011,state_forest_management_centre,production_forest,aspen,5A-5B,,kha,0.0
2011,state_forest_management_centre,production_forest,birch,1,65.204783805,kha,0.09013345
2011,state_forest_management_centre,production_forest,birch,1A,18.580008706,kha,0.146201131
2011,state_forest_management_centre,production_forest,birch,2,53.974313934,kha,0.084386843
2011,state_forest_management_centre,production_forest,birch,3,15.208437675,kha,0.149396815
2011,state_forest_management_centre,production_forest,birch,4,7.470751782,kha,0.339535395
2011,state_forest_management_centre,production_forest,birch,5,2.282729711,kha,0.411228223
2011,state_forest_management_centre,production_forest,birch,5A-5B,,kha,0.0
2011,state_forest_management_centre,production_forest,black_alder,1,6.682421452,kha,0.21808573
2011,state_forest_management_centre,production_forest,black_alder,1A,1.660167063,kha,0.413857532
2011,state_forest_management_centre,production_forest,black_alder,2,6.414719513,kha,0.227746964
2011,state_forest_management_centre,production_forest,black_alder,3,0.830083531,kha,0.529045976
2011,state_forest_management_centre,production_forest,black_alder,4,0.187661134,kha,1.116816826
2011,state_forest_management_centre,production_forest,black_alder,5,0.207520883,kha,1.000166714
2011,state_forest_management_centre,production_forest,black_alder,5A-5B,,kha,0.0
2011,state_forest_management_centre,production_forest,grey_alder,1,8.04025134,kha,0.190670684
2011,state_forest_management_centre,production_forest,grey_alder,1A,2.174507571,kha,0.33072487
2011,state_forest_management_centre,production_forest,grey_alder,2,2.837702808,kha,0.304237201
2011,state_forest_management_centre,production_forest,grey_alder,3,0.207520883,kha,1.224569339
2011,state_forest_management_centre,production_forest,grey_alder,4,,kha,0.0
2011,state_forest_management_centre,production_forest,grey_alder,5,,kha,0.0
2011,state_forest_management_centre,production_forest,grey_alder,5A-5B,,kha,0.0
2011,state_forest_management_centre,production_forest,other,1,0.415041766,kha,0.707342535
2011,state_forest_management_centre,production_forest,other,1A,0.622562648,kha,0.745579651
2011,state_forest_management_centre,production_forest,other,2,0.366730904,kha,0.650524467
2011,state_forest_management_centre,production_forest,other,3,0.207520883,kha,0.999594091
2011,state_forest_management_centre,production_forest,other,4,,kha,0.0
2011,state_forest_management_centre,production_forest,other,5,,kha,0.0
2011,state_forest_management_centre,production_forest,other,5A-5B,,kha,0.0
2011,state_forest_management_centre,production_forest,pine,1,73.328334028,kha,0.090438023
2011,state_forest_management_centre,production_forest,pine,1A,18.994303396,kha,0.142901414
2011,state_forest_management_centre,production_forest,pine,2,74.706895253,kha,0.085724642
2011,state_forest_management_centre,production_forest,pine,3,45.514725145,kha,0.105339781
2011,state_forest_management_centre,production_forest,pine,4,20.554507649,kha,0.137522438
2011,state_forest_management_centre,production_forest,pine,5,13.9431621,kha,0.172687268
2011,state_forest_management_centre,production_forest,pine,5A-5B,12.036211204,kha,0.215869168
2011,state_forest_management_centre,production_forest,spruce,1,59.539380696,kha,0.092907288
2011,state_forest_management_centre,production_forest,spruce,1A,43.366240693,kha,0.100844646
2011,state_forest_management_centre,production_forest,spruce,2,24.370629916,kha,0.114156183
2011,state_forest_management_centre,production_forest,spruce,3,6.017732064,kha,0.198902094
2011,state_forest_management_centre,production_forest,spruce,4,1.179424185,kha,0.441411136
2011,state_forest_management_centre,production_forest,spruce,5,,kha,0.0
2011,state_forest_management_centre,production_forest,spruce,5A-5B,,kha,0.0
2011,state_forest_management_centre,protected_forest,aspen,1,1.456091026,kha,0.517622213
2011,state_forest_management_centre,protected_forest,aspen,1A,3.320334125,kha,0.327165776
2011,state_forest_management_centre,protected_forest,aspen,2,0.830083531,kha,0.624527036
2011,state_forest_management_centre,protected_forest,aspen,3,0.207520883,kha,0.999785002
2011,state_forest_management_centre,protected_forest,aspen,4,,kha,0.0
2011,state_forest_management_centre,protected_forest,aspen,5,,kha,0.0
2011,state_forest_management_centre,protected_forest,aspen,5A-5B,,kha,0.0
2011,state_forest_management_centre,protected_forest,birch,1,9.230425107,kha,0.230995836
2011,state_forest_management_centre,protected_forest,birch,1A,3.735375891,kha,0.283762183
2011,state_forest_management_centre,protected_forest,birch,2,14.58531472,kha,0.248135916
2011,state_forest_management_centre,protected_forest,birch,3,6.591527305,kha,0.258274067
2011,state_forest_management_centre,protected_forest,birch,4,4.565459422,kha,0.318437051
2011,state_forest_management_centre,protected_forest,birch,5,1.245125297,kha,0.485666568
2011,state_forest_management_centre,protected_forest,birch,5A-5B,1.037604414,kha,0.529609424
2011,state_forest_management_centre,protected_forest,black_alder,1,1.45264618,kha,0.543086666
2011,state_forest_management_centre,protected_forest,black_alder,1A,0.415041766,kha,0.789814308
2011,state_forest_management_centre,protected_forest,black_alder,2,2.141781527,kha,0.375694447
2011,state_forest_management_centre,protected_forest,black_alder,3,1.54486846,kha,0.59687928
2011,state_forest_management_centre,protected_forest,black_alder,4,0.207520883,kha,0.999594091
2011,state_forest_management_centre,protected_forest,black_alder,5,,kha,0.0
2011,state_forest_management_centre,protected_forest,black_alder,5A-5B,,kha,0.0
2011,state_forest_management_centre,protected_forest,grey_alder,1,0.356541629,kha,0.772159454
2011,state_forest_management_centre,protected_forest,grey_alder,1A,,kha,0.0
2011,state_forest_management_centre,protected_forest,grey_alder,2,0.504960564,kha,0.607763719
2011,state_forest_management_centre,protected_forest,grey_alder,3,,kha,0.0
2011,state_forest_management_centre,protected_forest,grey_alder,4,,kha,0.0
2011,state_forest_management_centre,protected_forest,grey_alder,5,,kha,0.0
2011,state_forest_management_centre,protected_forest,grey_alder,5A-5B,,kha,0.0
2011,state_forest_management_centre,protected_forest,pine,1,8.910116625,kha,0.208508534
2011,state_forest_management_centre,protected_forest,pine,1A,2.277645449,kha,0.376500577
2011,state_forest_management_centre,protected_forest,pine,2,15.92755979,kha,0.188382149
2011,state_forest_management_centre,protected_forest,pine,3,18.126866106,kha,0.186333837
2011,state_forest_management_centre,protected_forest,pine,4,13.377065884,kha,0.190775661
2011,state_forest_management_centre,protected_forest,pine,5,10.861684511,kha,0.187691877
2011,state_forest_management_centre,protected_forest,pine,5A-5B,14.139788136,kha,0.199594413
2011,state_forest_management_centre,protected_forest,spruce,1,4.890582389,kha,0.27015963
2011,state_forest_management_centre,protected_forest,spruce,1A,3.525115732,kha,0.257483683
2011,state_forest_management_centre,protected_forest,spruce,2,4.092975876,kha,0.298067412
2011,state_forest_management_centre,protected_forest,spruce,3,1.93461343,kha,0.42207979
2011,state_forest_management_centre,protected_forest,spruce,4,0.415041766,kha,0.864563869
2011,state_forest_management_centre,protected_forest,spruce,5,,kha,0.0
2011,state_forest_management_centre,protected_forest,spruce,5A-5B,,kha,0.0
2012,other,production_forest,aspen,1,38.609244854,kha,0.091086504
2012,other,production_forest,aspen,1A,19.993528445,kha,0.123139892
2012,other,production_forest,aspen,2,14.608187621,kha,0.147802305
2012,other,production_forest,aspen,3,2.892013253,kha,0.335026637
2012,other,production_forest,aspen,4,0.731666996,kha,0.768267931
2012,other,production_forest,aspen,5,,kha,0.0
2012,other,production_forest,aspen,5A-5B,,kha,0.0
2012,other,production_forest,birch,1,126.052296846,kha,0.052799133
2012,other,production_forest,birch,1A,31.927446211,kha,0.106637877
2012,other,production_forest,birch,2,165.175277749,kha,0.051775797
2012,other,production_forest,birch,3,81.104362264,kha,0.067770561
2012,other,production_forest,birch,4,24.07799365,kha,0.115030856
2012,other,production_forest,birch,5,6.549202103,kha,0.26511034
2012,other,production_forest,birch,5A-5B,2.500641949,kha,0.352753107
2012,other,production_forest,black_alder,1,12.444257111,kha,0.164272135
2012,other,production_forest,black_alder,1A,1.458707804,kha,0.390827149
2012,other,production_forest,black_alder,2,22.583193247,kha,0.108648914
2012,other,production_forest,black_alder,3,5.907245637,kha,0.193311163
2012,other,production_forest,black_alder,4,0.677528097,kha,0.537894447
2012,other,production_forest,black_alder,5,,kha,0.0
2012,other,production_forest,black_alder,5A-5B,,kha,0.0
2012,other,production_forest,grey_alder,1,85.194933203,kha,0.066501131
2012,other,production_forest,grey_alder,1A,17.665159888,kha,0.114664285
2012,other,production_forest,grey_alder,2,57.821197658,kha,0.074356675
2012,other,production_forest,grey_alder,3,7.107970546,kha,0.17912629
2012,other,production_forest,grey_alder,4,1.743906018,kha,0.416027309
2012,other,production_forest,grey_alder,5,,kha,0.0
2012,other,production_forest,grey_alder,5A-5B,,kha,0.0
2012,other,production_forest,other,1,9.769299579,kha,0.170545595
2012,other,production_forest,other,1A,4.327215022,kha,0.255935559
2012,other,production_forest,other,2,8.27477008,kha,0.160988872
2012,other,production_forest,other,3,3.676881406,kha,0.253253561
2012,other,production_forest,other,4,3.125802436,kha,0.323322338
2012,other,production_forest,other,5,,kha,0.0
2012,other,production_forest,other,5A-5B,,kha,0.0
2012,other,production_forest,pine,1,72.55356299,kha,0.072526656
2012,other,production_forest,pine,1A,24.229094939,kha,0.11361238
2012,other,production_forest,pine,2,93.895896025,kha,0.07184608
2012,other,production_forest,pine,3,65.169354863,kha,0.080761736
2012,other,production_forest,pine,4,29.956419389,kha,0.108123806
2012,other,production_forest,pine,5,13.141081828,kha,0.155697841
2012,other,production_forest,pine,5A-5B,9.485080783,kha,0.20880008
2012,other,production_forest,spruce,1,82.750951632,kha,0.061709073
2012,other,production_forest,spruce,1A,41.101884748,kha,0.083691707
2012,other,production_forest,spruce,2,40.610070993,kha,0.094536579
2012,other,production_forest,spruce,3,10.011007462,kha,0.156387858
2012,other,production_forest,spruce,4,2.232531455,kha,0.315521224
2012,other,production_forest,spruce,5,0.833547316,kha,0.612600514
2012,other,production_forest,spruce,5A-5B,0.208386829,kha,1.225022751
2012,other,protected_forest,aspen,1,0.833547316,kha,0.530124695
2012,other,protected_forest,aspen,1A,0.584420862,kha,0.579982003
2012,other,protected_forest,aspen,2,1.250320974,kha,0.416023254
2012,other,protected_forest,aspen,3,,kha,0.0
2012,other,protected_forest,aspen,4,0.208386829,kha,1.000148669
2012,other,protected_forest,aspen,5,,kha,0.0
2012,other,protected_forest,aspen,5A-5B,,kha,0.0
2012,other,protected_forest,birch,1,2.037773124,kha,0.383862003
2012,other,protected_forest,birch,1A,1.041934145,kha,0.67047043
2012,other,protected_forest,birch,2,6.857051966,kha,0.217063338
2012,other,protected_forest,birch,3,6.251604872,kha,0.229607329
2012,other,protected_forest,birch,4,3.263379421,kha,0.336348707
2012,other,protected_forest,birch,5,0.208386829,kha,0.999573519
2012,other,protected_forest,birch,5A-5B,0.416773658,kha,0.999765272
2012,other,protected_forest,black_alder,1,0.625160487,kha,0.849785974
2012,other,protected_forest,black_alder,1A,,kha,0.0
2012,other,protected_forest,black_alder,2,0.833547316,kha,0.61261518
2012,other,protected_forest,black_alder,3,0.416773658,kha,0.999573519
2012,other,protected_forest,black_alder,4,0.416773658,kha,0.999573519
2012,other,protected_forest,black_alder,5,,kha,0.0
2012,other,protected_forest,black_alder,5A-5B,,kha,0.0
2012,other,protected_forest,grey_alder,1,1.041934145,kha,0.44720315
2012,other,protected_forest,grey_alder,1A,0.416773658,kha,0.706791738
2012,other,protected_forest,grey_alder,2,0.582670413,kha,0.579252271
2012,other,protected_forest,grey_alder,3,0.416773658,kha,0.706978172
2012,other,protected_forest,grey_alder,4,,kha,0.0
2012,other,protected_forest,grey_alder,5,,kha,0.0
2012,other,protected_forest,grey_alder,5A-5B,,kha,0.0
2012,other,protected_forest,pine,1,2.500641949,kha,0.368168839
2012,other,protected_forest,pine,1A,1.041934145,kha,0.52895574
2012,other,protected_forest,pine,2,5.137256304,kha,0.254360542
2012,other,protected_forest,pine,3,3.187589131,kha,0.273761197
2012,other,protected_forest,pine,4,5.001283898,kha,0.257137972
2012,other,protected_forest,pine,5,4.759617692,kha,0.280100568
2012,other,protected_forest,pine,5A-5B,4.792897069,kha,0.311215859
2012,other,protected_forest,spruce,1,2.500641949,kha,0.327338624
2012,other,protected_forest,spruce,1A,1.196619689,kha,0.428180404
2012,other,protected_forest,spruce,2,2.917415607,kha,0.351038039
2012,other,protected_forest,spruce,3,0.459263733,kha,0.648280464
2012,other,protected_forest,spruce,4,,kha,0.0
2012,other,protected_forest,spruce,5,,kha,0.0
2012,other,protected_forest,spruce,5A-5B,,kha,0.0
2012,state_forest_management_centre,production_forest,aspen,1,13.48296126,kha,0.151075153
2012,state_forest_management_centre,production_forest,aspen,1A,12.543261693,kha,0.151650222
2012,state_forest_management_centre,production_forest,aspen,2,2.852940722,kha,0.335352327
2012,state_forest_management_centre,production_forest,aspen,3,0.334752602,kha,0.727173445
2012,state_forest_management_centre,production_forest,aspen,4,0.208386829,kha,0.999381728
2012,state_forest_management_centre,production_forest,aspen,5,,kha,0.0
2012,state_forest_management_centre,production_forest,aspen,5A-5B,,kha,0.0
2012,state_forest_management_centre,production_forest,birch,1,69.879709909,kha,0.089252551
2012,state_forest_management_centre,production_forest,birch,1A,20.028620787,kha,0.130626696
2012,state_forest_management_centre,production_forest,birch,2,51.783981155,kha,0.0862051
2012,state_forest_management_centre,production_forest,birch,3,14.298066342,kha,0.146465012
2012,state_forest_management_centre,production_forest,birch,4,4.58451024,kha,0.229627355
2012,state_forest_management_centre,production_forest,birch,5,1.667094633,kha,0.483514004
2012,state_forest_management_centre,production_forest,birch,5A-5B,,kha,0.0
2012,state_forest_management_centre,production_forest,black_alder,1,7.335466448,kha,0.195113536
2012,state_forest_management_centre,production_forest,black_alder,1A,1.667094633,kha,0.404451628
2012,state_forest_management_centre,production_forest,black_alder,2,7.066647438,kha,0.210636109
2012,state_forest_management_centre,production_forest,black_alder,3,0.625160487,kha,0.600241849
2012,state_forest_management_centre,production_forest,black_alder,4,0.18844421,kha,1.116794663
2012,state_forest_management_centre,production_forest,black_alder,5,0.208386829,kha,1.000148666
2012,state_forest_management_centre,production_forest,black_alder,5A-5B,,kha,0.0
2012,state_forest_management_centre,production_forest,grey_alder,1,7.610932997,kha,0.189715768
2012,state_forest_management_centre,production_forest,grey_alder,1A,2.021289726,kha,0.329038028
2012,state_forest_management_centre,production_forest,grey_alder,2,3.057930846,kha,0.285009045
2012,state_forest_management_centre,production_forest,grey_alder,3,0.208386829,kha,1.22455323
2012,state_forest_management_centre,production_forest,grey_alder,4,,kha,0.0
2012,state_forest_management_centre,production_forest,grey_alder,5,,kha,0.0
2012,state_forest_management_centre,production_forest,grey_alder,5A-5B,,kha,0.0
2012,state_forest_management_centre,production_forest,other,1,0.416773658,kha,0.706910384
2012,state_forest_management_centre,production_forest,other,1A,1.041934145,kha,0.529431166
2012,state_forest_management_centre,production_forest,other,2,0.720705848,kha,0.529992776
2012,state_forest_management_centre,production_forest,other,3,0.208386829,kha,0.999573519
2012,state_forest_management_centre,production_forest,other,4,,kha,0.0
2012,state_forest_management_centre,production_forest,other,5,,kha,0.0
2012,state_forest_management_centre,production_forest,other,5A-5B,,kha,0.0
2012,state_forest_management_centre,production_forest,pine,1,77.15736985,kha,0.088823882
2012,state_forest_management_centre,production_forest,pine,1A,22.335004534,kha,0.13986972
2012,state_forest_management_centre,production_forest,pine,2,72.615203814,kha,0.08748146
2012,state_forest_management_centre,production_forest,pine,3,41.879105105,kha,0.097317686
2012,state_forest_management_centre,production_forest,pine,4,20.196684765,kha,0.140955322
2012,state_forest_management_centre,production_forest,pine,5,13.802980914,kha,0.167984578
2012,state_forest_management_centre,production_forest,pine,5A-5B,12.503209745,kha,0.204248504
2012,state_forest_management_centre,production_forest,spruce,1,63.947041079,kha,0.085084264
2012,state_forest_management_centre,production_forest,spruce,1A,43.413290618,kha,0.100516387
2012,state_forest_management_centre,production_forest,spruce,2,22.532263506,kha,0.120524833
2012,state_forest_management_centre,production_forest,spruce,3,5.147550613,kha,0.20616366
2012,state_forest_management_centre,production_forest,spruce,4,0.975958875,kha,0.468414379
2012,state_forest_management_centre,production_forest,spruce,5,,kha,0.0
2012,state_forest_management_centre,production_forest,spruce,5A-5B,,kha,0.0
2012,state_forest_management_centre,protected_forest,aspen,1,1.041934145,kha,0.547714027
2012,state_forest_management_centre,protected_forest,aspen,1A,3.750962923,kha,0.322017558
2012,state_forest_management_centre,protected_forest,aspen,2,0.833547316,kha,0.624878457
2012,state_forest_management_centre,protected_forest,aspen,3,0.208386829,kha,1.000340312
2012,state_forest_management_centre,protected_forest,aspen,4,,kha,0.0
2012,state_forest_management_centre,protected_forest,aspen,5,,kha,0.0
2012,state_forest_management_centre,protected_forest,aspen,5A-5B,,kha,0.0
2012,state_forest_management_centre,protected_forest,birch,1,10.41434017,kha,0.204827096
2012,state_forest_management_centre,protected_forest,birch,1A,4.267303808,kha,0.318014912
2012,state_forest_management_centre,protected_forest,birch,2,17.296648619,kha,0.193937347
2012,state_forest_management_centre,protected_forest,birch,3,6.827419358,kha,0.228387503
2012,state_forest_management_centre,protected_forest,birch,4,4.167736582,kha,0.329798441
2012,state_forest_management_centre,protected_forest,birch,5,0.833547316,kha,0.612145644
2012,state_forest_management_centre,protected_forest,birch,5A-5B,0.625160487,kha,0.576611266
2012,state_forest_management_centre,protected_forest,black_alder,1,2.446940663,kha,0.481437451
2012,state_forest_management_centre,protected_forest,black_alder,1A,0.208386829,kha,1.117309473
2012,state_forest_management_centre,protected_forest,black_alder,2,2.984266102,kha,0.362112771
2012,state_forest_management_centre,protected_forest,black_alder,3,2.384862227,kha,0.456496525
2012,state_forest_management_centre,protected_forest,black_alder,4,0.208386829,kha,0.999573519
2012,state_forest_management_centre,protected_forest,black_alder,5,,kha,0.0
2012,state_forest_management_centre,protected_forest,black_alder,5A-5B,,kha,0.0
2012,state_forest_management_centre,protected_forest,grey_alder,1,0.56641624,kha,0.664415902
2012,state_forest_management_centre,protected_forest,grey_alder,1A,,kha,0.0
2012,state_forest_management_centre,protected_forest,grey_alder,2,0.298680842,kha,0.759733178
2012,state_forest_management_centre,protected_forest,grey_alder,3,,kha,0.0
2012,state_forest_management_centre,protected_forest,grey_alder,4,,kha,0.0
2012,state_forest_management_centre,protected_forest,grey_alder,5,,kha,0.0
2012,state_forest_management_centre,protected_forest,grey_alder,5A-5B,,kha,0.0
2012,state_forest_management_centre,protected_forest,pine,1,11.15828115,kha,0.200883188
2012,state_forest_management_centre,protected_forest,pine,1A,2.896681118,kha,0.324959377
2012,state_forest_management_centre,protected_forest,pine,2,19.446242116,kha,0.17060943
2012,state_forest_management_centre,protected_forest,pine,3,18.281880708,kha,0.176529223
2012,state_forest_management_centre,protected_forest,pine,4,14.745639574,kha,0.171404218
2012,state_forest_management_centre,protected_forest,pine,5,12.209092574,kha,0.174907754
2012,state_forest_management_centre,protected_forest,pine,5A-5B,16.907819635,kha,0.17881846
2012,state_forest_management_centre,protected_forest,spruce,1,6.737854699,kha,0.227879617
2012,state_forest_management_centre,protected_forest,spruce,1A,5.197084162,kha,0.264212337
2012,state_forest_management_centre,protected_forest,spruce,2,4.318441936,kha,0.282292718
2012,state_forest_management_centre,protected_forest,spruce,3,2.480928555,kha,0.347870311
2012,state_forest_management_centre,protected_forest,spruce,4,0.416773658,kha,0.70663917
2012,state_forest_management_centre,protected_forest,spruce,5,,kha,0.0
2012,state_forest_management_centre,protected_forest,spruce,5A-5B,,kha,0.0
2013,other,production_forest,aspen,1,37.629158645,kha,0.090268806
2013,other,production_forest,aspen,1A,20.496487304,kha,0.121405922
2013,other,production_forest,aspen,2,13.374279488,kha,0.14316031
2013,other,production_forest,aspen,3,2.961610209,kha,0.330635983
2013,other,production_forest,aspen,4,1.142634223,kha,0.581432314
2013,other,production_forest,aspen,5,,kha,0.0
2013,other,production_forest,aspen,5A-5B,,kha,0.0
2013,other,production_forest,birch,1,129.444445067,kha,0.049441408
2013,other,production_forest,birch,1A,34.946681178,kha,0.096241623
2013,other,production_forest,birch,2,159.017255981,kha,0.051368717
2013,other,production_forest,birch,3,76.67674619,kha,0.070067379
2013,other,production_forest,birch,4,21.518785314,kha,0.114107295
2013,other,production_forest,birch,5,5.272090377,kha,0.296528783
2013,other,production_forest,birch,5A-5B,2.487998888,kha,0.311740413
2013,other,production_forest,black_alder,1,13.701596475,kha,0.14704781
2013,other,production_forest,black_alder,1A,1.624165674,kha,0.345852431
2013,other,production_forest,black_alder,2,20.885340797,kha,0.11035551
2013,other,production_forest,black_alder,3,4.840712836,kha,0.209839767
2013,other,production_forest,black_alder,4,0.674102565,kha,0.537906072
2013,other,production_forest,black_alder,5,,kha,0.0
2013,other,production_forest,black_alder,5A-5B,,kha,0.0
2013,other,production_forest,grey_alder,1,89.38950824,kha,0.062027768
2013,other,production_forest,grey_alder,1A,20.87176047,kha,0.115667734
2013,other,production_forest,grey_alder,2,53.663005277,kha,0.076073371
2013,other,production_forest,grey_alder,3,6.29297852,kha,0.18911713
2013,other,production_forest,grey_alder,4,1.942422198,kha,0.386737389
2013,other,production_forest,grey_alder,5,,kha,0.0
2013,other,production_forest,grey_alder,5A-5B,,kha,0.0
2013,other,production_forest,other,1,11.155689413,kha,0.154257488
2013,other,production_forest,other,1A,4.512670183,kha,0.229907168
2013,other,production_forest,other,2,6.988934009,kha,0.16716973
2013,other,production_forest,other,3,3.243624883,kha,0.246230597
2013,other,production_forest,other,4,2.695332128,kha,0.335592272
2013,other,production_forest,other,5,,kha,0.0
2013,other,production_forest,other,5A-5B,,kha,0.0
2013,other,production_forest,pine,1,72.593359482,kha,0.071804956
2013,other,production_forest,pine,1A,26.808084349,kha,0.109593486
2013,other,production_forest,pine,2,96.91373521,kha,0.067547927
2013,other,production_forest,pine,3,59.878254566,kha,0.08108678
2013,other,production_forest,pine,4,24.386100365,kha,0.112399922
2013,other,production_forest,pine,5,11.233978445,kha,0.16717528
2013,other,production_forest,pine,5A-5B,7.778458989,kha,0.212498432
2013,other,production_forest,spruce,1,78.454400662,kha,0.061336865
2013,other,production_forest,spruce,1A,43.719220123,kha,0.078698423
2013,other,production_forest,spruce,2,35.558583771,kha,0.090604076
2013,other,production_forest,spruce,3,8.67907312,kha,0.16347825
2013,other,production_forest,spruce,4,1.391910978,kha,0.378930611
2013,other,production_forest,spruce,5,0.829332963,kha,0.61241915
2013,other,production_forest,spruce,5A-5B,0.207333241,kha,1.000538073
2013,other,protected_forest,aspen,1,1.710167502,kha,0.383988319
2013,other,protected_forest,aspen,1A,0.788799314,kha,0.501890905
2013,other,protected_forest,aspen,2,1.036666203,kha,0.445807969
2013,other,protected_forest,aspen,3,,kha,0.0
2013,other,protected_forest,aspen,4,0.207333241,kha,1.000514244
2013,other,protected_forest,aspen,5,,kha,0.0
2013,other,protected_forest,aspen,5A-5B,,kha,0.0
2013,other,protected_forest,birch,1,1.820137053,kha,0.41191934
2013,other,protected_forest,birch,1A,1.036666203,kha,0.662468075
2013,other,protected_forest,birch,2,5.993050254,kha,0.253372935
2013,other,protected_forest,birch,3,4.975997776,kha,0.259534696
2013,other,protected_forest,birch,4,3.352848034,kha,0.332643198
2013,other,protected_forest,birch,5,0.207333241,kha,0.999011879
2013,other,protected_forest,birch,5A-5B,0.414666481,kha,0.999393646
2013,other,protected_forest,black_alder,1,0.621999722,kha,0.745907289
2013,other,protected_forest,black_alder,1A,,kha,0.0
2013,other,protected_forest,black_alder,2,1.036666203,kha,0.529491447
2013,other,protected_forest,black_alder,3,0.414666481,kha,0.999011879
2013,other,protected_forest,black_alder,4,0.414666481,kha,0.999011879
2013,other,protected_forest,black_alder,5,,kha,0.0
2013,other,protected_forest,black_alder,5A-5B,,kha,0.0
2013,other,protected_forest,grey_alder,1,1.545607109,kha,0.359890043
2013,other,protected_forest,grey_alder,1A,0.414666481,kha,0.706923841
2013,other,protected_forest,grey_alder,2,0.944506578,kha,0.455131933
2013,other,protected_forest,grey_alder,3,0.644288045,kha,0.557823237
2013,other,protected_forest,grey_alder,4,,kha,0.0
2013,other,protected_forest,grey_alder,5,,kha,0.0
2013,other,protected_forest,grey_alder,5A-5B,,kha,0.0
2013,other,protected_forest,pine,1,2.724379515,kha,0.336037741
2013,other,protected_forest,pine,1A,1.036666203,kha,0.528829138
2013,other,protected_forest,pine,2,4.353998054,kha,0.269650235
2013,other,protected_forest,pine,3,1.927473472,kha,0.324484767
2013,other,protected_forest,pine,4,3.31733185,kha,0.279437578
2013,other,protected_forest,pine,5,3.698887213,kha,0.313677543
2013,other,protected_forest,pine,5A-5B,3.524665091,kha,0.337636328
2013,other,protected_forest,spruce,1,2.778431291,kha,0.289481206
2013,other,protected_forest,spruce,1A,1.190569668,kha,0.409729736
2013,other,protected_forest,spruce,2,2.073332406,kha,0.373053781
2013,other,protected_forest,spruce,3,0.207333241,kha,1.000156738
2013,other,protected_forest,spruce,4,,kha,0.0
2013,other,protected_forest,spruce,5,,kha,0.0
2013,other,protected_forest,spruce,5A-5B,,kha,0.0
2013,state_forest_management_centre,production_forest,aspen,1,12.523985135,kha,0.144856569
2013,state_forest_management_centre,production_forest,aspen,1A,12.920966091,kha,0.135546585
2013,state_forest_management_centre,production_forest,aspen,2,1.594517021,kha,0.355808692
2013,state_forest_management_centre,production_forest,aspen,3,0.207333241,kha,0.999393646
2013,state_forest_management_centre,production_forest,aspen,4,0.207333241,kha,0.999393646
2013,state_forest_management_centre,production_forest,aspen,5,,kha,0.0
2013,state_forest_management_centre,production_forest,aspen,5A-5B,,kha,0.0
2013,state_forest_management_centre,production_forest,birch,1,69.74219569,kha,0.083184592
2013,state_forest_management_centre,production_forest,birch,1A,18.061358393,kha,0.129745525
2013,state_forest_management_centre,production_forest,birch,2,55.247508102,kha,0.08130582
2013,state_forest_management_centre,production_forest,birch,3,15.069747063,kha,0.142767542
2013,state_forest_management_centre,production_forest,birch,4,4.975997776,kha,0.252308426
2013,state_forest_management_centre,production_forest,birch,5,1.658665925,kha,0.431872844
2013,state_forest_management_centre,production_forest,birch,5A-5B,,kha,0.0
2013,state_forest_management_centre,production_forest,black_alder,1,7.593331139,kha,0.182639653
2013,state_forest_management_centre,production_forest,black_alder,1A,1.97542965,kha,0.367617146
2013,state_forest_management_centre,production_forest,black_alder,2,7.482739588,kha,0.198276304
2013,state_forest_management_centre,production_forest,black_alder,3,0.829332963,kha,0.499610035
2013,state_forest_management_centre,production_forest,black_alder,4,0.18749145,kha,0.999584475
2013,state_forest_management_centre,production_forest,black_alder,5,,kha,0.0
2013,state_forest_management_centre,production_forest,black_alder,5A-5B,,kha,0.0
2013,state_forest_management_centre,production_forest,grey_alder,1,8.327746944,kha,0.170044922
2013,state_forest_management_centre,production_forest,grey_alder,1A,2.218403475,kha,0.301982786
2013,state_forest_management_centre,production_forest,grey_alder,2,4.079136376,kha,0.250649846
2013,state_forest_management_centre,production_forest,grey_alder,3,0.621999722,kha,0.57740154
2013,state_forest_management_centre,production_forest,grey_alder,4,,kha,0.0
2013,state_forest_management_centre,production_forest,grey_alder,5,,kha,0.0
2013,state_forest_management_centre,production_forest,grey_alder,5A-5B,,kha,0.0
2013,state_forest_management_centre,production_forest,other,1,0.207333241,kha,0.999775268
2013,state_forest_management_centre,production_forest,other,1A,1.451332685,kha,0.428396748
2013,state_forest_management_centre,production_forest,other,2,0.661662571,kha,0.546682513
2013,state_forest_management_centre,production_forest,other,3,0.414666481,kha,0.706788925
2013,state_forest_management_centre,production_forest,other,4,0.207333241,kha,1.000538071
2013,state_forest_management_centre,production_forest,other,5,,kha,0.0
2013,state_forest_management_centre,production_forest,other,5A-5B,,kha,0.0
2013,state_forest_management_centre,production_forest,pine,1,81.73797866,kha,0.081503481
2013,state_forest_management_centre,production_forest,pine,1A,23.024107574,kha,0.126978911
2013,state_forest_management_centre,production_forest,pine,2,75.860495954,kha,0.081249263
2013,state_forest_management_centre,production_forest,pine,3,44.542187955,kha,0.091254004
2013,state_forest_management_centre,production_forest,pine,4,22.068384268,kha,0.126498407
2013,state_forest_management_centre,production_forest,pine,5,14.109877092,kha,0.159658351
2013,state_forest_management_centre,production_forest,pine,5A-5B,12.85466092,kha,0.190735009
2013,state_forest_management_centre,production_forest,spruce,1,65.368500978,kha,0.08190844
2013,state_forest_management_centre,production_forest,spruce,1A,50.437522053,kha,0.090133093
2013,state_forest_management_centre,production_forest,spruce,2,22.915589356,kha,0.117040313
2013,state_forest_management_centre,production_forest,spruce,3,4.706858496,kha,0.202848037
2013,state_forest_management_centre,production_forest,spruce,4,1.593024221,kha,0.354088158
2013,state_forest_management_centre,production_forest,spruce,5,,kha,0.0
2013,state_forest_management_centre,production_forest,spruce,5A-5B,,kha,0.0
2013,state_forest_management_centre,protected_forest,aspen,1,1.243999444,kha,0.471467309
2013,state_forest_management_centre,protected_forest,aspen,1A,3.939331572,kha,0.287407179
2013,state_forest_management_centre,protected_forest,aspen,2,0.829332963,kha,0.61171801
2013,state_forest_management_centre,protected_forest,aspen,3,0.207333241,kha,1.000347426
2013,state_forest_management_centre,protected_forest,aspen,4,,kha,0.0
2013,state_forest_management_centre,protected_forest,aspen,5,,kha,0.0
2013,state_forest_management_centre,protected_forest,aspen,5A-5B,,kha,0.0
2013,state_forest_management_centre,protected_forest,birch,1,14.691923699,kha,0.185569405
2013,state_forest_management_centre,protected_forest,birch,1A,4.038395395,kha,0.29557578
2013,state_forest_management_centre,protected_forest,birch,2,17.416531281,kha,0.198814579
2013,state_forest_management_centre,protected_forest,birch,3,7.000233671,kha,0.23053539
2013,state_forest_management_centre,protected_forest,birch,4,4.146664813,kha,0.303979338
2013,state_forest_management_centre,protected_forest,birch,5,1.036666203,kha,0.528982398
2013,state_forest_management_centre,protected_forest,birch,5A-5B,0.829332963,kha,0.498744361
2013,state_forest_management_centre,protected_forest,black_alder,1,3.678568556,kha,0.330110531
2013,state_forest_management_centre,protected_forest,black_alder,1A,0.207333241,kha,0.999775267
2013,state_forest_management_centre,protected_forest,black_alder,2,2.761844632,kha,0.340281381
2013,state_forest_management_centre,protected_forest,black_alder,3,1.543471577,kha,0.407839376
2013,state_forest_management_centre,protected_forest,black_alder,4,0.207333241,kha,0.999011879
2013,state_forest_management_centre,protected_forest,black_alder,5,,kha,0.0
2013,state_forest_management_centre,protected_forest,black_alder,5A-5B,,kha,0.0
2013,state_forest_management_centre,protected_forest,grey_alder,1,0.8195261,kha,0.477431234
2013,state_forest_management_centre,protected_forest,grey_alder,1A,,kha,0.0
2013,state_forest_management_centre,protected_forest,grey_alder,2,0.494821512,kha,0.605569897
2013,state_forest_management_centre,protected_forest,grey_alder,3,,kha,0.0
2013,state_forest_management_centre,protected_forest,grey_alder,4,,kha,0.0
2013,state_forest_management_centre,protected_forest,grey_alder,5,,kha,0.0
2013,state_forest_management_centre,protected_forest,grey_alder,5A-5B,,kha,0.0
2013,state_forest_management_centre,protected_forest,pine,1,11.760210943,kha,0.189277981
2013,state_forest_management_centre,protected_forest,pine,1A,2.674702471,kha,0.314102965
2013,state_forest_management_centre,protected_forest,pine,2,22.457921961,kha,0.146376604
2013,state_forest_management_centre,protected_forest,pine,3,20.132969933,kha,0.155667338
2013,state_forest_management_centre,protected_forest,pine,4,15.500419671,kha,0.160380315
2013,state_forest_management_centre,protected_forest,pine,5,13.298043055,kha,0.170598138
2013,state_forest_management_centre,protected_forest,pine,5A-5B,19.310333834,kha,0.168009617
2013,state_forest_management_centre,protected_forest,spruce,1,9.515331013,kha,0.191410117
2013,state_forest_management_centre,protected_forest,spruce,1A,6.000141051,kha,0.222466364
2013,state_forest_management_centre,protected_forest,spruce,2,4.985472905,kha,0.255951987
2013,state_forest_management_centre,protected_forest,spruce,3,2.608853434,kha,0.303210559
2013,state_forest_management_centre,protected_forest,spruce,4,0.414666481,kha,0.70638403
2013,state_forest_management_centre,protected_forest,spruce,5,,kha,0.0
2013,state_forest_management_centre,protected_forest,spruce,5A-5B,,kha,0.0
2014,other,production_forest,aspen,1,38.798056987,kha,0.091429765
2014,other,production_forest,aspen,1A,22.315843331,kha,0.132739204
2014,other,production_forest,aspen,2,12.247756145,kha,0.165527839
2014,other,production_forest,aspen,3,2.385427441,kha,0.401037872
2014,other,production_forest,aspen,4,0.681803138,kha,0.713892962
2014,other,production_forest,aspen,5,,kha,0.0
2014,other,production_forest,aspen,5A-5B,,kha,0.0
2014,other,production_forest,birch,1,132.011562066,kha,0.050691979
2014,other,production_forest,birch,1A,36.248931546,kha,0.103783383
2014,other,production_forest,birch,2,146.778344968,kha,0.054236759
2014,other,production_forest,birch,3,67.193756638,kha,0.078532946
2014,other,production_forest,birch,4,16.706167277,kha,0.140411034
2014,other,production_forest,birch,5,3.966831672,kha,0.247778709
2014,other,production_forest,birch,5A-5B,1.165110315,kha,0.470437537
2014,other,production_forest,black_alder,1,15.944010365,kha,0.150401516
2014,other,production_forest,black_alder,1A,1.326982975,kha,0.416008354
2014,other,production_forest,black_alder,2,17.585107081,kha,0.126159502
2014,other,production_forest,black_alder,3,4.301684376,kha,0.237706235
2014,other,production_forest,black_alder,4,0.437168809,kha,0.675462181
2014,other,production_forest,black_alder,5,,kha,0.0
2014,other,production_forest,black_alder,5A-5B,,kha,0.0
2014,other,production_forest,grey_alder,1,90.217695763,kha,0.066093929
2014,other,production_forest,grey_alder,1A,21.667770136,kha,0.128967184
2014,other,production_forest,grey_alder,2,51.768414549,kha,0.081919542
2014,other,production_forest,grey_alder,3,6.385154061,kha,0.206589365
2014,other,production_forest,grey_alder,4,1.819242083,kha,0.444849558
2014,other,production_forest,grey_alder,5,,kha,0.0
2014,other,production_forest,grey_alder,5A-5B,,kha,0.0
2014,other,production_forest,other,1,10.133449874,kha,0.177694584
2014,other,production_forest,other,1A,4.420680977,kha,0.249871644
2014,other,production_forest,other,2,6.957592177,kha,0.191468176
2014,other,production_forest,other,3,3.80057043,kha,0.236960182
2014,other,production_forest,other,4,2.33022063,kha,0.399458332
2014,other,production_forest,other,5,0.388370105,kha,0.70697856
2014,other,production_forest,other,5A-5B,,kha,0.0
2014,other,production_forest,pine,1,74.386099125,kha,0.075142868
2014,other,production_forest,pine,1A,26.325415132,kha,0.114870851
2014,other,production_forest,pine,2,96.525117547,kha,0.069190295
2014,other,production_forest,pine,3,54.663694264,kha,0.083011594
2014,other,production_forest,pine,4,23.185015626,kha,0.127714828
2014,other,production_forest,pine,5,11.192593406,kha,0.182399017
2014,other,production_forest,pine,5A-5B,6.40243653,kha,0.250523112
2014,other,production_forest,spruce,1,75.792756227,kha,0.06440287
2014,other,production_forest,spruce,1A,48.091462324,kha,0.081889781
2014,other,production_forest,spruce,2,39.182970598,kha,0.092444381
2014,other,production_forest,spruce,3,10.601202829,kha,0.148115938
2014,other,production_forest,spruce,4,1.692012037,kha,0.397049516
2014,other,production_forest,spruce,5,0.77674021,kha,0.612625444
2014,other,production_forest,spruce,5A-5B,0.194185053,kha,1.000177281
2014,other,protected_forest,aspen,1,1.79590104,kha,0.390329398
2014,other,protected_forest,aspen,1A,0.738777032,kha,0.594522308
2014,other,protected_forest,aspen,2,0.582555158,kha,0.62311189
2014,other,protected_forest,aspen,3,,kha,0.0
2014,other,protected_forest,aspen,4,0.194185053,kha,1.000512108
2014,other,protected_forest,aspen,5,,kha,0.0
2014,other,protected_forest,aspen,5A-5B,,kha,0.0
2014,other,protected_forest,birch,1,2.33022063,kha,0.327426673
2014,other,protected_forest,birch,1A,0.970925263,kha,0.662622376
2014,other,protected_forest,birch,2,4.862646156,kha,0.276653768
2014,other,protected_forest,birch,3,3.301145893,kha,0.293388714
2014,other,protected_forest,birch,4,2.524405683,kha,0.393778721
2014,other,protected_forest,birch,5,,kha,0.0
2014,other,protected_forest,birch,5A-5B,0.388370105,kha,1.1173935
2014,other,protected_forest,black_alder,1,0.388370105,kha,1.225327062
2014,other,protected_forest,black_alder,1A,,kha,0.0
2014,other,protected_forest,black_alder,2,0.970925263,kha,0.529227902
2014,other,protected_forest,black_alder,3,0.194185053,kha,0.99938441
2014,other,protected_forest,black_alder,4,,kha,0.0
2014,other,protected_forest,black_alder,5,,kha,0.0
2014,other,protected_forest,black_alder,5A-5B,,kha,0.0
2014,other,protected_forest,grey_alder,1,1.059221206,kha,0.473808929
2014,other,protected_forest,grey_alder,1A,0.388370105,kha,0.706473029
2014,other,protected_forest,grey_alder,2,0.884610007,kha,0.553051442
2014,other,protected_forest,grey_alder,3,0.603430051,kha,0.664156187
2014,other,protected_forest,grey_alder,4,,kha,0.0
2014,other,protected_forest,grey_alder,5,,kha,0.0
2014,other,protected_forest,grey_alder,5A-5B,,kha,0.0
2014,other,protected_forest,pine,1,2.357425956,kha,0.368752642
2014,other,protected_forest,pine,1A,1.165110315,kha,0.492728326
2014,other,protected_forest,pine,2,2.524405683,kha,0.305356184
2014,other,protected_forest,pine,3,1.375606912,kha,0.351581499
2014,other,protected_forest,pine,4,2.136035578,kha,0.365689056
2014,other,protected_forest,pine,5,3.075949488,kha,0.346924093
2014,other,protected_forest,pine,5A-5B,2.524405683,kha,0.399378251
2014,other,protected_forest,spruce,1,2.40805,kha,0.325813744
2014,other,protected_forest,spruce,1A,1.30925388,kha,0.40712087
2014,other,protected_forest,spruce,2,1.941850525,kha,0.411491439
2014,other,protected_forest,spruce,3,0.194185053,kha,0.999998656
2014,other,protected_forest,spruce,4,,kha,0.0
2014,other,protected_forest,spruce,5,,kha,0.0
2014,other,protected_forest,spruce,5A-5B,,kha,0.0
2014,state_forest_management_centre,production_forest,aspen,1,14.03241387,kha,0.139735219
2014,state_forest_management_centre,production_forest,aspen,1A,13.581982222,kha,0.147934245
2014,state_forest_management_centre,production_forest,aspen,2,1.88176967,kha,0.35263306
2014,state_forest_management_centre,production_forest,aspen,3,0.194185053,kha,1.224597913
2014,state_forest_management_centre,production_forest,aspen,4,0.194185053,kha,1.224597913
2014,state_forest_management_centre,production_forest,aspen,5,,kha,0.0
2014,state_forest_management_centre,production_forest,aspen,5A-5B,,kha,0.0
2014,state_forest_management_centre,production_forest,birch,1,76.563632049,kha,0.081514152
2014,state_forest_management_centre,production_forest,birch,1A,18.919061299,kha,0.13305749
2014,state_forest_management_centre,production_forest,birch,2,63.086529173,kha,0.081973692
2014,state_forest_management_centre,production_forest,birch,3,16.678243467,kha,0.133831231
2014,state_forest_management_centre,production_forest,birch,4,6.738900971,kha,0.224027863
2014,state_forest_management_centre,production_forest,birch,5,2.524405683,kha,0.351828941
2014,state_forest_management_centre,production_forest,birch,5A-5B,,kha,0.0
2014,state_forest_management_centre,production_forest,black_alder,1,7.30597958,kha,0.204840078
2014,state_forest_management_centre,production_forest,black_alder,1A,2.044341396,kha,0.3621082
2014,state_forest_management_centre,production_forest,black_alder,2,7.202401273,kha,0.223044962
2014,state_forest_management_centre,production_forest,black_alder,3,0.970925263,kha,0.509509427
2014,state_forest_management_centre,production_forest,black_alder,4,0.175601543,kha,0.999641324
2014,state_forest_management_centre,production_forest,black_alder,5,,kha,0.0
2014,state_forest_management_centre,production_forest,black_alder,5A-5B,,kha,0.0
2014,state_forest_management_centre,production_forest,grey_alder,1,10.462399353,kha,0.158490134
2014,state_forest_management_centre,production_forest,grey_alder,1A,2.077721807,kha,0.348752947
2014,state_forest_management_centre,production_forest,grey_alder,2,5.155438378,kha,0.250052295
2014,state_forest_management_centre,production_forest,grey_alder,3,0.388370105,kha,0.900791599
2014,state_forest_management_centre,production_forest,grey_alder,4,,kha,0.0
2014,state_forest_management_centre,production_forest,grey_alder,5,,kha,0.0
2014,state_forest_management_centre,production_forest,grey_alder,5A-5B,,kha,0.0
2014,state_forest_management_centre,production_forest,other,1,0.388370105,kha,0.827968797
2014,state_forest_management_centre,production_forest,other,1A,0.970925263,kha,0.499291205
2014,state_forest_management_centre,production_forest,other,2,0.813887811,kha,0.535880309
2014,state_forest_management_centre,production_forest,other,3,0.194185053,kha,1.414338924
2014,state_forest_management_centre,production_forest,other,4,0.194185053,kha,1.414338924
2014,state_forest_management_centre,production_forest,other,5,,kha,0.0
2014,state_forest_management_centre,production_forest,other,5A-5B,,kha,0.0
2014,state_forest_management_centre,production_forest,pine,1,81.861019701,kha,0.082356991
2014,state_forest_management_centre,production_forest,pine,1A,21.459428993,kha,0.141000646
2014,state_forest_management_centre,production_forest,pine,2,83.517476455,kha,0.080168469
2014,state_forest_management_centre,production_forest,pine,3,49.060057366,kha,0.097477325
2014,state_forest_management_centre,production_forest,pine,4,24.026361203,kha,0.127405446
2014,state_forest_management_centre,production_forest,pine,5,13.646956541,kha,0.172584104
2014,state_forest_management_centre,production_forest,pine,5A-5B,14.175508835,kha,0.206404155
2014,state_forest_management_centre,production_forest,spruce,1,65.191883513,kha,0.082686132
2014,state_forest_management_centre,production_forest,spruce,1A,54.533104816,kha,0.092907287
2014,state_forest_management_centre,production_forest,spruce,2,25.110632281,kha,0.113662399
2014,state_forest_management_centre,production_forest,spruce,3,5.793103254,kha,0.196379278
2014,state_forest_management_centre,production_forest,spruce,4,1.500662086,kha,0.376760082
2014,state_forest_management_centre,production_forest,spruce,5,,kha,0.0
2014,state_forest_management_centre,production_forest,spruce,5A-5B,,kha,0.0
2014,state_forest_management_centre,protected_forest,aspen,1,1.953695814,kha,0.35645829
2014,state_forest_management_centre,protected_forest,aspen,1A,3.689515998,kha,0.285129337
2014,state_forest_management_centre,protected_forest,aspen,2,0.77674021,kha,0.706469079
2014,state_forest_management_centre,protected_forest,aspen,3,0.388370105,kha,0.707357472
2014,state_forest_management_centre,protected_forest,aspen,4,,kha,0.0
2014,state_forest_management_centre,protected_forest,aspen,5,,kha,0.0
2014,state_forest_management_centre,protected_forest,aspen,5A-5B,,kha,0.0
2014,state_forest_management_centre,protected_forest,birch,1,15.018116615,kha,0.187441581
2014,state_forest_management_centre,protected_forest,birch,1A,4.358386412,kha,0.285761747
2014,state_forest_management_centre,protected_forest,birch,2,15.16394959,kha,0.211634321
2014,state_forest_management_centre,protected_forest,birch,3,6.507179948,kha,0.264775376
2014,state_forest_management_centre,protected_forest,birch,4,6.019736629,kha,0.276692573
2014,state_forest_management_centre,protected_forest,birch,5,1.359295368,kha,0.514459569
2014,state_forest_management_centre,protected_forest,birch,5A-5B,0.77674021,kha,0.585198934
2014,state_forest_management_centre,protected_forest,black_alder,1,3.530556114,kha,0.35331158
2014,state_forest_management_centre,protected_forest,black_alder,1A,0.388370105,kha,0.999820008
2014,state_forest_management_centre,protected_forest,black_alder,2,3.848903089,kha,0.33211312
2014,state_forest_management_centre,protected_forest,black_alder,3,1.711352868,kha,0.435044492
2014,state_forest_management_centre,protected_forest,black_alder,4,0.582555158,kha,0.99910508
2014,state_forest_management_centre,protected_forest,black_alder,5,,kha,0.0
2014,state_forest_management_centre,protected_forest,black_alder,5A-5B,,kha,0.0
2014,state_forest_management_centre,protected_forest,grey_alder,1,1.350110415,kha,0.375349395
2014,state_forest_management_centre,protected_forest,grey_alder,1A,,kha,0.0
2014,state_forest_management_centre,protected_forest,grey_alder,2,0.657627099,kha,0.530825043
2014,state_forest_management_centre,protected_forest,grey_alder,3,,kha,0.0
2014,state_forest_management_centre,protected_forest,grey_alder,4,,kha,0.0
2014,state_forest_management_centre,protected_forest,grey_alder,5,,kha,0.0
2014,state_forest_management_centre,protected_forest,grey_alder,5A-5B,,kha,0.0
2014,state_forest_management_centre,protected_forest,pine,1,13.521377068,kha,0.186708671
2014,state_forest_management_centre,protected_forest,pine,1A,2.973400362,kha,0.304032283
2014,state_forest_management_centre,protected_forest,pine,2,23.127090225,kha,0.139345048
2014,state_forest_management_centre,protected_forest,pine,3,22.540107648,kha,0.158268514
2014,state_forest_management_centre,protected_forest,pine,4,16.653484872,kha,0.175970526
2014,state_forest_management_centre,protected_forest,pine,5,12.861711026,kha,0.190487977
2014,state_forest_management_centre,protected_forest,pine,5A-5B,20.027605508,kha,0.180387488
2014,state_forest_management_centre,protected_forest,spruce,1,10.929161964,kha,0.196826589
2014,state_forest_management_centre,protected_forest,spruce,1A,6.224174652,kha,0.223849651
2014,state_forest_management_centre,protected_forest,spruce,2,5.888176256,kha,0.238152638
2014,state_forest_management_centre,protected_forest,spruce,3,2.527609736,kha,0.318932494
2014,state_forest_management_centre,protected_forest,spruce,4,0.77674021,kha,0.572117525
2014,state_forest_management_centre,protected_forest,spruce,5,0.194185053,kha,0.99910508
2014,state_forest_management_centre,protected_forest,spruce,5A-5B,,kha,0.0
2015,other,production_forest,aspen,1,41.426360732,kha,0.084014042
2015,other,production_forest,aspen,1A,21.057834051,kha,0.131134883
2015,other,production_forest,aspen,2,12.027819494,kha,0.169361818
2015,other,production_forest,aspen,3,2.200385304,kha,0.333007181
2015,other,production_forest,aspen,4,0.366730884,kha,1.224694893
2015,other,production_forest,aspen,5,,kha,0.0
2015,other,production_forest,aspen,5A-5B,,kha,0.0
2015,other,production_forest,birch,1,133.345953207,kha,0.050843501
2015,other,production_forest,birch,1A,39.528363379,kha,0.098919485
2015,other,production_forest,birch,2,138.630160177,kha,0.055441054
2015,other,production_forest,birch,3,59.59640911,kha,0.080956615
2015,other,production_forest,birch,4,13.469621965,kha,0.150667766
2015,other,production_forest,birch,5,3.19571126,kha,0.29239183
2015,other,production_forest,birch,5A-5B,1.100192652,kha,0.471050841
2015,other,production_forest,black_alder,1,17.672449578,kha,0.135378917
2015,other,production_forest,black_alder,1A,1.253046084,kha,0.432071227
2015,other,production_forest,black_alder,2,16.318149097,kha,0.135072052
2015,other,production_forest,black_alder,3,4.61209928,kha,0.232259211
2015,other,production_forest,black_alder,4,0.596176062,kha,0.61945242
2015,other,production_forest,black_alder,5,,kha,0.0
2015,other,production_forest,black_alder,5A-5B,,kha,0.0
2015,other,production_forest,grey_alder,1,98.639312481,kha,0.060826644
2015,other,production_forest,grey_alder,1A,20.391502371,kha,0.123577561
2015,other,production_forest,grey_alder,2,45.960511362,kha,0.082274899
2015,other,production_forest,grey_alder,3,6.295082316,kha,0.201427371
2015,other,production_forest,grey_alder,4,0.984415712,kha,0.555418719
2015,other,production_forest,grey_alder,5,,kha,0.0
2015,other,production_forest,grey_alder,5A-5B,,kha,0.0
2015,other,production_forest,other,1,11.910960698,kha,0.153978519
2015,other,production_forest,other,1A,4.466617138,kha,0.253593986
2015,other,production_forest,other,2,5.843159848,kha,0.216497565
2015,other,production_forest,other,3,3.038713768,kha,0.290623297
2015,other,production_forest,other,4,1.650288978,kha,0.419032116
2015,other,production_forest,other,5,0.366730884,kha,0.706960549
2015,other,production_forest,other,5A-5B,,kha,0.0
2015,other,production_forest,pine,1,75.356155426,kha,0.07718134
2015,other,production_forest,pine,1A,28.263160757,kha,0.113386419
2015,other,production_forest,pine,2,91.200488221,kha,0.069240353
2015,other,production_forest,pine,3,51.26972938,kha,0.085679285
2015,other,production_forest,pine,4,20.004784654,kha,0.130093852
2015,other,production_forest,pine,5,9.83550227,kha,0.186158675
2015,other,production_forest,pine,5A-5B,4.945512663,kha,0.278892927
2015,other,production_forest,spruce,1,70.904665937,kha,0.064507096
2015,other,production_forest,spruce,1A,50.351251881,kha,0.082941196
2015,other,production_forest,spruce,2,35.173434131,kha,0.095858113
2015,other,production_forest,spruce,3,10.262248663,kha,0.151915585
2015,other,production_forest,spruce,4,1.414371,kha,0.431881528
2015,other,production_forest,spruce,5,0.366730884,kha,0.790598701
2015,other,production_forest,spruce,5A-5B,0.183365442,kha,1.224315968
2015,other,protected_forest,aspen,1,1.695836954,kha,0.422817207
2015,other,protected_forest,aspen,1A,0.514248382,kha,0.731991544
2015,other,protected_forest,aspen,2,0.550096326,kha,0.644917479
2015,other,protected_forest,aspen,3,,kha,0.0
2015,other,protected_forest,aspen,4,0.183365442,kha,1.00010751
2015,other,protected_forest,aspen,5,,kha,0.0
2015,other,protected_forest,aspen,5A-5B,,kha,0.0
2015,other,protected_forest,birch,1,2.480531026,kha,0.35325709
2015,other,protected_forest,birch,1A,0.733461768,kha,0.818884301
2015,other,protected_forest,birch,2,5.867694144,kha,0.256178614
2015,other,protected_forest,birch,3,3.300577956,kha,0.312403676
2015,other,protected_forest,birch,4,2.017019862,kha,0.447395062
2015,other,protected_forest,birch,5,,kha,0.0
2015,other,protected_forest,birch,5A-5B,,kha,0.0
2015,other,protected_forest,black_alder,1,0.366730884,kha,1.000655658
2015,other,protected_forest,black_alder,1A,,kha,0.0
2015,other,protected_forest,black_alder,2,1.100192652,kha,0.506869739
2015,other,protected_forest,black_alder,3,0.183365442,kha,1.224040313
2015,other,protected_forest,black_alder,4,,kha,0.0
2015,other,protected_forest,black_alder,5,,kha,0.0
2015,other,protected_forest,black_alder,5A-5B,,kha,0.0
2015,other,protected_forest,grey_alder,1,1.000203476,kha,0.499840674
2015,other,protected_forest,grey_alder,1A,0.366730884,kha,0.790011592
2015,other,protected_forest,grey_alder,2,0.468590387,kha,0.701237698
2015,other,protected_forest,grey_alder,3,0.569808111,kha,0.644180062
2015,other,protected_forest,grey_alder,4,,kha,0.0
2015,other,protected_forest,grey_alder,5,,kha,0.0
2015,other,protected_forest,grey_alder,5A-5B,,kha,0.0
2015,other,protected_forest,pine,1,2.226074802,kha,0.359514524
2015,other,protected_forest,pine,1A,1.283558094,kha,0.440207053
2015,other,protected_forest,pine,2,3.483943398,kha,0.285481292
2015,other,protected_forest,pine,3,2.582518885,kha,0.510426246
2015,other,protected_forest,pine,4,2.017019862,kha,0.368081336
2015,other,protected_forest,pine,5,2.904563611,kha,0.396935183
2015,other,protected_forest,pine,5A-5B,2.383750746,kha,0.450858409
2015,other,protected_forest,spruce,1,2.823974499,kha,0.29118247
2015,other,protected_forest,spruce,1A,0.91682721,kha,0.479613837
2015,other,protected_forest,spruce,2,1.466923536,kha,0.404269593
2015,other,protected_forest,spruce,3,0.366730884,kha,0.790652054
2015,other,protected_forest,spruce,4,,kha,0.0
2015,other,protected_forest,spruce,5,,kha,0.0
2015,other,protected_forest,spruce,5A-5B,,kha,0.0
2015,state_forest_management_centre,production_forest,aspen,1,13.522046145,kha,0.147394746
2015,state_forest_management_centre,production_forest,aspen,1A,13.314494801,kha,0.159671176
2015,state_forest_management_centre,production_forest,aspen,2,3.060479246,kha,0.329853772
2015,state_forest_management_centre,production_forest,aspen,3,0.366730884,kha,0.750255794
2015,state_forest_management_centre,production_forest,aspen,4,0.183365442,kha,1.118016969
2015,state_forest_management_centre,production_forest,aspen,5,,kha,0.0
2015,state_forest_management_centre,production_forest,aspen,5A-5B,,kha,0.0
2015,state_forest_management_centre,production_forest,birch,1,80.185579428,kha,0.078098856
2015,state_forest_management_centre,production_forest,birch,1A,19.337774522,kha,0.128462454
2015,state_forest_management_centre,production_forest,birch,2,62.35134652,kha,0.084782874
2015,state_forest_management_centre,production_forest,birch,3,20.110678197,kha,0.11631391
2015,state_forest_management_centre,production_forest,birch,4,7.732043939,kha,0.204717902
2015,state_forest_management_centre,production_forest,birch,5,2.200385304,kha,0.413879592
2015,state_forest_management_centre,production_forest,birch,5A-5B,0.366730884,kha,0.790545346
2015,state_forest_management_centre,production_forest,black_alder,1,8.618744207,kha,0.186330637
2015,state_forest_management_centre,production_forest,black_alder,1A,1.563703816,kha,0.411023693
2015,state_forest_management_centre,production_forest,black_alder,2,7.165389713,kha,0.194800258
2015,state_forest_management_centre,production_forest,black_alder,3,1.283558094,kha,0.445988093
2015,state_forest_management_centre,production_forest,black_alder,4,0.165817369,kha,1.32235099
2015,state_forest_management_centre,production_forest,black_alder,5,,kha,0.0
2015,state_forest_management_centre,production_forest,black_alder,5A-5B,,kha,0.0
2015,state_forest_management_centre,production_forest,grey_alder,1,11.573146544,kha,0.15544944
2015,state_forest_management_centre,production_forest,grey_alder,1A,2.017019862,kha,0.351293849
2015,state_forest_management_centre,production_forest,grey_alder,2,6.176188163,kha,0.223387104
2015,state_forest_management_centre,production_forest,grey_alder,3,0.550096326,kha,0.726224669
2015,state_forest_management_centre,production_forest,grey_alder,4,,kha,0.0
2015,state_forest_management_centre,production_forest,grey_alder,5,,kha,0.0
2015,state_forest_management_centre,production_forest,grey_alder,5A-5B,,kha,0.0
2015,state_forest_management_centre,production_forest,other,1,0.366730884,kha,0.790118372
2015,state_forest_management_centre,production_forest,other,1A,1.283558094,kha,0.43383545
2015,state_forest_management_centre,production_forest,other,2,0.768539577,kha,0.480215186
2015,state_forest_management_centre,production_forest,other,3,0.183365442,kha,1.224867092
2015,state_forest_management_centre,production_forest,other,4,0.183365442,kha,1.224867092
2015,state_forest_management_centre,production_forest,other,5,,kha,0.0
2015,state_forest_management_centre,production_forest,other,5A-5B,,kha,0.0
2015,state_forest_management_centre,production_forest,pine,1,80.763015541,kha,0.08017632
2015,state_forest_management_centre,production_forest,pine,1A,22.010490868,kha,0.139197081
2015,state_forest_management_centre,production_forest,pine,2,83.782017524,kha,0.081979524
2015,state_forest_management_centre,production_forest,pine,3,47.001917054,kha,0.100550423
2015,state_forest_management_centre,production_forest,pine,4,24.728736853,kha,0.125086845
2015,state_forest_management_centre,production_forest,pine,5,15.615236011,kha,0.159427344
2015,state_forest_management_centre,production_forest,pine,5A-5B,13.018946381,kha,0.209375217
2015,state_forest_management_centre,production_forest,spruce,1,64.369283209,kha,0.0804684
2015,state_forest_management_centre,production_forest,spruce,1A,61.096191733,kha,0.087519897
2015,state_forest_management_centre,production_forest,spruce,2,24.26315366,kha,0.117750048
2015,state_forest_management_centre,production_forest,spruce,3,6.560448784,kha,0.186542357
2015,state_forest_management_centre,production_forest,spruce,4,1.600413578,kha,0.393371364
2015,state_forest_management_centre,production_forest,spruce,5,0.025927873,kha,1.000655658
2015,state_forest_management_centre,production_forest,spruce,5A-5B,,kha,0.0
2015,state_forest_management_centre,protected_forest,aspen,1,4.045225016,kha,0.267592907
2015,state_forest_management_centre,protected_forest,aspen,1A,4.034039724,kha,0.279413133
2015,state_forest_management_centre,protected_forest,aspen,2,1.466923536,kha,0.467533993
2015,state_forest_management_centre,protected_forest,aspen,3,0.366730884,kha,0.707318453
2015,state_forest_management_centre,protected_forest,aspen,4,,kha,0.0
2015,state_forest_management_centre,protected_forest,aspen,5,,kha,0.0
2015,state_forest_management_centre,protected_forest,aspen,5A-5B,,kha,0.0
2015,state_forest_management_centre,protected_forest,birch,1,16.384912454,kha,0.180634716
2015,state_forest_management_centre,protected_forest,birch,1A,6.566059766,kha,0.273351211
2015,state_forest_management_centre,protected_forest,birch,2,18.612344161,kha,0.193749347
2015,state_forest_management_centre,protected_forest,birch,3,8.240131242,kha,0.217272521
2015,state_forest_management_centre,protected_forest,birch,4,6.41779047,kha,0.268647899
2015,state_forest_management_centre,protected_forest,birch,5,1.283558094,kha,0.456642021
2015,state_forest_management_centre,protected_forest,birch,5A-5B,1.283558094,kha,0.493861083
2015,state_forest_management_centre,protected_forest,black_alder,1,4.434033099,kha,0.270391207
2015,state_forest_management_centre,protected_forest,black_alder,1A,0.366730884,kha,1.41431941
2015,state_forest_management_centre,protected_forest,black_alder,2,4.48172645,kha,0.295994225
2015,state_forest_management_centre,protected_forest,black_alder,3,1.61599964,kha,0.458213722
2015,state_forest_management_centre,protected_forest,black_alder,4,0.550096326,kha,0.999643457
2015,state_forest_management_centre,protected_forest,black_alder,5,,kha,0.0
2015,state_forest_management_centre,protected_forest,black_alder,5A-5B,,kha,0.0
2015,state_forest_management_centre,protected_forest,grey_alder,1,1.458250351,kha,0.408575638
2015,state_forest_management_centre,protected_forest,grey_alder,1A,0.183365442,kha,0.999812229
2015,state_forest_management_centre,protected_forest,grey_alder,2,0.908264044,kha,0.490806368
2015,state_forest_management_centre,protected_forest,grey_alder,3,0.183365442,kha,0.999643457
2015,state_forest_management_centre,protected_forest,grey_alder,4,,kha,0.0
2015,state_forest_management_centre,protected_forest,grey_alder,5,,kha,0.0
2015,state_forest_management_centre,protected_forest,grey_alder,5A-5B,,kha,0.0
2015,state_forest_management_centre,protected_forest,pine,1,15.992693774,kha,0.18179693
2015,state_forest_management_centre,protected_forest,pine,1A,3.83640845,kha,0.262769064
2015,state_forest_management_centre,protected_forest,pine,2,25.833917045,kha,0.138040481
2015,state_forest_management_centre,protected_forest,pine,3,23.229559336,kha,0.145359351
2015,state_forest_management_centre,protected_forest,pine,4,16.8900109,kha,0.168410991
2015,state_forest_management_centre,protected_forest,pine,5,12.388884386,kha,0.194116351
2015,state_forest_management_centre,protected_forest,pine,5A-5B,19.712756851,kha,0.180208804
2015,state_forest_management_centre,protected_forest,spruce,1,12.28057042,kha,0.176809702
2015,state_forest_management_centre,protected_forest,spruce,1A,8.71954019,kha,0.213787224
2015,state_forest_management_centre,protected_forest,spruce,2,7.210387593,kha,0.231628307
2015,state_forest_management_centre,protected_forest,spruce,3,3.189788556,kha,0.291632246
2015,state_forest_management_centre,protected_forest,spruce,4,0.91682721,kha,0.509798443
2015,state_forest_management_centre,protected_forest,spruce,5,0.183365442,kha,0.999643457
2015,state_forest_management_centre,protected_forest,spruce,5A-5B,,kha,0.0
2016,other,production_forest,aspen,1,44.339007885,kha,0.07755637
2016,other,production_forest,aspen,1A,21.538309442,kha,0.121014149
2016,other,production_forest,aspen,2,11.73078897,kha,0.163815961
2016,other,production_forest,aspen,3,2.082548771,kha,0.314683558
2016,other,production_forest,aspen,4,0.347091462,kha,0.999875661
2016,other,production_forest,aspen,5,,kha,0.0
2016,other,production_forest,aspen,5A-5B,,kha,0.0
2016,other,production_forest,birch,1,133.577073083,kha,0.050842242
2016,other,production_forest,birch,1A,40.401428797,kha,0.091164049
2016,other,production_forest,birch,2,125.606915974,kha,0.055019288
2016,other,production_forest,birch,3,55.430506447,kha,0.081894287
2016,other,production_forest,birch,4,10.145101627,kha,0.157382884
2016,other,production_forest,birch,5,2.429640232,kha,0.318400585
2016,other,production_forest,birch,5A-5B,0.694182924,kha,0.544551657
2016,other,production_forest,black_alder,1,18.53404194,kha,0.132823782
2016,other,production_forest,black_alder,1A,1.359487838,kha,0.412431693
2016,other,production_forest,black_alder,2,14.203537962,kha,0.137678201
2016,other,production_forest,black_alder,3,4.538654727,kha,0.224562364
2016,other,production_forest,black_alder,4,0.390703504,kha,0.710426159
2016,other,production_forest,black_alder,5,,kha,0.0
2016,other,production_forest,black_alder,5A-5B,,kha,0.0
2016,other,production_forest,grey_alder,1,100.211622081,kha,0.059270755
2016,other,production_forest,grey_alder,1A,19.993665664,kha,0.125492341
2016,other,production_forest,grey_alder,2,42.848128575,kha,0.083509161
2016,other,production_forest,grey_alder,3,5.306542523,kha,0.223333375
2016,other,production_forest,grey_alder,4,0.75815188,kha,0.665109058
2016,other,production_forest,grey_alder,5,,kha,0.0
2016,other,production_forest,grey_alder,5A-5B,,kha,0.0
2016,other,production_forest,other,1,11.276602438,kha,0.155394834
2016,other,production_forest,other,1A,3.922636801,kha,0.273048405
2016,other,production_forest,other,2,6.872341525,kha,0.18956447
2016,other,production_forest,other,3,2.776731694,kha,0.288337362
2016,other,production_forest,other,4,1.373076468,kha,0.437560431
2016,other,production_forest,other,5,0.520637193,kha,0.706620242
2016,other,production_forest,other,5A-5B,,kha,0.0
2016,other,production_forest,pine,1,67.06969798,kha,0.079342865
2016,other,production_forest,pine,1A,26.472110444,kha,0.112666288
2016,other,production_forest,pine,2,83.621101427,kha,0.069354341
2016,other,production_forest,pine,3,51.015329507,kha,0.08473596
2016,other,production_forest,pine,4,20.98268543,kha,0.138055453
2016,other,production_forest,pine,5,8.788147557,kha,0.18623676
2016,other,production_forest,pine,5A-5B,4.160030006,kha,0.285731613
2016,other,production_forest,spruce,1,67.064682509,kha,0.06394718
2016,other,production_forest,spruce,1A,51.325872238,kha,0.078144947
2016,other,production_forest,spruce,2,31.717252487,kha,0.104011725
2016,other,production_forest,spruce,3,10.059769191,kha,0.157266037
2016,other,production_forest,spruce,4,1.388365847,kha,0.43254091
2016,other,production_forest,spruce,5,0.283018378,kha,0.870101787
2016,other,production_forest,spruce,5A-5B,0.520637193,kha,0.686442284
2016,other,protected_forest,aspen,1,1.605020338,kha,0.405279634
2016,other,protected_forest,aspen,1A,0.520637193,kha,0.645015794
2016,other,protected_forest,aspen,2,0.347091462,kha,0.790109006
2016,other,protected_forest,aspen,3,,kha,0.0
2016,other,protected_forest,aspen,4,,kha,0.0
2016,other,protected_forest,aspen,5,,kha,0.0
2016,other,protected_forest,aspen,5A-5B,,kha,0.0
2016,other,protected_forest,birch,1,2.6947834,kha,0.33949402
2016,other,protected_forest,birch,1A,0.173545731,kha,1.224056386
2016,other,protected_forest,birch,2,4.338643272,kha,0.256364178
2016,other,protected_forest,birch,3,2.256094502,kha,0.360256172
2016,other,protected_forest,birch,4,1.119387319,kha,0.42949265
2016,other,protected_forest,birch,5,,kha,0.0
2016,other,protected_forest,birch,5A-5B,,kha,0.0
2016,other,protected_forest,black_alder,1,0.347091462,kha,1.000594137
2016,other,protected_forest,black_alder,1A,,kha,0.0
2016,other,protected_forest,black_alder,2,1.214820116,kha,0.428187993
2016,other,protected_forest,black_alder,3,0.520637193,kha,0.622951019
2016,other,protected_forest,black_alder,4,,kha,0.0
2016,other,protected_forest,black_alder,5,,kha,0.0
2016,other,protected_forest,black_alder,5A-5B,,kha,0.0
2016,other,protected_forest,grey_alder,1,0.946639898,kha,0.476046575
2016,other,protected_forest,grey_alder,1A,0.347091462,kha,0.749408127
2016,other,protected_forest,grey_alder,2,0.617041846,kha,0.54854866
2016,other,protected_forest,grey_alder,3,0.365747628,kha,0.751466549
2016,other,protected_forest,grey_alder,4,,kha,0.0
2016,other,protected_forest,grey_alder,5,,kha,0.0
2016,other,protected_forest,grey_alder,5A-5B,,kha,0.0
2016,other,protected_forest,pine,1,1.239133873,kha,0.415350642
2016,other,protected_forest,pine,1A,0.694182924,kha,0.544986804
2016,other,protected_forest,pine,2,2.776731694,kha,0.313431688
2016,other,protected_forest,pine,3,2.392761765,kha,0.534398734
2016,other,protected_forest,pine,4,1.561911578,kha,0.376017959
2016,other,protected_forest,pine,5,1.90900304,kha,0.475627944
2016,other,protected_forest,pine,5A-5B,2.256094502,kha,0.507913375
2016,other,protected_forest,spruce,1,2.325651631,kha,0.311315145
2016,other,protected_forest,spruce,1A,0.998373881,kha,0.445267877
2016,other,protected_forest,spruce,2,1.041274385,kha,0.424700021
2016,other,protected_forest,spruce,3,0.347091462,kha,0.79051315
2016,other,protected_forest,spruce,4,,kha,0.0
2016,other,protected_forest,spruce,5,,kha,0.0
2016,other,protected_forest,spruce,5A-5B,,kha,0.0
2016,state_forest_management_centre,production_forest,aspen,1,14.669785923,kha,0.140893319
2016,state_forest_management_centre,production_forest,aspen,1A,12.15988079,kha,0.152814
2016,state_forest_management_centre,production_forest,aspen,2,2.549490914,kha,0.368457934
2016,state_forest_management_centre,production_forest,aspen,3,0.520637193,kha,0.623794296
2016,state_forest_management_centre,production_forest,aspen,4,0.173545731,kha,0.999955517
2016,state_forest_management_centre,production_forest,aspen,5,,kha,0.0
2016,state_forest_management_centre,production_forest,aspen,5A-5B,,kha,0.0
2016,state_forest_management_centre,production_forest,birch,1,82.234800774,kha,0.076806135
2016,state_forest_management_centre,production_forest,birch,1A,20.409030017,kha,0.122504717
2016,state_forest_management_centre,production_forest,birch,2,59.976727768,kha,0.083363113
2016,state_forest_management_centre,production_forest,birch,3,22.292556543,kha,0.114273044
2016,state_forest_management_centre,production_forest,birch,4,8.299841934,kha,0.206914724
2016,state_forest_management_centre,production_forest,birch,5,1.735457309,kha,0.432393662
2016,state_forest_management_centre,production_forest,birch,5A-5B,0.347091462,kha,0.790816118
2016,state_forest_management_centre,production_forest,black_alder,1,10.036722318,kha,0.156768623
2016,state_forest_management_centre,production_forest,black_alder,1A,1.132871822,kha,0.550182778
2016,state_forest_management_centre,production_forest,black_alder,2,6.857156274,kha,0.20814417
2016,state_forest_management_centre,production_forest,black_alder,3,1.233094482,kha,0.445349822
2016,state_forest_management_centre,production_forest,black_alder,4,0.330483135,kha,0.783050099
2016,state_forest_management_centre,production_forest,black_alder,5,,kha,0.0
2016,state_forest_management_centre,production_forest,black_alder,5A-5B,,kha,0.0
2016,state_forest_management_centre,production_forest,grey_alder,1,12.299324785,kha,0.153924443
2016,state_forest_management_centre,production_forest,grey_alder,1A,1.561911578,kha,0.396275833
2016,state_forest_management_centre,production_forest,grey_alder,2,6.850440054,kha,0.199169677
2016,state_forest_management_centre,production_forest,grey_alder,3,0.694182924,kha,0.558790074
2016,state_forest_management_centre,production_forest,grey_alder,4,,kha,0.0
2016,state_forest_management_centre,production_forest,grey_alder,5,,kha,0.0
2016,state_forest_management_centre,production_forest,grey_alder,5A-5B,,kha,0.0
2016,state_forest_management_centre,production_forest,other,1,0.347091462,kha,0.706712049
2016,state_forest_management_centre,production_forest,other,1A,1.388365847,kha,0.423334106
2016,state_forest_management_centre,production_forest,other,2,1.248019415,kha,0.401060247
2016,state_forest_management_centre,production_forest,other,3,0.173545731,kha,1.224838942
2016,state_forest_management_centre,production_forest,other,4,0.173545731,kha,1.224838942
2016,state_forest_management_centre,production_forest,other,5,,kha,0.0
2016,state_forest_management_centre,production_forest,other,5A-5B,,kha,0.0
2016,state_forest_management_centre,production_forest,pine,1,85.993731887,kha,0.076741113
2016,state_forest_management_centre,production_forest,pine,1A,23.39880645,kha,0.13130213
2016,state_forest_management_centre,production_forest,pine,2,81.924605135,kha,0.078357949
2016,state_forest_management_centre,production_forest,pine,3,49.361351919,kha,0.098075053
2016,state_forest_management_centre,production_forest,pine,4,26.272654335,kha,0.114155139
2016,state_forest_management_centre,production_forest,pine,5,15.16118066,kha,0.150234518
2016,state_forest_management_centre,production_forest,pine,5A-5B,12.148201162,kha,0.206053356
2016,state_forest_management_centre,production_forest,spruce,1,66.897714161,kha,0.077664405
2016,state_forest_management_centre,production_forest,spruce,1A,66.807938954,kha,0.083579526
2016,state_forest_management_centre,production_forest,spruce,2,22.143272505,kha,0.118044588
2016,state_forest_management_centre,production_forest,spruce,3,5.970285525,kha,0.204863751
2016,state_forest_management_centre,production_forest,spruce,4,1.514707139,kha,0.409587653
2016,state_forest_management_centre,production_forest,spruce,5,0.024539366,kha,1.000594137
2016,state_forest_management_centre,production_forest,spruce,5A-5B,,kha,0.0
2016,state_forest_management_centre,protected_forest,aspen,1,4.929271458,kha,0.245083823
2016,state_forest_management_centre,protected_forest,aspen,1A,4.947979688,kha,0.252152793
2016,state_forest_management_centre,protected_forest,aspen,2,1.388365847,kha,0.499913525
2016,state_forest_management_centre,protected_forest,aspen,3,0.173545731,kha,1.322721301
2016,state_forest_management_centre,protected_forest,aspen,4,,kha,0.0
2016,state_forest_management_centre,protected_forest,aspen,5,,kha,0.0
2016,state_forest_management_centre,protected_forest,aspen,5A-5B,,kha,0.0
2016,state_forest_management_centre,protected_forest,birch,1,18.391942696,kha,0.152425154
2016,state_forest_management_centre,protected_forest,birch,1A,8.415649001,kha,0.257117117
2016,state_forest_management_centre,protected_forest,birch,2,22.301337957,kha,0.16463426
2016,state_forest_management_centre,protected_forest,birch,3,8.881341615,kha,0.208911094
2016,state_forest_management_centre,protected_forest,birch,4,7.462466428,kha,0.257012597
2016,state_forest_management_centre,protected_forest,birch,5,1.388365847,kha,0.441482315
2016,state_forest_management_centre,protected_forest,birch,5A-5B,1.388365847,kha,0.471603735
2016,state_forest_management_centre,protected_forest,black_alder,1,4.890761661,kha,0.252339029
2016,state_forest_management_centre,protected_forest,black_alder,1A,0.347091462,kha,1.224838942
2016,state_forest_management_centre,protected_forest,black_alder,2,7.343969403,kha,0.275947662
2016,state_forest_management_centre,protected_forest,black_alder,3,1.355912795,kha,0.466054465
2016,state_forest_management_centre,protected_forest,black_alder,4,0.520637193,kha,0.999636054
2016,state_forest_management_centre,protected_forest,black_alder,5,,kha,0.0
2016,state_forest_management_centre,protected_forest,black_alder,5A-5B,,kha,0.0
2016,state_forest_management_centre,protected_forest,grey_alder,1,2.20637365,kha,0.40727233
2016,state_forest_management_centre,protected_forest,grey_alder,1A,0.347091462,kha,0.790412132
2016,state_forest_management_centre,protected_forest,grey_alder,2,0.686078338,kha,0.573423615
2016,state_forest_management_centre,protected_forest,grey_alder,3,0.173545731,kha,0.999955517
2016,state_forest_management_centre,protected_forest,grey_alder,4,,kha,0.0
2016,state_forest_management_centre,protected_forest,grey_alder,5,,kha,0.0
2016,state_forest_management_centre,protected_forest,grey_alder,5A-5B,,kha,0.0
2016,state_forest_management_centre,protected_forest,pine,1,18.14073525,kha,0.159381576
2016,state_forest_management_centre,protected_forest,pine,1A,3.857678634,kha,0.243860846
2016,state_forest_management_centre,protected_forest,pine,2,28.154271859,kha,0.138415641
2016,state_forest_management_centre,protected_forest,pine,3,25.152260451,kha,0.136536587
2016,state_forest_management_centre,protected_forest,pine,4,19.456420145,kha,0.173271879
2016,state_forest_management_centre,protected_forest,pine,5,14.502158102,kha,0.17429714
2016,state_forest_management_centre,protected_forest,pine,5A-5B,19.670644995,kha,0.167740655
2016,state_forest_management_centre,protected_forest,spruce,1,15.400864669,kha,0.156793549
2016,state_forest_management_centre,protected_forest,spruce,1A,12.78976502,kha,0.176312357
2016,state_forest_management_centre,protected_forest,spruce,2,8.665572208,kha,0.197664944
2016,state_forest_management_centre,protected_forest,spruce,3,3.398546048,kha,0.269407791
2016,state_forest_management_centre,protected_forest,spruce,4,0.867728654,kha,0.519406657
2016,state_forest_management_centre,protected_forest,spruce,5,0.173545731,kha,0.999636054
2016,state_forest_management_centre,protected_forest,spruce,5A-5B,,kha,0.0
2017,other,production_forest,aspen,1,45.992321583,kha,0.071540439
2017,other,production_forest,aspen,1A,21.51169958,kha,0.113066967
2017,other,production_forest,aspen,2,11.443902382,kha,0.149617838
2017,other,production_forest,aspen,3,2.291517203,kha,0.281104305
2017,other,production_forest,aspen,4,0.3273596,kha,0.999845262
2017,other,production_forest,aspen,5,,kha,0.0
2017,other,production_forest,aspen,5A-5B,,kha,0.0
2017,other,production_forest,birch,1,139.782827616,kha,0.046511773
2017,other,production_forest,birch,1A,40.082891549,kha,0.084390901
2017,other,production_forest,birch,2,120.815055859,kha,0.052114279
2017,other,production_forest,birch,3,49.918705366,kha,0.076087059
2017,other,production_forest,birch,4,10.550439825,kha,0.143966512
2017,other,production_forest,birch,5,2.455197003,kha,0.290417539
2017,other,production_forest,birch,5A-5B,0.491039401,kha,0.66668875
2017,other,production_forest,black_alder,1,18.989721218,kha,0.120403514
2017,other,production_forest,black_alder,1A,1.464639588,kha,0.396590649
2017,other,production_forest,black_alder,2,15.194444955,kha,0.120222945
2017,other,production_forest,black_alder,3,5.244480846,kha,0.215992921
2017,other,production_forest,black_alder,4,0.532172134,kha,0.53798365
2017,other,production_forest,black_alder,5,,kha,0.0
2017,other,production_forest,black_alder,5A-5B,,kha,0.0
2017,other,production_forest,grey_alder,1,98.476806024,kha,0.054938405
2017,other,production_forest,grey_alder,1A,18.727669858,kha,0.120700276
2017,other,production_forest,grey_alder,2,40.355041953,kha,0.078564067
2017,other,production_forest,grey_alder,3,5.660505794,kha,0.192483594
2017,other,production_forest,grey_alder,4,1.042411175,kha,0.447823661
2017,other,production_forest,grey_alder,5,,kha,0.0
2017,other,production_forest,grey_alder,5A-5B,,kha,0.0
2017,other,production_forest,other,1,12.254477488,kha,0.134160094
2017,other,production_forest,other,1A,3.75478188,kha,0.2553573
2017,other,production_forest,other,2,7.02841062,kha,0.175393637
2017,other,production_forest,other,3,3.437275804,kha,0.252779422
2017,other,production_forest,other,4,1.131338411,kha,0.377933496
2017,other,production_forest,other,5,0.654719201,kha,0.544496205
2017,other,production_forest,other,5A-5B,,kha,0.0
2017,other,production_forest,pine,1,65.838857451,kha,0.07502217
2017,other,production_forest,pine,1A,25.650212384,kha,0.10255212
2017,other,production_forest,pine,2,78.020513796,kha,0.067005089
2017,other,production_forest,pine,3,51.969122223,kha,0.080437231
2017,other,production_forest,pine,4,21.748642458,kha,0.125938905
2017,other,production_forest,pine,5,10.053082384,kha,0.165371978
2017,other,production_forest,pine,5A-5B,3.432496354,kha,0.267844556
2017,other,production_forest,spruce,1,64.319090506,kha,0.061639862
2017,other,production_forest,spruce,1A,53.462078416,kha,0.071769704
2017,other,production_forest,spruce,2,30.552504239,kha,0.090951884
2017,other,production_forest,spruce,3,10.045193017,kha,0.148160569
2017,other,production_forest,spruce,4,2.291517203,kha,0.306748172
2017,other,production_forest,spruce,5,0.594288619,kha,0.628955818
2017,other,production_forest,spruce,5A-5B,0.654719201,kha,0.530127932
2017,other,protected_forest,aspen,1,2.05914099,kha,0.371940435
2017,other,protected_forest,aspen,1A,0.654719201,kha,0.500067096
2017,other,protected_forest,aspen,2,0.3273596,kha,0.706941199
2017,other,protected_forest,aspen,3,,kha,0.0
2017,other,protected_forest,aspen,4,,kha,0.0
2017,other,protected_forest,aspen,5,,kha,0.0
2017,other,protected_forest,aspen,5A-5B,,kha,0.0
2017,other,protected_forest,birch,1,2.303334884,kha,0.347328668
2017,other,protected_forest,birch,1A,0.1636798,kha,0.999769934
2017,other,protected_forest,birch,2,4.283729523,kha,0.249951924
2017,other,protected_forest,birch,3,1.800477802,kha,0.363516797
2017,other,protected_forest,birch,4,1.055751079,kha,0.42289336
2017,other,protected_forest,birch,5,,kha,0.0
2017,other,protected_forest,birch,5A-5B,,kha,0.0
2017,other,protected_forest,black_alder,1,0.1636798,kha,1.000071204
2017,other,protected_forest,black_alder,1A,,kha,0.0
2017,other,protected_forest,black_alder,2,1.309438402,kha,0.379753057
2017,other,protected_forest,black_alder,3,0.491039401,kha,0.576728661
2017,other,protected_forest,black_alder,4,,kha,0.0
2017,other,protected_forest,black_alder,5,,kha,0.0
2017,other,protected_forest,black_alder,5A-5B,,kha,0.0
2017,other,protected_forest,grey_alder,1,0.862477971,kha,0.418783957
2017,other,protected_forest,grey_alder,1A,,kha,0.0
2017,other,protected_forest,grey_alder,2,0.74564333,kha,0.455457183
2017,other,protected_forest,grey_alder,3,0.344955179,kha,0.672763811
2017,other,protected_forest,grey_alder,4,,kha,0.0
2017,other,protected_forest,grey_alder,5,,kha,0.0
2017,other,protected_forest,grey_alder,5A-5B,,kha,0.0
2017,other,protected_forest,pine,1,1.168690141,kha,0.420406919
2017,other,protected_forest,pine,1A,0.818399001,kha,0.489958746
2017,other,protected_forest,pine,2,2.618876803,kha,0.337835917
2017,other,protected_forest,pine,3,3.203328266,kha,0.39122743
2017,other,protected_forest,pine,4,1.309438402,kha,0.414244489
2017,other,protected_forest,pine,5,0.654719201,kha,0.707260718
2017,other,protected_forest,pine,5A-5B,1.964157602,kha,0.463944462
2017,other,protected_forest,spruce,1,2.029760466,kha,0.306260987
2017,other,protected_forest,spruce,1A,1.432656555,kha,0.357823558
2017,other,protected_forest,spruce,2,1.145758601,kha,0.377579817
2017,other,protected_forest,spruce,3,0.299304883,kha,0.760901831
2017,other,protected_forest,spruce,4,0.1636798,kha,0.999732272
2017,other,protected_forest,spruce,5,,kha,0.0
2017,other,protected_forest,spruce,5A-5B,,kha,0.0
2017,state_forest_management_centre,production_forest,aspen,1,16.186115393,kha,0.125113198
2017,state_forest_management_centre,production_forest,aspen,1A,11.714121364,kha,0.148742478
2017,state_forest_management_centre,production_forest,aspen,2,3.059273673,kha,0.350683299
2017,state_forest_management_centre,production_forest,aspen,3,0.818399001,kha,0.583094608
2017,state_forest_management_centre,production_forest,aspen,4,,kha,0.0
2017,state_forest_management_centre,production_forest,aspen,5,,kha,0.0
2017,state_forest_management_centre,production_forest,aspen,5A-5B,,kha,0.0
2017,state_forest_management_centre,production_forest,birch,1,84.087109175,kha,0.066403375
2017,state_forest_management_centre,production_forest,birch,1A,17.982321152,kha,0.118652858
2017,state_forest_management_centre,production_forest,birch,2,61.956405327,kha,0.077859604
2017,state_forest_management_centre,production_forest,birch,3,24.121573994,kha,0.108289969
2017,state_forest_management_centre,production_forest,birch,4,8.319042213,kha,0.182107158
2017,state_forest_management_centre,production_forest,birch,5,1.718637902,kha,0.391108055
2017,state_forest_management_centre,production_forest,birch,5A-5B,0.3273596,kha,0.75019533
2017,state_forest_management_centre,production_forest,black_alder,1,10.683838862,kha,0.141197252
2017,state_forest_management_centre,production_forest,black_alder,1A,1.2321488,kha,0.471117396
2017,state_forest_management_centre,production_forest,black_alder,2,7.311560306,kha,0.178653446
2017,state_forest_management_centre,production_forest,black_alder,3,1.735415081,kha,0.308995534
2017,state_forest_management_centre,production_forest,black_alder,4,0.475375244,kha,0.618015076
2017,state_forest_management_centre,production_forest,black_alder,5,,kha,0.0
2017,state_forest_management_centre,production_forest,black_alder,5A-5B,,kha,0.0
2017,state_forest_management_centre,production_forest,grey_alder,1,13.627227237,kha,0.15009772
2017,state_forest_management_centre,production_forest,grey_alder,1A,1.800477802,kha,0.33690491
2017,state_forest_management_centre,production_forest,grey_alder,2,7.193923634,kha,0.178380286
2017,state_forest_management_centre,production_forest,grey_alder,3,0.818399001,kha,0.469181325
2017,state_forest_management_centre,production_forest,grey_alder,4,,kha,0.0
2017,state_forest_management_centre,production_forest,grey_alder,5,,kha,0.0
2017,state_forest_management_centre,production_forest,grey_alder,5A-5B,,kha,0.0
2017,state_forest_management_centre,production_forest,other,1,0.3273596,kha,0.749787392
2017,state_forest_management_centre,production_forest,other,1A,0.982078801,kha,0.471449063
2017,state_forest_management_centre,production_forest,other,2,0.903201505,kha,0.441870608
2017,state_forest_management_centre,production_forest,other,3,0.3273596,kha,0.707047721
2017,state_forest_management_centre,production_forest,other,4,0.1636798,kha,1.000071203
2017,state_forest_management_centre,production_forest,other,5,,kha,0.0
2017,state_forest_management_centre,production_forest,other,5A-5B,,kha,0.0
2017,state_forest_management_centre,production_forest,pine,1,79.785047514,kha,0.073255977
2017,state_forest_management_centre,production_forest,pine,1A,22.675381119,kha,0.12351943
2017,state_forest_management_centre,production_forest,pine,2,77.141258646,kha,0.074224578
2017,state_forest_management_centre,production_forest,pine,3,46.589654646,kha,0.092343205
2017,state_forest_management_centre,production_forest,pine,4,24.892898684,kha,0.11143916
2017,state_forest_management_centre,production_forest,pine,5,15.281358929,kha,0.140841198
2017,state_forest_management_centre,production_forest,pine,5A-5B,11.784945614,kha,0.188401543
2017,state_forest_management_centre,production_forest,spruce,1,65.935559477,kha,0.070868411
2017,state_forest_management_centre,production_forest,spruce,1A,67.789527838,kha,0.077773018
2017,state_forest_management_centre,production_forest,spruce,2,20.65277346,kha,0.101299992
2017,state_forest_management_centre,production_forest,spruce,3,6.806117083,kha,0.182315095
2017,state_forest_management_centre,production_forest,spruce,4,1.625651407,kha,0.378062231
2017,state_forest_management_centre,production_forest,spruce,5,0.023144324,kha,1.225048936
2017,state_forest_management_centre,production_forest,spruce,5A-5B,,kha,0.0
2017,state_forest_management_centre,protected_forest,aspen,1,5.546551917,kha,0.212427191
2017,state_forest_management_centre,protected_forest,aspen,1A,5.321410352,kha,0.225312845
2017,state_forest_management_centre,protected_forest,aspen,2,1.636798002,kha,0.415033347
2017,state_forest_management_centre,protected_forest,aspen,3,0.1636798,kha,1.117693466
2017,state_forest_management_centre,protected_forest,aspen,4,,kha,0.0
2017,state_forest_management_centre,protected_forest,aspen,5,,kha,0.0
2017,state_forest_management_centre,protected_forest,aspen,5A-5B,,kha,0.0
2017,state_forest_management_centre,protected_forest,birch,1,20.902139636,kha,0.142733776
2017,state_forest_management_centre,protected_forest,birch,1A,9.310892698,kha,0.231061098
2017,state_forest_management_centre,protected_forest,birch,2,22.429517691,kha,0.148729138
2017,state_forest_management_centre,protected_forest,birch,3,11.322681122,kha,0.173575992
2017,state_forest_management_centre,protected_forest,birch,4,8.83870921,kha,0.208824418
2017,state_forest_management_centre,protected_forest,birch,5,2.618876803,kha,0.321659842
2017,state_forest_management_centre,protected_forest,birch,5A-5B,1.309438402,kha,0.43283198
2017,state_forest_management_centre,protected_forest,black_alder,1,4.436148153,kha,0.237069246
2017,state_forest_management_centre,protected_forest,black_alder,1A,0.491039401,kha,0.881994282
2017,state_forest_management_centre,protected_forest,black_alder,2,6.59911124,kha,0.284155969
2017,state_forest_management_centre,protected_forest,black_alder,3,1.278830279,kha,0.448666923
2017,state_forest_management_centre,protected_forest,black_alder,4,0.654719201,kha,0.874823152
2017,state_forest_management_centre,protected_forest,black_alder,5,,kha,0.0
2017,state_forest_management_centre,protected_forest,black_alder,5A-5B,,kha,0.0
2017,state_forest_management_centre,protected_forest,grey_alder,1,2.73566234,kha,0.278958092
2017,state_forest_management_centre,protected_forest,grey_alder,1A,0.491039401,kha,0.666246169
2017,state_forest_management_centre,protected_forest,grey_alder,2,0.974434954,kha,0.399758097
2017,state_forest_management_centre,protected_forest,grey_alder,3,0.1636798,kha,0.999920581
2017,state_forest_management_centre,protected_forest,grey_alder,4,,kha,0.0
2017,state_forest_management_centre,protected_forest,grey_alder,5,,kha,0.0
2017,state_forest_management_centre,protected_forest,grey_alder,5A-5B,,kha,0.0
2017,state_forest_management_centre,protected_forest,pine,1,20.970950624,kha,0.140556485
2017,state_forest_management_centre,protected_forest,pine,1A,4.141688192,kha,0.234345427
2017,state_forest_management_centre,protected_forest,pine,2,31.379119966,kha,0.128361819
2017,state_forest_management_centre,protected_forest,pine,3,28.972830487,kha,0.114964995
2017,state_forest_management_centre,protected_forest,pine,4,23.376863639,kha,0.149399186
2017,state_forest_management_centre,protected_forest,pine,5,16.27834896,kha,0.148629494
2017,state_forest_management_centre,protected_forest,pine,5A-5B,21.40498035,kha,0.163102711
2017,state_forest_management_centre,protected_forest,spruce,1,17.7236907,kha,0.133588002
2017,state_forest_management_centre,protected_forest,spruce,1A,14.34196782,kha,0.157674634
2017,state_forest_management_centre,protected_forest,spruce,2,10.685868491,kha,0.181674995
2017,state_forest_management_centre,protected_forest,spruce,3,4.187420328,kha,0.268296464
2017,state_forest_management_centre,protected_forest,spruce,4,0.818399001,kha,0.490043274
2017,state_forest_management_centre,protected_forest,spruce,5,0.1636798,kha,1.117828219
2017,state_forest_management_centre,protected_forest,spruce,5A-5B,,kha,0.0
2018,other,production_forest,aspen,1,47.653113618,kha,0.065735367
2018,other,production_forest,aspen,1A,21.272402606,kha,0.096090969
2018,other,production_forest,aspen,2,11.196220068,kha,0.133666515
2018,other,production_forest,aspen,3,1.874539799,kha,0.29441073
2018,other,production_forest,aspen,4,,kha,0.0
2018,other,production_forest,aspen,5,,kha,0.0
2018,other,production_forest,aspen,5A-5B,,kha,0.0
2018,other,production_forest,birch,1,139.681255003,kha,0.041324462
2018,other,production_forest,birch,1A,41.293940426,kha,0.074313835
2018,other,production_forest,birch,2,116.487058573,kha,0.045431477
2018,other,production_forest,birch,3,50.735075744,kha,0.066652417
2018,other,production_forest,birch,4,11.315425178,kha,0.126375247
2018,other,production_forest,birch,5,2.276300541,kha,0.259832297
2018,other,production_forest,birch,5A-5B,0.46863495,kha,0.577275828
2018,other,production_forest,black_alder,1,18.421555617,kha,0.110290822
2018,other,production_forest,black_alder,1A,1.423806704,kha,0.347111371
2018,other,production_forest,black_alder,2,17.454168111,kha,0.108229769
2018,other,production_forest,black_alder,3,5.942462995,kha,0.191032704
2018,other,production_forest,black_alder,4,0.507890937,kha,0.53797443
2018,other,production_forest,black_alder,5,,kha,0.0
2018,other,production_forest,black_alder,5A-5B,,kha,0.0
2018,other,production_forest,grey_alder,1,100.373904992,kha,0.049821875
2018,other,production_forest,grey_alder,1A,17.245969224,kha,0.102891435
2018,other,production_forest,grey_alder,2,40.868294922,kha,0.071145275
2018,other,production_forest,grey_alder,3,6.790379831,kha,0.164757003
2018,other,production_forest,grey_alder,4,0.838637864,kha,0.497586877
2018,other,production_forest,grey_alder,5,,kha,0.0
2018,other,production_forest,grey_alder,5A-5B,,kha,0.0
2018,other,production_forest,other,1,11.000643082,kha,0.122844893
2018,other,production_forest,other,1A,4.293852105,kha,0.199999201
2018,other,production_forest,other,2,7.336042745,kha,0.150356825
2018,other,production_forest,other,3,3.473975261,kha,0.225142626
2018,other,production_forest,other,4,1.079719303,kha,0.377737343
2018,other,production_forest,other,5,0.78105825,kha,0.489733172
2018,other,production_forest,other,5A-5B,,kha,0.0
2018,other,production_forest,pine,1,65.656412542,kha,0.069627967
2018,other,production_forest,pine,1A,25.093589501,kha,0.089567468
2018,other,production_forest,pine,2,74.203064332,kha,0.061275824
2018,other,production_forest,pine,3,50.841799543,kha,0.070752603
2018,other,production_forest,pine,4,21.880737634,kha,0.109802903
2018,other,production_forest,pine,5,9.281971268,kha,0.150501171
2018,other,production_forest,pine,5A-5B,4.147075639,kha,0.2422779
2018,other,production_forest,spruce,1,65.774711625,kha,0.055432037
2018,other,production_forest,spruce,1A,56.228445867,kha,0.059223469
2018,other,production_forest,spruce,2,28.83087512,kha,0.082580133
2018,other,production_forest,spruce,3,10.33607186,kha,0.132637065
2018,other,production_forest,spruce,4,2.588723841,kha,0.27842761
2018,other,production_forest,spruce,5,0.567173258,kha,0.613187266
2018,other,production_forest,spruce,5A-5B,0.6248466,kha,0.500184438
2018,other,protected_forest,aspen,1,1.145328196,kha,0.454498674
2018,other,protected_forest,aspen,1A,0.438095572,kha,0.580167899
2018,other,protected_forest,aspen,2,0.15621165,kha,0.999750354
2018,other,protected_forest,aspen,3,0.15621165,kha,1.00001093
2018,other,protected_forest,aspen,4,,kha,0.0
2018,other,protected_forest,aspen,5,,kha,0.0
2018,other,protected_forest,aspen,5A-5B,,kha,0.0
2018,other,protected_forest,birch,1,1.959581421,kha,0.326656698
2018,other,protected_forest,birch,1A,,kha,0.0
2018,other,protected_forest,birch,2,2.526161075,kha,0.275148083
2018,other,protected_forest,birch,3,1.405904849,kha,0.342213607
2018,other,protected_forest,birch,4,0.695157463,kha,0.460496961
2018,other,protected_forest,birch,5,0.15621165,kha,1.000010928
2018,other,protected_forest,birch,5A-5B,,kha,0.0
2018,other,protected_forest,black_alder,1,0.15621165,kha,1.00001093
2018,other,protected_forest,black_alder,1A,,kha,0.0
2018,other,protected_forest,black_alder,2,0.46863495,kha,0.576845084
2018,other,protected_forest,black_alder,3,0.6248466,kha,0.499221652
2018,other,protected_forest,black_alder,4,,kha,0.0
2018,other,protected_forest,black_alder,5,,kha,0.0
2018,other,protected_forest,black_alder,5A-5B,,kha,0.0
2018,other,protected_forest,grey_alder,1,0.75209661,kha,0.448495744
2018,other,protected_forest,grey_alder,1A,,kha,0.0
2018,other,protected_forest,grey_alder,2,0.436783394,kha,0.580287244
2018,other,protected_forest,grey_alder,3,0.244689928,kha,0.733313396
2018,other,protected_forest,grey_alder,4,,kha,0.0
2018,other,protected_forest,grey_alder,5,,kha,0.0
2018,other,protected_forest,grey_alder,5A-5B,,kha,0.0
2018,other,protected_forest,pine,1,0.78105825,kha,0.447229999
2018,other,protected_forest,pine,1A,0.6248466,kha,0.500080254
2018,other,protected_forest,pine,2,3.2261611,kha,0.262640322
2018,other,protected_forest,pine,3,2.900959687,kha,0.295313094
2018,other,protected_forest,pine,4,1.874539799,kha,0.424894679
2018,other,protected_forest,pine,5,0.46863495,kha,0.745370656
2018,other,protected_forest,pine,5A-5B,2.343174749,kha,0.426851443
2018,other,protected_forest,spruce,1,1.354058203,kha,0.381506889
2018,other,protected_forest,spruce,1A,1.421572878,kha,0.333107875
2018,other,protected_forest,spruce,2,1.093481549,kha,0.377786208
2018,other,protected_forest,spruce,3,0.317500178,kha,0.646802824
2018,other,protected_forest,spruce,4,,kha,0.0
2018,other,protected_forest,spruce,5,,kha,0.0
2018,other,protected_forest,spruce,5A-5B,,kha,0.0
2018,state_forest_management_centre,production_forest,aspen,1,15.192817025,kha,0.117973239
2018,state_forest_management_centre,production_forest,aspen,1A,12.058336543,kha,0.124546609
2018,state_forest_management_centre,production_forest,aspen,2,3.227098369,kha,0.286121845
2018,state_forest_management_centre,production_forest,aspen,3,0.78105825,kha,0.565854013
2018,state_forest_management_centre,production_forest,aspen,4,,kha,0.0
2018,state_forest_management_centre,production_forest,aspen,5,,kha,0.0
2018,state_forest_management_centre,production_forest,aspen,5A-5B,,kha,0.0
2018,state_forest_management_centre,production_forest,birch,1,85.919844102,kha,0.058306594
2018,state_forest_management_centre,production_forest,birch,1A,21.159539689,kha,0.099573071
2018,state_forest_management_centre,production_forest,birch,2,61.700196297,kha,0.06856072
2018,state_forest_management_centre,production_forest,birch,3,26.476781177,kha,0.094733991
2018,state_forest_management_centre,production_forest,birch,4,9.651739864,kha,0.168328657
2018,state_forest_management_centre,production_forest,birch,5,1.484010674,kha,0.353038605
2018,state_forest_management_centre,production_forest,birch,5A-5B,0.15621165,kha,1.00001093
2018,state_forest_management_centre,production_forest,black_alder,1,11.403794108,kha,0.129798808
2018,state_forest_management_centre,production_forest,black_alder,1A,0.949969907,kha,0.465245894
2018,state_forest_management_centre,production_forest,black_alder,2,7.526417883,kha,0.170449627
2018,state_forest_management_centre,production_forest,black_alder,3,2.201240843,kha,0.250799541
2018,state_forest_management_centre,production_forest,black_alder,4,0.453685495,kha,0.577770888
2018,state_forest_management_centre,production_forest,black_alder,5,,kha,0.0
2018,state_forest_management_centre,production_forest,black_alder,5A-5B,,kha,0.0
2018,state_forest_management_centre,production_forest,grey_alder,1,14.887438871,kha,0.12430932
2018,state_forest_management_centre,production_forest,grey_alder,1A,1.456954816,kha,0.314583629
2018,state_forest_management_centre,production_forest,grey_alder,2,6.663535971,kha,0.174292438
2018,state_forest_management_centre,production_forest,grey_alder,3,0.6248466,kha,0.500008383
2018,state_forest_management_centre,production_forest,grey_alder,4,,kha,0.0
2018,state_forest_management_centre,production_forest,grey_alder,5,,kha,0.0
2018,state_forest_management_centre,production_forest,grey_alder,5A-5B,,kha,0.0
2018,state_forest_management_centre,production_forest,other,1,0.56692332,kha,0.507629491
2018,state_forest_management_centre,production_forest,other,1A,1.030028377,kha,0.382250551
2018,state_forest_management_centre,production_forest,other,2,1.129644546,kha,0.356712313
2018,state_forest_management_centre,production_forest,other,3,0.46863495,kha,0.577597376
2018,state_forest_management_centre,production_forest,other,4,,kha,0.0
2018,state_forest_management_centre,production_forest,other,5,,kha,0.0
2018,state_forest_management_centre,production_forest,other,5A-5B,,kha,0.0
2018,state_forest_management_centre,production_forest,pine,1,80.895374489,kha,0.061621139
2018,state_forest_management_centre,production_forest,pine,1A,23.842990275,kha,0.102426902
2018,state_forest_management_centre,production_forest,pine,2,79.91359989,kha,0.062886995
2018,state_forest_management_centre,production_forest,pine,3,50.128552771,kha,0.079031744
2018,state_forest_management_centre,production_forest,pine,4,26.894444265,kha,0.099706041
2018,state_forest_management_centre,production_forest,pine,5,17.70060761,kha,0.11862244
2018,state_forest_management_centre,production_forest,pine,5A-5B,13.244326631,kha,0.161465185
2018,state_forest_management_centre,production_forest,spruce,1,67.614759891,kha,0.062368998
2018,state_forest_management_centre,production_forest,spruce,1A,70.87442839,kha,0.067089712
2018,state_forest_management_centre,production_forest,spruce,2,21.528652197,kha,0.095533552
2018,state_forest_management_centre,production_forest,spruce,3,7.54019575,kha,0.160289013
2018,state_forest_management_centre,production_forest,spruce,4,1.707690136,kha,0.324088002
2018,state_forest_management_centre,production_forest,spruce,5,0.022088327,kha,1.00001093
2018,state_forest_management_centre,production_forest,spruce,5A-5B,,kha,0.0
2018,state_forest_management_centre,protected_forest,aspen,1,5.809636229,kha,0.190874795
2018,state_forest_management_centre,protected_forest,aspen,1A,5.824413851,kha,0.195702131
2018,state_forest_management_centre,protected_forest,aspen,2,1.562116499,kha,0.374000421
2018,state_forest_management_centre,protected_forest,aspen,3,0.15621165,kha,1.00001093
2018,state_forest_management_centre,protected_forest,aspen,4,,kha,0.0
2018,state_forest_management_centre,protected_forest,aspen,5,0.15621165,kha,1.00001093
2018,state_forest_management_centre,protected_forest,aspen,5A-5B,,kha,0.0
2018,state_forest_management_centre,protected_forest,birch,1,15.542809227,kha,0.14201611
2018,state_forest_management_centre,protected_forest,birch,1A,9.293405961,kha,0.192724751
2018,state_forest_management_centre,protected_forest,birch,2,19.595939179,kha,0.154735274
2018,state_forest_management_centre,protected_forest,birch,3,9.574165159,kha,0.16965944
2018,state_forest_management_centre,protected_forest,birch,4,7.654370845,kha,0.196296813
2018,state_forest_management_centre,protected_forest,birch,5,3.280444648,kha,0.281817609
2018,state_forest_management_centre,protected_forest,birch,5A-5B,1.405904849,kha,0.400664022
2018,state_forest_management_centre,protected_forest,black_alder,1,3.374577788,kha,0.241428491
2018,state_forest_management_centre,protected_forest,black_alder,1A,0.46863495,kha,0.745366639
2018,state_forest_management_centre,protected_forest,black_alder,2,6.327680924,kha,0.234981735
2018,state_forest_management_centre,protected_forest,black_alder,3,1.064269971,kha,0.445786856
2018,state_forest_management_centre,protected_forest,black_alder,4,0.6248466,kha,0.79058324
2018,state_forest_management_centre,protected_forest,black_alder,5,,kha,0.0
2018,state_forest_management_centre,protected_forest,black_alder,5A-5B,,kha,0.0
2018,state_forest_management_centre,protected_forest,grey_alder,1,3.298268397,kha,0.242782681
2018,state_forest_management_centre,protected_forest,grey_alder,1A,0.46863495,kha,0.577286203
2018,state_forest_management_centre,protected_forest,grey_alder,2,1.249693199,kha,0.330677254
2018,state_forest_management_centre,protected_forest,grey_alder,3,0.3124233,kha,0.707122238
2018,state_forest_management_centre,protected_forest,grey_alder,4,,kha,0.0
2018,state_forest_management_centre,protected_forest,grey_alder,5,,kha,0.0
2018,state_forest_management_centre,protected_forest,grey_alder,5A-5B,,kha,0.0
2018,state_forest_management_centre,protected_forest,pine,1,16.523755903,kha,0.141128322
2018,state_forest_management_centre,protected_forest,pine,1A,3.763310479,kha,0.220246096
2018,state_forest_management_centre,protected_forest,pine,2,25.722325771,kha,0.12181515
2018,state_forest_management_centre,protected_forest,pine,3,27.02096008,kha,0.107437662
2018,state_forest_management_centre,protected_forest,pine,4,23.026675056,kha,0.127565892
2018,state_forest_management_centre,protected_forest,pine,5,14.951407541,kha,0.132413972
2018,state_forest_management_centre,protected_forest,pine,5A-5B,21.522247519,kha,0.146323482
2018,state_forest_management_centre,protected_forest,spruce,1,14.81314461,kha,0.134774032
2018,state_forest_management_centre,protected_forest,spruce,1A,13.470599206,kha,0.150946007
2018,state_forest_management_centre,protected_forest,spruce,2,7.800038209,kha,0.179955313
2018,state_forest_management_centre,protected_forest,spruce,3,3.186061569,kha,0.25327193
2018,state_forest_management_centre,protected_forest,spruce,4,0.937269899,kha,0.408040269
2018,state_forest_management_centre,protected_forest,spruce,5,0.15621165,kha,1.00001093
2018,state_forest_management_centre,protected_forest,spruce,5A-5B,,kha,0.0
2019,other,production_forest,aspen,1,48.540373115,kha,0.064378228
2019,other,production_forest,aspen,1A,20.668787082,kha,0.093815155
2019,other,production_forest,aspen,2,10.80983743,kha,0.13910947
2019,other,production_forest,aspen,3,2.346326153,kha,0.253703489
2019,other,production_forest,aspen,4,0.156421744,kha,1.000010288
2019,other,production_forest,aspen,5,,kha,0.0
2019,other,production_forest,aspen,5A-5B,,kha,0.0
2019,other,production_forest,birch,1,143.029148486,kha,0.040352785
2019,other,production_forest,birch,1A,42.170551233,kha,0.073867947
2019,other,production_forest,birch,2,110.675062759,kha,0.0463435
2019,other,production_forest,birch,3,53.101834505,kha,0.063631008
2019,other,production_forest,birch,4,11.220741709,kha,0.126589511
2019,other,production_forest,birch,5,2.279362005,kha,0.277278717
2019,other,production_forest,birch,5A-5B,0.625686974,kha,0.499980091
2019,other,production_forest,black_alder,1,18.831410356,kha,0.107769727
2019,other,production_forest,black_alder,1A,1.571897743,kha,0.320630292
2019,other,production_forest,black_alder,2,18.885438426,kha,0.107928504
2019,other,production_forest,black_alder,3,6.185087803,kha,0.17979172
2019,other,production_forest,black_alder,4,0.664995758,kha,0.473807807
2019,other,production_forest,black_alder,5,,kha,0.0
2019,other,production_forest,black_alder,5A-5B,,kha,0.0
2019,other,production_forest,grey_alder,1,101.81040792,kha,0.049809527
2019,other,production_forest,grey_alder,1A,16.547668542,kha,0.109381546
2019,other,production_forest,grey_alder,2,39.483319532,kha,0.070539979
2019,other,production_forest,grey_alder,3,7.418833021,kha,0.16479772
2019,other,production_forest,grey_alder,4,0.839765772,kha,0.497588934
2019,other,production_forest,grey_alder,5,,kha,0.0
2019,other,production_forest,grey_alder,5A-5B,,kha,0.0
2019,other,production_forest,other,1,11.106976174,kha,0.124387085
2019,other,production_forest,other,1A,3.969624081,kha,0.201411256
2019,other,production_forest,other,2,6.094535256,kha,0.153977181
2019,other,production_forest,other,3,3.165804025,kha,0.24729906
2019,other,production_forest,other,4,1.863280167,kha,0.354315944
2019,other,production_forest,other,5,0.469265231,kha,0.62365972
2019,other,production_forest,other,5A-5B,,kha,0.0
2019,other,production_forest,pine,1,63.856736619,kha,0.066792651
2019,other,production_forest,pine,1A,24.836847787,kha,0.093067165
2019,other,production_forest,pine,2,70.987722347,kha,0.059423359
2019,other,production_forest,pine,3,49.141564444,kha,0.0694387
2019,other,production_forest,pine,4,24.251752255,kha,0.099061541
2019,other,production_forest,pine,5,10.783277018,kha,0.139665129
2019,other,production_forest,pine,5A-5B,5.176574254,kha,0.212622405
2019,other,production_forest,spruce,1,68.69093496,kha,0.053429562
2019,other,production_forest,spruce,1A,59.853872917,kha,0.057546772
2019,other,production_forest,spruce,2,27.663529472,kha,0.086804195
2019,other,production_forest,spruce,3,8.703024251,kha,0.14733675
2019,other,production_forest,spruce,4,2.945358862,kha,0.242497394
2019,other,production_forest,spruce,5,0.72435781,kha,0.527037515
2019,other,production_forest,spruce,5A-5B,0.625686974,kha,0.500210351
2019,other,protected_forest,aspen,1,1.251373948,kha,0.499813624
2019,other,protected_forest,aspen,1A,0.625686974,kha,0.500020574
2019,other,protected_forest,aspen,2,0.156421744,kha,0.999911324
2019,other,protected_forest,aspen,3,0.156421744,kha,1.000010288
2019,other,protected_forest,aspen,4,,kha,0.0
2019,other,protected_forest,aspen,5,,kha,0.0
2019,other,protected_forest,aspen,5A-5B,,kha,0.0
2019,other,protected_forest,birch,1,2.201198059,kha,0.302088488
2019,other,protected_forest,birch,1A,0.465182623,kha,1.000010291
2019,other,protected_forest,birch,2,4.199079136,kha,0.227736181
2019,other,protected_forest,birch,3,1.407795692,kha,0.37674117
2019,other,protected_forest,birch,4,1.321779375,kha,0.338797935
2019,other,protected_forest,birch,5,0.156421744,kha,1.000010286
2019,other,protected_forest,birch,5A-5B,,kha,0.0
2019,other,protected_forest,black_alder,1,0.554421228,kha,0.512409951
2019,other,protected_forest,black_alder,1A,,kha,0.0
2019,other,protected_forest,black_alder,2,0.938530461,kha,0.390852102
2019,other,protected_forest,black_alder,3,0.312843487,kha,0.706777738
2019,other,protected_forest,black_alder,4,,kha,0.0
2019,other,protected_forest,black_alder,5,,kha,0.0
2019,other,protected_forest,black_alder,5A-5B,,kha,0.0
2019,other,protected_forest,grey_alder,1,0.90952987,kha,0.378735661
2019,other,protected_forest,grey_alder,1A,,kha,0.0
2019,other,protected_forest,grey_alder,2,0.469265231,kha,0.577233031
2019,other,protected_forest,grey_alder,3,0.245019019,kha,0.733452946
2019,other,protected_forest,grey_alder,4,,kha,0.0
2019,other,protected_forest,grey_alder,5,,kha,0.0
2019,other,protected_forest,grey_alder,5A-5B,,kha,0.0
2019,other,protected_forest,pine,1,1.094952205,kha,0.378100477
2019,other,protected_forest,pine,1A,0.625686974,kha,0.500020574
2019,other,protected_forest,pine,2,3.543343545,kha,0.255182023
2019,other,protected_forest,pine,3,4.033053098,kha,0.291780036
2019,other,protected_forest,pine,4,2.346326153,kha,0.371085961
2019,other,protected_forest,pine,5,0.684173064,kha,0.56659426
2019,other,protected_forest,pine,5A-5B,2.502747897,kha,0.405071691
2019,other,protected_forest,spruce,1,1.67734164,kha,0.336302151
2019,other,protected_forest,spruce,1A,1.52554998,kha,0.333334868
2019,other,protected_forest,spruce,2,0.938530461,kha,0.40803103
2019,other,protected_forest,spruce,3,0.442454544,kha,0.579396235
2019,other,protected_forest,spruce,4,0.156421744,kha,1.000442015
2019,other,protected_forest,spruce,5,,kha,0.0
2019,other,protected_forest,spruce,5A-5B,,kha,0.0
2019,state_forest_management_centre,production_forest,aspen,1,14.728170822,kha,0.123326125
2019,state_forest_management_centre,production_forest,aspen,1A,12.543819384,kha,0.124566378
2019,state_forest_management_centre,production_forest,aspen,2,3.923557877,kha,0.253107785
2019,state_forest_management_centre,production_forest,aspen,3,0.938530461,kha,0.500161492
2019,state_forest_management_centre,production_forest,aspen,4,,kha,0.0
2019,state_forest_management_centre,production_forest,aspen,5,,kha,0.0
2019,state_forest_management_centre,production_forest,aspen,5A-5B,,kha,0.0
2019,state_forest_management_centre,production_forest,birch,1,78.697327747,kha,0.063934804
2019,state_forest_management_centre,production_forest,birch,1A,22.171139718,kha,0.09151272
2019,state_forest_management_centre,production_forest,birch,2,55.770905641,kha,0.067027362
2019,state_forest_management_centre,production_forest,birch,3,25.268994138,kha,0.101629464
2019,state_forest_management_centre,production_forest,birch,4,7.208351923,kha,0.190095564
2019,state_forest_management_centre,production_forest,birch,5,1.642428307,kha,0.383977747
2019,state_forest_management_centre,production_forest,birch,5A-5B,0.625686974,kha,0.500020575
2019,state_forest_management_centre,production_forest,black_alder,1,11.419131406,kha,0.128403437
2019,state_forest_management_centre,production_forest,black_alder,1A,0.951247549,kha,0.465244415
2019,state_forest_management_centre,production_forest,black_alder,2,7.123274137,kha,0.165298889
2019,state_forest_management_centre,production_forest,black_alder,3,1.734936126,kha,0.274184634
2019,state_forest_management_centre,production_forest,black_alder,4,0.45429567,kha,0.577705134
2019,state_forest_management_centre,production_forest,black_alder,5,,kha,0.0
2019,state_forest_management_centre,production_forest,black_alder,5A-5B,,kha,0.0
2019,state_forest_management_centre,production_forest,grey_alder,1,14.086779104,kha,0.127847791
2019,state_forest_management_centre,production_forest,grey_alder,1A,1.615336061,kha,0.32275395
2019,state_forest_management_centre,production_forest,grey_alder,2,5.849813438,kha,0.173559894
2019,state_forest_management_centre,production_forest,grey_alder,3,0.701285603,kha,0.458953794
2019,state_forest_management_centre,production_forest,grey_alder,4,,kha,0.0
2019,state_forest_management_centre,production_forest,grey_alder,5,,kha,0.0
2019,state_forest_management_centre,production_forest,grey_alder,5A-5B,,kha,0.0
2019,state_forest_management_centre,production_forest,other,1,0.254842305,kha,0.724967769
2019,state_forest_management_centre,production_forest,other,1A,1.251373948,kha,0.395214001
2019,state_forest_management_centre,production_forest,other,2,0.974742095,kha,0.381570244
2019,state_forest_management_centre,production_forest,other,3,0.469265231,kha,0.745257135
2019,state_forest_management_centre,production_forest,other,4,,kha,0.0
2019,state_forest_management_centre,production_forest,other,5,,kha,0.0
2019,state_forest_management_centre,production_forest,other,5A-5B,,kha,0.0
2019,state_forest_management_centre,production_forest,pine,1,81.697621926,kha,0.062848844
2019,state_forest_management_centre,production_forest,pine,1A,24.855743533,kha,0.100924328
2019,state_forest_management_centre,production_forest,pine,2,74.055966131,kha,0.062469022
2019,state_forest_management_centre,production_forest,pine,3,47.002278111,kha,0.080262123
2019,state_forest_management_centre,production_forest,pine,4,27.473570907,kha,0.101483652
2019,state_forest_management_centre,production_forest,pine,5,17.35762033,kha,0.119579347
2019,state_forest_management_centre,production_forest,pine,5A-5B,13.633375039,kha,0.162292013
2019,state_forest_management_centre,production_forest,spruce,1,63.642814242,kha,0.062996464
2019,state_forest_management_centre,production_forest,spruce,1A,70.556811728,kha,0.068123393
2019,state_forest_management_centre,production_forest,spruce,2,18.889583602,kha,0.103432671
2019,state_forest_management_centre,production_forest,spruce,3,6.591315071,kha,0.166844227
2019,state_forest_management_centre,production_forest,spruce,4,1.596111829,kha,0.339761994
2019,state_forest_management_centre,production_forest,spruce,5,0.022118035,kha,1.000010288
2019,state_forest_management_centre,production_forest,spruce,5A-5B,,kha,0.0
2019,state_forest_management_centre,protected_forest,aspen,1,6.163532887,kha,0.167594484
2019,state_forest_management_centre,protected_forest,aspen,1A,6.145090763,kha,0.195093604
2019,state_forest_management_centre,protected_forest,aspen,2,1.720639179,kha,0.352067511
2019,state_forest_management_centre,protected_forest,aspen,3,,kha,0.0
2019,state_forest_management_centre,protected_forest,aspen,4,,kha,0.0
2019,state_forest_management_centre,protected_forest,aspen,5,0.156421744,kha,1.000010288
2019,state_forest_management_centre,protected_forest,aspen,5A-5B,,kha,0.0
2019,state_forest_management_centre,protected_forest,birch,1,18.140307809,kha,0.129877456
2019,state_forest_management_centre,protected_forest,birch,1A,9.547482676,kha,0.189351104
2019,state_forest_management_centre,protected_forest,birch,2,20.404403051,kha,0.141307784
2019,state_forest_management_centre,protected_forest,birch,3,10.978757271,kha,0.159762864
2019,state_forest_management_centre,protected_forest,birch,4,8.446774151,kha,0.208719248
2019,state_forest_management_centre,protected_forest,birch,5,3.284856614,kha,0.281829093
2019,state_forest_management_centre,protected_forest,birch,5A-5B,1.251373948,kha,0.395333489
2019,state_forest_management_centre,protected_forest,black_alder,1,4.24896203,kha,0.246905246
2019,state_forest_management_centre,protected_forest,black_alder,1A,0.312843487,kha,0.706917741
2019,state_forest_management_centre,protected_forest,black_alder,2,5.498083506,kha,0.234692208
2019,state_forest_management_centre,protected_forest,black_alder,3,1.320887771,kha,0.394323883
2019,state_forest_management_centre,protected_forest,black_alder,4,0.469265231,kha,0.745369795
2019,state_forest_management_centre,protected_forest,black_alder,5,0.156421744,kha,1.000010288
2019,state_forest_management_centre,protected_forest,black_alder,5A-5B,,kha,0.0
2019,state_forest_management_centre,protected_forest,grey_alder,1,3.652244363,kha,0.205687015
2019,state_forest_management_centre,protected_forest,grey_alder,1A,0.469265231,kha,0.577284979
2019,state_forest_management_centre,protected_forest,grey_alder,2,1.407795692,kha,0.293932553
2019,state_forest_management_centre,protected_forest,grey_alder,3,0.312843487,kha,0.70712133
2019,state_forest_management_centre,protected_forest,grey_alder,4,,kha,0.0
2019,state_forest_management_centre,protected_forest,grey_alder,5,,kha,0.0
2019,state_forest_management_centre,protected_forest,grey_alder,5A-5B,,kha,0.0
2019,state_forest_management_centre,protected_forest,pine,1,17.246732956,kha,0.144137438
2019,state_forest_management_centre,protected_forest,pine,1A,3.391129547,kha,0.232936287
2019,state_forest_management_centre,protected_forest,pine,2,24.761061452,kha,0.126487514
2019,state_forest_management_centre,protected_forest,pine,3,26.313562899,kha,0.098726959
2019,state_forest_management_centre,protected_forest,pine,4,22.877399532,kha,0.1276419
2019,state_forest_management_centre,protected_forest,pine,5,16.117586959,kha,0.124590119
2019,state_forest_management_centre,protected_forest,pine,5A-5B,22.564024211,kha,0.148408911
2019,state_forest_management_centre,protected_forest,spruce,1,14.878445191,kha,0.136866443
2019,state_forest_management_centre,protected_forest,spruce,1A,15.463556365,kha,0.143773005
2019,state_forest_management_centre,protected_forest,spruce,2,9.331777091,kha,0.186276829
2019,state_forest_management_centre,protected_forest,spruce,3,4.373896077,kha,0.248863656
2019,state_forest_management_centre,protected_forest,spruce,4,1.094952205,kha,0.377882872
2019,state_forest_management_centre,protected_forest,spruce,5,,kha,0.0
2019,state_forest_management_centre,protected_forest,spruce,5A-5B,,kha,0.0
2020,other,production_forest,aspen,1,48.871113468,kha,0.064397224
2020,other,production_forest,aspen,1A,21.172676059,kha,0.095374711
2020,other,production_forest,aspen,2,11.886112591,kha,0.132766161
2020,other,production_forest,aspen,3,2.034639337,kha,0.271829992
2020,other,production_forest,aspen,4,0.313021437,kha,0.707120804
2020,other,production_forest,aspen,5,,kha,0.0
2020,other,production_forest,aspen,5A-5B,,kha,0.0
2020,other,production_forest,birch,1,139.965813714,kha,0.040073637
2020,other,production_forest,birch,1A,40.787663543,kha,0.077689233
2020,other,production_forest,birch,2,105.314747621,kha,0.047613918
2020,other,production_forest,birch,3,51.729374809,kha,0.06435389
2020,other,production_forest,birch,4,10.292536109,kha,0.138369562
2020,other,production_forest,birch,5,2.687461194,kha,0.251736773
2020,other,production_forest,birch,5A-5B,0.626042873,kha,0.499979325
2020,other,production_forest,black_alder,1,19.233915187,kha,0.105705937
2020,other,production_forest,black_alder,1A,1.559629307,kha,0.320818323
2020,other,production_forest,black_alder,2,19.408956775,kha,0.107650845
2020,other,production_forest,black_alder,3,6.658138116,kha,0.180593317
2020,other,production_forest,black_alder,4,0.508863298,kha,0.538136532
2020,other,production_forest,black_alder,5,,kha,0.0
2020,other,production_forest,black_alder,5A-5B,,kha,0.0
2020,other,production_forest,grey_alder,1,101.6156794,kha,0.049183004
2020,other,production_forest,grey_alder,1A,15.641759437,kha,0.115866553
2020,other,production_forest,grey_alder,2,37.914017198,kha,0.070716537
2020,other,production_forest,grey_alder,3,6.588381289,kha,0.185268494
2020,other,production_forest,grey_alder,4,1.349717132,kha,0.369160871
2020,other,production_forest,grey_alder,5,,kha,0.0
2020,other,production_forest,grey_alder,5A-5B,,kha,0.0
2020,other,production_forest,other,1,10.020551783,kha,0.129849823
2020,other,production_forest,other,1A,3.722435272,kha,0.213394949
2020,other,production_forest,other,2,5.759970057,kha,0.15686739
2020,other,production_forest,other,3,2.80583025,kha,0.240028504
2020,other,production_forest,other,4,1.864340025,kha,0.35436809
2020,other,production_forest,other,5,0.469532155,kha,0.623659143
2020,other,production_forest,other,5A-5B,,kha,0.0
2020,other,production_forest,pine,1,57.211726154,kha,0.067622015
2020,other,production_forest,pine,1A,20.957927702,kha,0.09985604
2020,other,production_forest,pine,2,67.531729894,kha,0.060099112
2020,other,production_forest,pine,3,49.29665046,kha,0.068174431
2020,other,production_forest,pine,4,23.028736666,kha,0.104395753
2020,other,production_forest,pine,5,11.307508117,kha,0.136609197
2020,other,production_forest,pine,5A-5B,5.492540193,kha,0.200513913
2020,other,production_forest,spruce,1,65.126504478,kha,0.054447095
2020,other,production_forest,spruce,1A,58.177835516,kha,0.057756574
2020,other,production_forest,spruce,2,27.625472112,kha,0.085758593
2020,other,production_forest,spruce,3,7.407934014,kha,0.153736448
2020,other,production_forest,spruce,4,2.790523502,kha,0.253222831
2020,other,production_forest,spruce,5,0.724769834,kha,0.527036778
2020,other,production_forest,spruce,5A-5B,0.626042873,kha,0.500208818
2020,other,protected_forest,aspen,1,1.61705309,kha,0.396283527
2020,other,protected_forest,aspen,1A,0.626042873,kha,0.50001983
2020,other,protected_forest,aspen,2,0.313021437,kha,0.70687253
2020,other,protected_forest,aspen,3,0.156510718,kha,1.000009916
2020,other,protected_forest,aspen,4,,kha,0.0
2020,other,protected_forest,aspen,5,,kha,0.0
2020,other,protected_forest,aspen,5A-5B,,kha,0.0
2020,other,protected_forest,birch,1,1.650311618,kha,0.339079198
2020,other,protected_forest,birch,1A,,kha,0.0
2020,other,protected_forest,birch,2,3.575424754,kha,0.241491943
2020,other,protected_forest,birch,3,1.252085746,kha,0.395062084
2020,other,protected_forest,birch,4,1.166020502,kha,0.360083027
2020,other,protected_forest,birch,5,0.156510718,kha,1.000009914
2020,other,protected_forest,birch,5A-5B,,kha,0.0
2020,other,protected_forest,black_alder,1,0.398225872,kha,0.595767618
2020,other,protected_forest,black_alder,1A,,kha,0.0
2020,other,protected_forest,black_alder,2,1.095575028,kha,0.391061781
2020,other,protected_forest,black_alder,3,0.313021437,kha,0.706777016
2020,other,protected_forest,black_alder,4,,kha,0.0
2020,other,protected_forest,black_alder,5,,kha,0.0
2020,other,protected_forest,black_alder,5A-5B,,kha,0.0
2020,other,protected_forest,grey_alder,1,0.910047222,kha,0.409187788
2020,other,protected_forest,grey_alder,1A,0.156510718,kha,0.999721829
2020,other,protected_forest,grey_alder,2,0.626042873,kha,0.499902804
2020,other,protected_forest,grey_alder,3,0.245158389,kha,0.733465605
2020,other,protected_forest,grey_alder,4,,kha,0.0
2020,other,protected_forest,grey_alder,5,,kha,0.0
2020,other,protected_forest,grey_alder,5A-5B,,kha,0.0
2020,other,protected_forest,pine,1,1.721617901,kha,0.327550416
2020,other,protected_forest,pine,1A,0.469532155,kha,0.577424608
2020,other,protected_forest,pine,2,2.449784017,kha,0.298913224
2020,other,protected_forest,pine,3,2.939772123,kha,0.282112063
2020,other,protected_forest,pine,4,2.347660774,kha,0.359008519
2020,other,protected_forest,pine,5,0.528051512,kha,0.672042192
2020,other,protected_forest,pine,5A-5B,2.347660774,kha,0.42687709
2020,other,protected_forest,spruce,1,2.034639337,kha,0.312031306
2020,other,protected_forest,spruce,1A,1.893826644,kha,0.294273245
2020,other,protected_forest,spruce,2,1.408596464,kha,0.332924758
2020,other,protected_forest,spruce,3,0.286195499,kha,0.710220217
2020,other,protected_forest,spruce,4,0.156510718,kha,0.999685813
2020,other,protected_forest,spruce,5,,kha,0.0
2020,other,protected_forest,spruce,5A-5B,,kha,0.0
2020,state_forest_management_centre,production_forest,aspen,1,15.362591269,kha,0.118965193
2020,state_forest_management_centre,production_forest,aspen,1A,13.036043791,kha,0.120135001
2020,state_forest_management_centre,production_forest,aspen,2,3.179953471,kha,0.267980849
2020,state_forest_management_centre,production_forest,aspen,3,1.095575028,kha,0.473952007
2020,state_forest_management_centre,production_forest,aspen,4,,kha,0.0
2020,state_forest_management_centre,production_forest,aspen,5,,kha,0.0
2020,state_forest_management_centre,production_forest,aspen,5A-5B,,kha,0.0
2020,state_forest_management_centre,production_forest,birch,1,82.861281751,kha,0.064132089
2020,state_forest_management_centre,production_forest,birch,1A,21.738884884,kha,0.098181092
2020,state_forest_management_centre,production_forest,birch,2,56.943294621,kha,0.066445232
2020,state_forest_management_centre,production_forest,birch,3,24.386154126,kha,0.099244385
2020,state_forest_management_centre,production_forest,birch,4,7.078635463,kha,0.197983324
2020,state_forest_management_centre,production_forest,birch,5,1.79987326,kha,0.350594721
2020,state_forest_management_centre,production_forest,birch,5A-5B,0.313021437,kha,0.707120804
2020,state_forest_management_centre,production_forest,black_alder,1,12.493687199,kha,0.126430901
2020,state_forest_management_centre,production_forest,black_alder,1A,1.421320786,kha,0.36534157
2020,state_forest_management_centre,production_forest,black_alder,2,6.301450189,kha,0.177655632
2020,state_forest_management_centre,production_forest,black_alder,3,1.579412262,kha,0.297253106
2020,state_forest_management_centre,production_forest,black_alder,4,0.454554079,kha,0.577704326
2020,state_forest_management_centre,production_forest,black_alder,5,,kha,0.0
2020,state_forest_management_centre,production_forest,black_alder,5A-5B,,kha,0.0
2020,state_forest_management_centre,production_forest,grey_alder,1,15.269138719,kha,0.11945316
2020,state_forest_management_centre,production_forest,grey_alder,1A,1.745955317,kha,0.265890676
2020,state_forest_management_centre,production_forest,grey_alder,2,6.122793204,kha,0.168463773
2020,state_forest_management_centre,production_forest,grey_alder,3,0.926919078,kha,0.408440312
2020,state_forest_management_centre,production_forest,grey_alder,4,0.156510718,kha,1.000009916
2020,state_forest_management_centre,production_forest,grey_alder,5,,kha,0.0
2020,state_forest_management_centre,production_forest,grey_alder,5A-5B,,kha,0.0
2020,state_forest_management_centre,production_forest,other,1,0.568008699,kha,0.507636958
2020,state_forest_management_centre,production_forest,other,1A,1.335130333,kha,0.374848712
2020,state_forest_management_centre,production_forest,other,2,0.818785823,kha,0.412341935
2020,state_forest_management_centre,production_forest,other,3,0.626042873,kha,0.612315128
2020,state_forest_management_centre,production_forest,other,4,0.156510718,kha,1.000009914
2020,state_forest_management_centre,production_forest,other,5,,kha,0.0
2020,state_forest_management_centre,production_forest,other,5A-5B,,kha,0.0
2020,state_forest_management_centre,production_forest,pine,1,79.176142983,kha,0.064936111
2020,state_forest_management_centre,production_forest,pine,1A,23.562594726,kha,0.106561621
2020,state_forest_management_centre,production_forest,pine,2,71.538732954,kha,0.06287966
2020,state_forest_management_centre,production_forest,pine,3,47.23598339,kha,0.078594948
2020,state_forest_management_centre,production_forest,pine,4,28.013086557,kha,0.099524411
2020,state_forest_management_centre,production_forest,pine,5,16.248410632,kha,0.125531745
2020,state_forest_management_centre,production_forest,pine,5A-5B,14.374930382,kha,0.158513387
2020,state_forest_management_centre,production_forest,spruce,1,61.779194096,kha,0.065211314
2020,state_forest_management_centre,production_forest,spruce,1A,67.996629332,kha,0.067282471
2020,state_forest_management_centre,production_forest,spruce,2,19.342408417,kha,0.096583569
2020,state_forest_management_centre,production_forest,spruce,3,5.911096807,kha,0.168444027
2020,state_forest_management_centre,production_forest,spruce,4,1.597019718,kha,0.310207434
2020,state_forest_management_centre,production_forest,spruce,5,0.156510718,kha,0.999865883
2020,state_forest_management_centre,production_forest,spruce,5A-5B,,kha,0.0
2020,state_forest_management_centre,protected_forest,aspen,1,5.77314826,kha,0.166772798
2020,state_forest_management_centre,protected_forest,aspen,1A,6.672818822,kha,0.18742321
2020,state_forest_management_centre,protected_forest,aspen,2,1.252085746,kha,0.395247168
2020,state_forest_management_centre,protected_forest,aspen,3,,kha,0.0
2020,state_forest_management_centre,protected_forest,aspen,4,,kha,0.0
2020,state_forest_management_centre,protected_forest,aspen,5,0.156510718,kha,1.000009916
2020,state_forest_management_centre,protected_forest,aspen,5A-5B,,kha,0.0
2020,state_forest_management_centre,protected_forest,birch,1,19.237530585,kha,0.12508414
2020,state_forest_management_centre,protected_forest,birch,1A,10.544127089,kha,0.166791955
2020,state_forest_management_centre,protected_forest,birch,2,20.102987904,kha,0.139532316
2020,state_forest_management_centre,protected_forest,birch,3,12.191465002,kha,0.147128088
2020,state_forest_management_centre,protected_forest,birch,4,8.49720166,kha,0.199374064
2020,state_forest_management_centre,protected_forest,birch,5,3.59974652,kha,0.278489946
2020,state_forest_management_centre,protected_forest,birch,5A-5B,1.095575028,kha,0.473824468
2020,state_forest_management_centre,protected_forest,black_alder,1,4.016612818,kha,0.256212851
2020,state_forest_management_centre,protected_forest,black_alder,1A,0.469532155,kha,0.577201121
2020,state_forest_management_centre,protected_forest,black_alder,2,6.499639712,kha,0.212495217
2020,state_forest_management_centre,protected_forest,black_alder,3,1.321639109,kha,0.39432294
2020,state_forest_management_centre,protected_forest,black_alder,4,0.469532155,kha,0.745369296
2020,state_forest_management_centre,protected_forest,black_alder,5,0.156510718,kha,1.000009916
2020,state_forest_management_centre,protected_forest,black_alder,5A-5B,,kha,0.0
2020,state_forest_management_centre,protected_forest,grey_alder,1,3.810832525,kha,0.197240991
2020,state_forest_management_centre,protected_forest,grey_alder,1A,0.313021437,kha,0.707018957
2020,state_forest_management_centre,protected_forest,grey_alder,2,1.839251357,kha,0.330334137
2020,state_forest_management_centre,protected_forest,grey_alder,3,0.469532155,kha,0.623625466
2020,state_forest_management_centre,protected_forest,grey_alder,4,,kha,0.0
2020,state_forest_management_centre,protected_forest,grey_alder,5,,kha,0.0
2020,state_forest_management_centre,protected_forest,grey_alder,5A-5B,,kha,0.0
2020,state_forest_management_centre,protected_forest,pine,1,18.719793129,kha,0.131602883
2020,state_forest_management_centre,protected_forest,pine,1A,2.92352631,kha,0.260715236
2020,state_forest_management_centre,protected_forest,pine,2,26.078379314,kha,0.116216118
2020,state_forest_management_centre,protected_forest,pine,3,28.476812164,kha,0.098121292
2020,state_forest_management_centre,protected_forest,pine,4,24.507105609,kha,0.12502709
2020,state_forest_management_centre,protected_forest,pine,5,17.980107823,kha,0.120328644
2020,state_forest_management_centre,protected_forest,pine,5A-5B,22.062799466,kha,0.144801114
2020,state_forest_management_centre,protected_forest,spruce,1,16.947403151,kha,0.134452872
2020,state_forest_management_centre,protected_forest,spruce,1A,17.843974801,kha,0.139570977
2020,state_forest_management_centre,protected_forest,spruce,2,10.745681592,kha,0.164301098
2020,state_forest_management_centre,protected_forest,spruce,3,4.346318297,kha,0.24834228
2020,state_forest_management_centre,protected_forest,spruce,4,1.252085746,kha,0.353632348
2020,state_forest_management_centre,protected_forest,spruce,5,,kha,0.0
2020,state_forest_management_centre,protected_forest,spruce,5A-5B,,kha,0.0
2021,other,production_forest,aspen,1,46.602622999,kha,0.065525699
2021,other,production_forest,aspen,1A,20.521482319,kha,0.091957236
2021,other,production_forest,aspen,2,12.42176384,kha,0.130612471
2021,other,production_forest,aspen,3,2.030948257,kha,0.271942557
2021,other,production_forest,aspen,4,0.312453578,kha,0.707120958
2021,other,production_forest,aspen,5,,kha,0.0
2021,other,production_forest,aspen,5A-5B,,kha,0.0
2021,other,production_forest,birch,1,139.008440896,kha,0.040612562
2021,other,production_forest,birch,1A,44.760927875,kha,0.075441699
2021,other,production_forest,birch,2,107.254283696,kha,0.046427353
2021,other,production_forest,birch,3,49.321375317,kha,0.06503035
2021,other,production_forest,birch,4,10.836999293,kha,0.135282551
2021,other,production_forest,birch,5,3.091384455,kha,0.259164936
2021,other,production_forest,birch,5A-5B,0.624907156,kha,0.499979617
2021,other,production_forest,black_alder,1,19.667702917,kha,0.102058968
2021,other,production_forest,black_alder,1A,2.025480319,kha,0.280352108
2021,other,production_forest,black_alder,2,21.130860532,kha,0.104756069
2021,other,production_forest,black_alder,3,6.922924568,kha,0.179873295
2021,other,production_forest,black_alder,4,0.507940159,kha,0.538120298
2021,other,production_forest,black_alder,5,,kha,0.0
2021,other,production_forest,black_alder,5A-5B,,kha,0.0
2021,other,production_forest,grey_alder,1,107.06710838,kha,0.049977187
2021,other,production_forest,grey_alder,1A,15.994108088,kha,0.111562146
2021,other,production_forest,grey_alder,2,39.293896376,kha,0.070623472
2021,other,production_forest,grey_alder,3,7.093367994,kha,0.178338386
2021,other,production_forest,grey_alder,4,1.338473015,kha,0.361791636
2021,other,production_forest,grey_alder,5,,kha,0.0
2021,other,production_forest,grey_alder,5A-5B,,kha,0.0
2021,other,production_forest,other,1,10.099452622,kha,0.131227544
2021,other,production_forest,other,1A,4.028135904,kha,0.204327298
2021,other,production_forest,other,2,4.812160045,kha,0.173356007
2021,other,production_forest,other,3,3.269420503,kha,0.226720075
2021,other,production_forest,other,4,2.017184677,kha,0.335981163
2021,other,production_forest,other,5,0.312453578,kha,0.707165428
2021,other,production_forest,other,5A-5B,,kha,0.0
2021,other,production_forest,pine,1,55.438763315,kha,0.067469939
2021,other,production_forest,pine,1A,20.745433421,kha,0.100760388
2021,other,production_forest,pine,2,66.222598632,kha,0.057756965
2021,other,production_forest,pine,3,46.752881925,kha,0.068115725
2021,other,production_forest,pine,4,21.543252387,kha,0.099118674
2021,other,production_forest,pine,5,12.118777606,kha,0.129878459
2021,other,production_forest,pine,5A-5B,6.419936798,kha,0.198424929
2021,other,production_forest,spruce,1,66.013895265,kha,0.052147894
2021,other,production_forest,spruce,1A,58.565439402,kha,0.059354242
2021,other,production_forest,spruce,2,27.467294111,kha,0.084025481
2021,other,production_forest,spruce,3,7.782281266,kha,0.152561745
2021,other,production_forest,spruce,4,2.785461157,kha,0.265399105
2021,other,production_forest,spruce,5,0.781133945,kha,0.529169207
2021,other,production_forest,spruce,5A-5B,0.312453578,kha,0.707120958
2021,other,protected_forest,aspen,1,1.457892772,kha,0.387948351
2021,other,protected_forest,aspen,1A,0.750591608,kha,0.448714447
2021,other,protected_forest,aspen,2,0.781133945,kha,0.447051144
2021,other,protected_forest,aspen,3,0.312453578,kha,0.707006591
2021,other,protected_forest,aspen,4,0.156226789,kha,1.000010023
2021,other,protected_forest,aspen,5,,kha,0.0
2021,other,protected_forest,aspen,5A-5B,,kha,0.0
2021,other,protected_forest,birch,1,2.377802973,kha,0.273230403
2021,other,protected_forest,birch,1A,0.624907156,kha,0.500020047
2021,other,protected_forest,birch,2,4.193845659,kha,0.212177982
2021,other,protected_forest,birch,3,1.874721468,kha,0.333287034
2021,other,protected_forest,birch,4,1.182980491,kha,0.384176056
2021,other,protected_forest,birch,5,0.156226789,kha,1.000010023
2021,other,protected_forest,birch,5A-5B,,kha,0.0
2021,other,protected_forest,black_alder,1,0.866183809,kha,0.415285678
2021,other,protected_forest,black_alder,1A,,kha,0.0
2021,other,protected_forest,black_alder,2,0.624907156,kha,0.500006571
2021,other,protected_forest,black_alder,3,0.156226789,kha,0.999758416
2021,other,protected_forest,black_alder,4,,kha,0.0
2021,other,protected_forest,black_alder,5,,kha,0.0
2021,other,protected_forest,black_alder,5A-5B,,kha,0.0
2021,other,protected_forest,grey_alder,1,1.02084833,kha,0.38040462
2021,other,protected_forest,grey_alder,1A,0.156226789,kha,0.999722467
2021,other,protected_forest,grey_alder,2,0.882759471,kha,0.412058473
2021,other,protected_forest,grey_alder,3,0.244713642,kha,0.733943097
2021,other,protected_forest,grey_alder,4,0.156226789,kha,0.999911186
2021,other,protected_forest,grey_alder,5,,kha,0.0
2021,other,protected_forest,grey_alder,5A-5B,,kha,0.0
2021,other,protected_forest,pine,1,2.499628624,kha,0.264961343
2021,other,protected_forest,pine,1A,0.468680367,kha,0.577424688
2021,other,protected_forest,pine,2,2.757793392,kha,0.276872604
2021,other,protected_forest,pine,3,4.860715331,kha,0.229776912
2021,other,protected_forest,pine,4,2.96830899,kha,0.311451886
2021,other,protected_forest,pine,5,0.963247513,kha,0.45224757
2021,other,protected_forest,pine,5A-5B,2.655855412,kha,0.385749444
2021,other,protected_forest,spruce,1,2.54340337,kha,0.275239752
2021,other,protected_forest,spruce,1A,1.822885419,kha,0.29673625
2021,other,protected_forest,spruce,2,2.030948257,kha,0.276797584
2021,other,protected_forest,spruce,3,0.441903095,kha,0.579757613
2021,other,protected_forest,spruce,4,0.312453578,kha,0.7069494
2021,other,protected_forest,spruce,5,,kha,0.0
2021,other,protected_forest,spruce,5A-5B,,kha,0.0
2021,state_forest_management_centre,production_forest,aspen,1,12.882664113,kha,0.128969202
2021,state_forest_management_centre,production_forest,aspen,1A,12.461960993,kha,0.122415988
2021,state_forest_management_centre,production_forest,aspen,2,3.799091809,kha,0.245524177
2021,state_forest_management_centre,production_forest,aspen,3,0.937360734,kha,0.527107913
2021,state_forest_management_centre,production_forest,aspen,4,,kha,0.0
2021,state_forest_management_centre,production_forest,aspen,5,,kha,0.0
2021,state_forest_management_centre,production_forest,aspen,5A-5B,,kha,0.0
2021,state_forest_management_centre,production_forest,birch,1,75.655369055,kha,0.065677305
2021,state_forest_management_centre,production_forest,birch,1A,19.446501407,kha,0.102828452
2021,state_forest_management_centre,production_forest,birch,2,53.720690449,kha,0.068843797
2021,state_forest_management_centre,production_forest,birch,3,21.586995888,kha,0.109816812
2021,state_forest_management_centre,production_forest,birch,4,7.222020755,kha,0.187741005
2021,state_forest_management_centre,production_forest,birch,5,1.796608073,kha,0.316575462
2021,state_forest_management_centre,production_forest,birch,5A-5B,0.468680367,kha,0.577367632
2021,state_forest_management_centre,production_forest,black_alder,1,10.437464903,kha,0.146153701
2021,state_forest_management_centre,production_forest,black_alder,1A,1.106288761,kha,0.373811285
2021,state_forest_management_centre,production_forest,black_alder,2,5.870799635,kha,0.177343158
2021,state_forest_management_centre,production_forest,black_alder,3,1.26409344,kha,0.349408182
2021,state_forest_management_centre,production_forest,black_alder,4,0.297502674,kha,0.707626669
2021,state_forest_management_centre,production_forest,black_alder,5,,kha,0.0
2021,state_forest_management_centre,production_forest,black_alder,5A-5B,,kha,0.0
2021,state_forest_management_centre,production_forest,grey_alder,1,14.891787487,kha,0.124183169
2021,state_forest_management_centre,production_forest,grey_alder,1A,1.520539714,kha,0.274406057
2021,state_forest_management_centre,production_forest,grey_alder,2,6.276192529,kha,0.170511861
2021,state_forest_management_centre,production_forest,grey_alder,3,0.925237535,kha,0.408481449
2021,state_forest_management_centre,production_forest,grey_alder,4,0.312453578,kha,0.707120958
2021,state_forest_management_centre,production_forest,grey_alder,5,,kha,0.0
2021,state_forest_management_centre,production_forest,grey_alder,5A-5B,,kha,0.0
2021,state_forest_management_centre,production_forest,other,1,0.723205052,kha,0.546335255
2021,state_forest_management_centre,production_forest,other,1A,1.332708246,kha,0.374916649
2021,state_forest_management_centre,production_forest,other,2,0.504846869,kha,0.504024793
2021,state_forest_management_centre,production_forest,other,3,0.624907156,kha,0.612374133
2021,state_forest_management_centre,production_forest,other,4,0.156226789,kha,1.000010023
2021,state_forest_management_centre,production_forest,other,5,,kha,0.0
2021,state_forest_management_centre,production_forest,other,5A-5B,,kha,0.0
2021,state_forest_management_centre,production_forest,pine,1,66.797169517,kha,0.068100194
2021,state_forest_management_centre,production_forest,pine,1A,20.312091553,kha,0.114011135
2021,state_forest_management_centre,production_forest,pine,2,65.090438715,kha,0.065506681
2021,state_forest_management_centre,production_forest,pine,3,43.639610097,kha,0.0797739
2021,state_forest_management_centre,production_forest,pine,4,24.291500322,kha,0.104611557
2021,state_forest_management_centre,production_forest,pine,5,15.047404992,kha,0.128210737
2021,state_forest_management_centre,production_forest,pine,5A-5B,15.129986473,kha,0.153481778
2021,state_forest_management_centre,production_forest,spruce,1,55.054773491,kha,0.068493501
2021,state_forest_management_centre,production_forest,spruce,1A,61.188565302,kha,0.06845557
2021,state_forest_management_centre,production_forest,spruce,2,15.265950647,kha,0.106654987
2021,state_forest_management_centre,production_forest,spruce,3,5.334238728,kha,0.181935794
2021,state_forest_management_centre,production_forest,spruce,4,1.437895743,kha,0.326272284
2021,state_forest_management_centre,production_forest,spruce,5,0.156226789,kha,1.000010025
2021,state_forest_management_centre,production_forest,spruce,5A-5B,,kha,0.0
2021,state_forest_management_centre,protected_forest,aspen,1,6.177879011,kha,0.162357833
2021,state_forest_management_centre,protected_forest,aspen,1A,8.299360692,kha,0.172748892
2021,state_forest_management_centre,protected_forest,aspen,2,1.56226789,kha,0.346400194
2021,state_forest_management_centre,protected_forest,aspen,3,0.156226789,kha,1.000010023
2021,state_forest_management_centre,protected_forest,aspen,4,,kha,0.0
2021,state_forest_management_centre,protected_forest,aspen,5,0.156226789,kha,1.000010025
2021,state_forest_management_centre,protected_forest,aspen,5A-5B,,kha,0.0
2021,state_forest_management_centre,protected_forest,birch,1,22.852948427,kha,0.115189108
2021,state_forest_management_centre,protected_forest,birch,1A,10.606892856,kha,0.16032943
2021,state_forest_management_centre,protected_forest,birch,2,21.055809182,kha,0.13720618
2021,state_forest_management_centre,protected_forest,birch,3,15.688872188,kha,0.130856139
2021,state_forest_management_centre,protected_forest,birch,4,10.044054603,kha,0.185761769
2021,state_forest_management_centre,protected_forest,birch,5,4.374350091,kha,0.247547646
2021,state_forest_management_centre,protected_forest,birch,5A-5B,0.937360734,kha,0.527065295
2021,state_forest_management_centre,protected_forest,black_alder,1,5.25914051,kha,0.245312802
2021,state_forest_management_centre,protected_forest,black_alder,1A,0.624907156,kha,0.499876274
2021,state_forest_management_centre,protected_forest,black_alder,2,5.769642789,kha,0.218219326
2021,state_forest_management_centre,protected_forest,black_alder,3,1.787921864,kha,0.350483524
2021,state_forest_management_centre,protected_forest,black_alder,4,0.468680367,kha,0.745369442
2021,state_forest_management_centre,protected_forest,black_alder,5,0.312453578,kha,0.707120958
2021,state_forest_management_centre,protected_forest,black_alder,5A-5B,0.156226789,kha,0.999920172
2021,state_forest_management_centre,protected_forest,grey_alder,1,3.803919217,kha,0.192912636
2021,state_forest_management_centre,protected_forest,grey_alder,1A,0.312453578,kha,0.707222604
2021,state_forest_management_centre,protected_forest,grey_alder,2,2.329294556,kha,0.292004192
2021,state_forest_management_centre,protected_forest,grey_alder,3,0.781133945,kha,0.547740861
2021,state_forest_management_centre,protected_forest,grey_alder,4,,kha,0.0
2021,state_forest_management_centre,protected_forest,grey_alder,5,,kha,0.0
2021,state_forest_management_centre,protected_forest,grey_alder,5A-5B,,kha,0.0
2021,state_forest_management_centre,protected_forest,pine,1,25.711039417,kha,0.113170673
2021,state_forest_management_centre,protected_forest,pine,1A,4.324263783,kha,0.229028075
2021,state_forest_management_centre,protected_forest,pine,2,34.466832296,kha,0.106115533
2021,state_forest_management_centre,protected_forest,pine,3,30.884739497,kha,0.093085284
2021,state_forest_management_centre,protected_forest,pine,4,27.921148556,kha,0.115253878
2021,state_forest_management_centre,protected_forest,pine,5,21.054606236,kha,0.113759017
2021,state_forest_management_centre,protected_forest,pine,5A-5B,24.678630305,kha,0.12975748
2021,state_forest_management_centre,protected_forest,spruce,1,18.712735424,kha,0.126048527
2021,state_forest_management_centre,protected_forest,spruce,1A,19.060449388,kha,0.136364001
2021,state_forest_management_centre,protected_forest,spruce,2,12.913362677,kha,0.141983285
2021,state_forest_management_centre,protected_forest,spruce,3,4.65088713,kha,0.241174158
2021,state_forest_management_centre,protected_forest,spruce,4,2.187175046,kha,0.257476121
2021,state_forest_management_centre,protected_forest,spruce,5,0.312453578,kha,0.707260715
2021,state_forest_management_centre,protected_forest,spruce,5A-5B,,kha,0.0
2022,other,production_forest,aspen,1,45.553829913,kha,0.064837081
2022,other,production_forest,aspen,1A,20.420455694,kha,0.090036813
2022,other,production_forest,aspen,2,11.908103011,kha,0.126323006
2022,other,production_forest,aspen,3,1.717604191,kha,0.308300395
2022,other,production_forest,aspen,4,0.312291671,kha,0.707120387
2022,other,production_forest,aspen,5,0.156145836,kha,0.999794069
2022,other,production_forest,aspen,5A-5B,,kha,0.0
2022,other,production_forest,birch,1,137.875180088,kha,0.041561034
2022,other,production_forest,birch,1A,42.38093092,kha,0.078143641
2022,other,production_forest,birch,2,106.240330486,kha,0.04835019
2022,other,production_forest,birch,3,53.529649889,kha,0.066145159
2022,other,production_forest,birch,4,9.222472713,kha,0.146134386
2022,other,production_forest,birch,5,2.970986813,kha,0.264662151
2022,other,production_forest,birch,5A-5B,0.780729178,kha,0.447162815
2022,other,production_forest,black_alder,1,19.490076347,kha,0.097669351
2022,other,production_forest,black_alder,1A,2.084609363,kha,0.274713407
2022,other,production_forest,black_alder,2,20.40787034,kha,0.102750034
2022,other,production_forest,black_alder,3,6.376433798,kha,0.174136272
2022,other,production_forest,black_alder,4,0.507676955,kha,0.538119651
2022,other,production_forest,black_alder,5,,kha,0.0
2022,other,production_forest,black_alder,5A-5B,,kha,0.0
2022,other,production_forest,grey_alder,1,110.534543953,kha,0.049882549
2022,other,production_forest,grey_alder,1A,16.078758279,kha,0.114470828
2022,other,production_forest,grey_alder,2,41.279759259,kha,0.067050445
2022,other,production_forest,grey_alder,3,7.516189095,kha,0.174320974
2022,other,production_forest,grey_alder,4,1.18163361,kha,0.387690684
2022,other,production_forest,grey_alder,5,,kha,0.0
2022,other,production_forest,grey_alder,5A-5B,,kha,0.0
2022,other,production_forest,other,1,10.111254809,kha,0.129581823
2022,other,production_forest,other,1A,4.081870745,kha,0.207856612
2022,other,production_forest,other,2,4.375018937,kha,0.180534957
2022,other,production_forest,other,3,2.90117401,kha,0.227947416
2022,other,production_forest,other,4,2.016139414,kha,0.308224102
2022,other,production_forest,other,5,0.312291671,kha,0.707164834
2022,other,production_forest,other,5A-5B,,kha,0.0
2022,other,production_forest,pine,1,51.925907242,kha,0.067403732
2022,other,production_forest,pine,1A,19.885218999,kha,0.098533305
2022,other,production_forest,pine,2,64.688206047,kha,0.058118749
2022,other,production_forest,pine,3,44.199920602,kha,0.068527371
2022,other,production_forest,pine,4,20.536628196,kha,0.100813423
2022,other,production_forest,pine,5,11.405188504,kha,0.128018997
2022,other,production_forest,pine,5A-5B,5.948172615,kha,0.206676294
2022,other,production_forest,spruce,1,63.933490765,kha,0.052596376
2022,other,production_forest,spruce,1A,58.82277511,kha,0.058565701
2022,other,production_forest,spruce,2,26.186265588,kha,0.08661896
2022,other,production_forest,spruce,3,6.96953814,kha,0.161847339
2022,other,production_forest,spruce,4,2.159434447,kha,0.279002845
2022,other,production_forest,spruce,5,0.780729178,kha,0.447235108
2022,other,production_forest,spruce,5A-5B,0.156145836,kha,1.000009621
2022,other,protected_forest,aspen,1,1.457137323,kha,0.356999126
2022,other,protected_forest,aspen,1A,1.218640173,kha,0.397999375
2022,other,protected_forest,aspen,2,1.249166684,kha,0.395178399
2022,other,protected_forest,aspen,3,0.468437507,kha,0.576972764
2022,other,protected_forest,aspen,4,0.156145836,kha,1.000009619
2022,other,protected_forest,aspen,5,,kha,0.0
2022,other,protected_forest,aspen,5A-5B,,kha,0.0
2022,other,protected_forest,birch,1,3.157300024,kha,0.233596659
2022,other,protected_forest,birch,1A,0.916419909,kha,0.408802765
2022,other,protected_forest,birch,2,4.794426651,kha,0.200840405
2022,other,protected_forest,birch,3,2.6812426,kha,0.254051674
2022,other,protected_forest,birch,4,1.338513331,kha,0.358849998
2022,other,protected_forest,birch,5,0.156145836,kha,1.000009619
2022,other,protected_forest,birch,5A-5B,,kha,0.0
2022,other,protected_forest,black_alder,1,1.908414402,kha,0.353753415
2022,other,protected_forest,black_alder,1A,0.156145836,kha,1.00007248
2022,other,protected_forest,black_alder,2,1.561458355,kha,0.424019972
2022,other,protected_forest,black_alder,3,0.624583342,kha,0.499444191
2022,other,protected_forest,black_alder,4,,kha,0.0
2022,other,protected_forest,black_alder,5,,kha,0.0
2022,other,protected_forest,black_alder,5A-5B,,kha,0.0
2022,other,protected_forest,grey_alder,1,1.801048525,kha,0.289784342
2022,other,protected_forest,grey_alder,1A,0.156145836,kha,0.999722211
2022,other,protected_forest,grey_alder,2,1.663031221,kha,0.30305087
2022,other,protected_forest,grey_alder,3,0.244586837,kha,0.733942428
2022,other,protected_forest,grey_alder,4,0.156145836,kha,0.999928795
2022,other,protected_forest,grey_alder,5,,kha,0.0
2022,other,protected_forest,grey_alder,5A-5B,,kha,0.0
2022,other,protected_forest,pine,1,2.903438124,kha,0.242350236
2022,other,protected_forest,pine,1A,0.468437507,kha,0.577558731
2022,other,protected_forest,pine,2,4.09667337,kha,0.243837489
2022,other,protected_forest,pine,3,5.251403053,kha,0.201128175
2022,other,protected_forest,pine,4,3.199209566,kha,0.297785349
2022,other,protected_forest,pine,5,1.909257589,kha,0.360448524
2022,other,protected_forest,pine,5A-5B,3.122916711,kha,0.346418491
2022,other,protected_forest,spruce,1,3.322814609,kha,0.235375162
2022,other,protected_forest,spruce,1A,1.509649167,kha,0.310147291
2022,other,protected_forest,spruce,2,2.405520284,kha,0.268250072
2022,other,protected_forest,spruce,3,0.753965781,kha,0.397917042
2022,other,protected_forest,spruce,4,0.468437507,kha,0.577180255
2022,other,protected_forest,spruce,5,,kha,0.0
2022,other,protected_forest,spruce,5A-5B,,kha,0.0
2022,state_forest_management_centre,production_forest,aspen,1,13.709307683,kha,0.140964537
2022,state_forest_management_centre,production_forest,aspen,1A,12.070338535,kha,0.120221446
2022,state_forest_management_centre,production_forest,aspen,2,3.484831528,kha,0.252126542
2022,state_forest_management_centre,production_forest,aspen,3,0.468437507,kha,0.577309898
2022,state_forest_management_centre,production_forest,aspen,4,,kha,0.0
2022,state_forest_management_centre,production_forest,aspen,5,,kha,0.0
2022,state_forest_management_centre,production_forest,aspen,5A-5B,,kha,0.0
2022,state_forest_management_centre,production_forest,birch,1,72.553412314,kha,0.068277062
2022,state_forest_management_centre,production_forest,birch,1A,20.742850001,kha,0.099820045
2022,state_forest_management_centre,production_forest,birch,2,52.501257802,kha,0.066740705
2022,state_forest_management_centre,production_forest,birch,3,20.098358064,kha,0.122377899
2022,state_forest_management_centre,production_forest,birch,4,8.46744514,kha,0.164285893
2022,state_forest_management_centre,production_forest,birch,5,2.029895862,kha,0.317277228
2022,state_forest_management_centre,production_forest,birch,5A-5B,0.468437507,kha,0.577366932
2022,state_forest_management_centre,production_forest,black_alder,1,10.051856933,kha,0.149512474
2022,state_forest_management_centre,production_forest,black_alder,1A,0.94956967,kha,0.403058132
2022,state_forest_management_centre,production_forest,black_alder,2,5.754676696,kha,0.177870008
2022,state_forest_management_centre,production_forest,black_alder,3,1.029656869,kha,0.378897322
2022,state_forest_management_centre,production_forest,black_alder,4,0.297348515,kha,0.707626295
2022,state_forest_management_centre,production_forest,black_alder,5,,kha,0.0
2022,state_forest_management_centre,production_forest,black_alder,5A-5B,,kha,0.0
2022,state_forest_management_centre,production_forest,grey_alder,1,14.105871261,kha,0.116657558
2022,state_forest_management_centre,production_forest,grey_alder,1A,1.519751803,kha,0.274342408
2022,state_forest_management_centre,production_forest,grey_alder,2,6.105895524,kha,0.169913234
2022,state_forest_management_centre,production_forest,grey_alder,3,1.237049767,kha,0.353862701
2022,state_forest_management_centre,production_forest,grey_alder,4,0.312291671,kha,0.707120385
2022,state_forest_management_centre,production_forest,grey_alder,5,,kha,0.0
2022,state_forest_management_centre,production_forest,grey_alder,5A-5B,,kha,0.0
2022,state_forest_management_centre,production_forest,other,1,0.722830302,kha,0.546334515
2022,state_forest_management_centre,production_forest,other,1A,1.332017665,kha,0.374859436
2022,state_forest_management_centre,production_forest,other,2,0.453556808,kha,0.549290542
2022,state_forest_management_centre,production_forest,other,3,0.468437507,kha,0.745240374
2022,state_forest_management_centre,production_forest,other,4,0.156145836,kha,1.000009619
2022,state_forest_management_centre,production_forest,other,5,,kha,0.0
2022,state_forest_management_centre,production_forest,other,5A-5B,,kha,0.0
2022,state_forest_management_centre,production_forest,pine,1,66.655877793,kha,0.067971387
2022,state_forest_management_centre,production_forest,pine,1A,19.176879031,kha,0.119299426
2022,state_forest_management_centre,production_forest,pine,2,66.078481722,kha,0.065733322
2022,state_forest_management_centre,production_forest,pine,3,44.87940482,kha,0.077311628
2022,state_forest_management_centre,production_forest,pine,4,23.76495896,kha,0.103339002
2022,state_forest_management_centre,production_forest,pine,5,14.883461908,kha,0.131763178
2022,state_forest_management_centre,production_forest,pine,5A-5B,16.21516728,kha,0.149947328
2022,state_forest_management_centre,production_forest,spruce,1,53.842784748,kha,0.067487828
2022,state_forest_management_centre,production_forest,spruce,1A,62.273332627,kha,0.070788008
2022,state_forest_management_centre,production_forest,spruce,2,15.661349231,kha,0.105951339
2022,state_forest_management_centre,production_forest,spruce,3,5.643766309,kha,0.18575762
2022,state_forest_management_centre,production_forest,spruce,4,1.717604191,kha,0.301207348
2022,state_forest_management_centre,production_forest,spruce,5,0.156145836,kha,1.000009621
2022,state_forest_management_centre,production_forest,spruce,5A-5B,,kha,0.0
2022,state_forest_management_centre,protected_forest,aspen,1,7.599773961,kha,0.174057918
2022,state_forest_management_centre,protected_forest,aspen,1A,8.978869595,kha,0.172004955
2022,state_forest_management_centre,protected_forest,aspen,2,1.40531252,kha,0.368553507
2022,state_forest_management_centre,protected_forest,aspen,3,0.312291671,kha,0.707221977
2022,state_forest_management_centre,protected_forest,aspen,4,,kha,0.0
2022,state_forest_management_centre,protected_forest,aspen,5,0.156145836,kha,1.000009621
2022,state_forest_management_centre,protected_forest,aspen,5A-5B,,kha,0.0
2022,state_forest_management_centre,protected_forest,birch,1,22.338816586,kha,0.11621876
2022,state_forest_management_centre,protected_forest,birch,1A,11.382125764,kha,0.156827595
2022,state_forest_management_centre,protected_forest,birch,2,22.462327941,kha,0.13238511
2022,state_forest_management_centre,protected_forest,birch,3,15.680742544,kha,0.134786107
2022,state_forest_management_centre,protected_forest,birch,4,8.633537465,kha,0.194038291
2022,state_forest_management_centre,protected_forest,birch,5,3.747500053,kha,0.263586616
2022,state_forest_management_centre,protected_forest,birch,5A-5B,0.780729178,kha,0.600016033
2022,state_forest_management_centre,protected_forest,black_alder,1,6.06176871,kha,0.214622994
2022,state_forest_management_centre,protected_forest,black_alder,1A,0.468437507,kha,0.57736693
2022,state_forest_management_centre,protected_forest,black_alder,2,6.132393472,kha,0.21164398
2022,state_forest_management_centre,protected_forest,black_alder,3,1.162412058,kha,0.46706962
2022,state_forest_management_centre,protected_forest,black_alder,4,0.312291671,kha,1.000009621
2022,state_forest_management_centre,protected_forest,black_alder,5,0.468437507,kha,0.577366932
2022,state_forest_management_centre,protected_forest,black_alder,5A-5B,0.156145836,kha,0.999919814
2022,state_forest_management_centre,protected_forest,grey_alder,1,4.114239777,kha,0.189127193
2022,state_forest_management_centre,protected_forest,grey_alder,1A,0.156145836,kha,1.000009624
2022,state_forest_management_centre,protected_forest,grey_alder,2,2.699605351,kha,0.271834741
2022,state_forest_management_centre,protected_forest,grey_alder,3,0.780729178,kha,0.547740123
2022,state_forest_management_centre,protected_forest,grey_alder,4,,kha,0.0
2022,state_forest_management_centre,protected_forest,grey_alder,5,,kha,0.0
2022,state_forest_management_centre,protected_forest,grey_alder,5A-5B,,kha,0.0
2022,state_forest_management_centre,protected_forest,pine,1,25.697716497,kha,0.109566867
2022,state_forest_management_centre,protected_forest,pine,1A,4.165877205,kha,0.228755772
2022,state_forest_management_centre,protected_forest,pine,2,33.524932483,kha,0.108261483
2022,state_forest_management_centre,protected_forest,pine,3,30.246822426,kha,0.097018887
2022,state_forest_management_centre,protected_forest,pine,4,27.458900991,kha,0.114750731
2022,state_forest_management_centre,protected_forest,pine,5,21.217252278,kha,0.114585356
2022,state_forest_management_centre,protected_forest,pine,5A-5B,24.821988193,kha,0.129474975
2022,state_forest_management_centre,protected_forest,spruce,1,18.215270517,kha,0.123302315
2022,state_forest_management_centre,protected_forest,spruce,1A,18.879717891,kha,0.131161257
2022,state_forest_management_centre,protected_forest,spruce,2,11.133994417,kha,0.143595021
2022,state_forest_management_centre,protected_forest,spruce,3,3.55545629,kha,0.234805137
2022,state_forest_management_centre,protected_forest,spruce,4,2.498333369,kha,0.257576765
2022,state_forest_management_centre,protected_forest,spruce,5,0.468437507,kha,0.5774758
2022,state_forest_management_centre,protected_forest,spruce,5A-5B,,kha,0.0
2023,other,production_forest,aspen,1,45.930570742,kha,0.062793854
2023,other,production_forest,aspen,1A,22.175705984,kha,0.086265153
2023,other,production_forest,aspen,2,12.552630238,kha,0.12689177
2023,other,production_forest,aspen,3,2.650066055,kha,0.278787901
2023,other,production_forest,aspen,4,0.467658716,kha,0.577283772
2023,other,production_forest,aspen,5,0.155886239,kha,0.999785269
2023,other,production_forest,aspen,5A-5B,,kha,0.0
2023,other,production_forest,birch,1,138.697582746,kha,0.04159071
2023,other,production_forest,birch,1A,45.867343284,kha,0.075355142
2023,other,production_forest,birch,2,106.053289647,kha,0.047256631
2023,other,production_forest,birch,3,53.522059084,kha,0.064842984
2023,other,production_forest,birch,4,10.672158954,kha,0.137316817
2023,other,production_forest,birch,5,3.745478653,kha,0.250953256
2023,other,production_forest,birch,5A-5B,0.779431193,kha,0.44723467
2023,other,production_forest,black_alder,1,19.061363945,kha,0.097142354
2023,other,production_forest,black_alder,1A,2.335456449,kha,0.257168786
2023,other,production_forest,black_alder,2,19.863835123,kha,0.103899765
2023,other,production_forest,black_alder,3,7.152855644,kha,0.165926956
2023,other,production_forest,black_alder,4,0.662719166,kha,0.473797133
2023,other,production_forest,black_alder,5,,kha,0.0
2023,other,production_forest,black_alder,5A-5B,,kha,0.0
2023,other,production_forest,grey_alder,1,111.279516092,kha,0.047589343
2023,other,production_forest,grey_alder,1A,14.858670954,kha,0.119374131
2023,other,production_forest,grey_alder,2,45.525874478,kha,0.065099099
2023,other,production_forest,grey_alder,3,7.749931115,kha,0.17024115
2023,other,production_forest,grey_alder,4,1.335555349,kha,0.367178251
2023,other,production_forest,grey_alder,5,0.155886239,kha,1.000009424
2023,other,production_forest,grey_alder,5A-5B,,kha,0.0
2023,other,production_forest,other,1,10.406217031,kha,0.125971315
2023,other,production_forest,other,1A,3.607425801,kha,0.222564525
2023,other,production_forest,other,2,5.06542979,kha,0.187230936
2023,other,production_forest,other,3,2.669427126,kha,0.23723457
2023,other,production_forest,other,4,1.856901285,kha,0.323285249
2023,other,production_forest,other,5,0.155886239,kha,1.000072178
2023,other,production_forest,other,5A-5B,,kha,0.0
2023,other,production_forest,pine,1,51.458296761,kha,0.06347444
2023,other,production_forest,pine,1A,18.019482681,kha,0.104580792
2023,other,production_forest,pine,2,61.233268057,kha,0.061899636
2023,other,production_forest,pine,3,45.389707849,kha,0.071127752
2023,other,production_forest,pine,4,22.136142057,kha,0.099643552
2023,other,production_forest,pine,5,12.045485538,kha,0.123305263
2023,other,production_forest,pine,5A-5B,6.236322505,kha,0.198977232
2023,other,production_forest,spruce,1,63.573073732,kha,0.052604607
2023,other,production_forest,spruce,1A,57.790801074,kha,0.057994374
2023,other,production_forest,spruce,2,26.561986198,kha,0.084638859
2023,other,production_forest,spruce,3,7.276644906,kha,0.143531996
2023,other,production_forest,spruce,4,2.066692985,kha,0.287833642
2023,other,production_forest,spruce,5,0.779431193,kha,0.447234669
2023,other,production_forest,spruce,5A-5B,0.21704041,kha,0.77148683
2023,other,protected_forest,aspen,1,1.610601028,kha,0.336502739
2023,other,protected_forest,aspen,1A,2.15193158,kha,0.304375983
2023,other,protected_forest,aspen,2,1.558862385,kha,0.346183666
2023,other,protected_forest,aspen,3,0.311772477,kha,0.706536659
2023,other,protected_forest,aspen,4,0.155886239,kha,1.000009423
2023,other,protected_forest,aspen,5,,kha,0.0
2023,other,protected_forest,aspen,5A-5B,,kha,0.0
2023,other,protected_forest,birch,1,3.153718903,kha,0.224133723
2023,other,protected_forest,birch,1A,0.759010095,kha,0.44790663
2023,other,protected_forest,birch,2,5.058103136,kha,0.197998606
2023,other,protected_forest,birch,3,3.312582569,kha,0.236058918
2023,other,protected_forest,birch,4,1.69350133,kha,0.352667664
2023,other,protected_forest,birch,5,,kha,0.0
2023,other,protected_forest,birch,5A-5B,,kha,0.0
2023,other,protected_forest,black_alder,1,2.288908818,kha,0.353167528
2023,other,protected_forest,black_alder,1A,0.155886239,kha,1.000072178
2023,other,protected_forest,black_alder,2,1.714748624,kha,0.396349016
2023,other,protected_forest,black_alder,3,0.779431193,kha,0.528673132
2023,other,protected_forest,black_alder,4,,kha,0.0
2023,other,protected_forest,black_alder,5,,kha,0.0
2023,other,protected_forest,black_alder,5A-5B,,kha,0.0
2023,other,protected_forest,grey_alder,1,1.841733554,kha,0.288946172
2023,other,protected_forest,grey_alder,1A,0.155886239,kha,0.999722499
2023,other,protected_forest,grey_alder,2,1.694530179,kha,0.293573172
2023,other,protected_forest,grey_alder,3,0.244180204,kha,0.733941771
2023,other,protected_forest,grey_alder,4,0.311772477,kha,0.706847469
2023,other,protected_forest,grey_alder,5,,kha,0.0
2023,other,protected_forest,grey_alder,5A-5B,,kha,0.0
2023,other,protected_forest,pine,1,2.026521101,kha,0.297779785
2023,other,protected_forest,pine,1A,0.406863083,kha,0.590013616
2023,other,protected_forest,pine,2,4.401635009,kha,0.218072073
2023,other,protected_forest,pine,3,4.968905031,kha,0.214666785
2023,other,protected_forest,pine,4,3.638369219,kha,0.365370954
2023,other,protected_forest,pine,5,2.32320379,kha,0.317036224
2023,other,protected_forest,pine,5A-5B,2.494179817,kha,0.353505556
2023,other,protected_forest,spruce,1,3.098176637,kha,0.24371802
2023,other,protected_forest,spruce,1A,2.316391562,kha,0.248753996
2023,other,protected_forest,spruce,2,2.338293578,kha,0.274475004
2023,other,protected_forest,spruce,3,0.90859853,kha,0.371472976
2023,other,protected_forest,spruce,4,0.467658716,kha,0.577180229
2023,other,protected_forest,spruce,5,,kha,0.0
2023,other,protected_forest,spruce,5A-5B,,kha,0.0
2023,state_forest_management_centre,production_forest,aspen,1,14.04923166,kha,0.138221629
2023,state_forest_management_centre,production_forest,aspen,1A,11.335719906,kha,0.12725113
2023,state_forest_management_centre,production_forest,aspen,2,3.479037895,kha,0.252117932
2023,state_forest_management_centre,production_forest,aspen,3,0.467658716,kha,0.577325184
2023,state_forest_management_centre,production_forest,aspen,4,,kha,0.0
2023,state_forest_management_centre,production_forest,aspen,5,,kha,0.0
2023,state_forest_management_centre,production_forest,aspen,5A-5B,,kha,0.0
2023,state_forest_management_centre,production_forest,birch,1,73.841440562,kha,0.070053962
2023,state_forest_management_centre,production_forest,birch,1A,19.204561043,kha,0.101669385
2023,state_forest_management_centre,production_forest,birch,2,52.698995333,kha,0.068282091
2023,state_forest_management_centre,production_forest,birch,3,20.478447796,kha,0.122499154
2023,state_forest_management_centre,production_forest,birch,4,8.459416152,kha,0.166728053
2023,state_forest_management_centre,production_forest,birch,5,2.268986556,kha,0.294082979
2023,state_forest_management_centre,production_forest,birch,5A-5B,0.467658716,kha,0.577366592
2023,state_forest_management_centre,production_forest,black_alder,1,10.227696111,kha,0.152570054
2023,state_forest_management_centre,production_forest,black_alder,1A,1.09120367,kha,0.378009736
2023,state_forest_management_centre,production_forest,black_alder,2,5.609644237,kha,0.172523998
2023,state_forest_management_centre,production_forest,black_alder,3,0.795846014,kha,0.459609964
2023,state_forest_management_centre,production_forest,black_alder,4,0.296854164,kha,0.707626669
2023,state_forest_management_centre,production_forest,black_alder,5,,kha,0.0
2023,state_forest_management_centre,production_forest,black_alder,5A-5B,,kha,0.0
2023,state_forest_management_centre,production_forest,grey_alder,1,12.857029296,kha,0.126562872
2023,state_forest_management_centre,production_forest,grey_alder,1A,1.778054025,kha,0.29106231
2023,state_forest_management_centre,production_forest,grey_alder,2,6.488686736,kha,0.167915598
2023,state_forest_management_centre,production_forest,grey_alder,3,1.546765613,kha,0.316484504
2023,state_forest_management_centre,production_forest,grey_alder,4,0.311772477,kha,0.707088411
2023,state_forest_management_centre,production_forest,grey_alder,5,,kha,0.0
2023,state_forest_management_centre,production_forest,grey_alder,5A-5B,,kha,0.0
2023,state_forest_management_centre,production_forest,other,1,0.900133907,kha,0.478956894
2023,state_forest_management_centre,production_forest,other,1A,1.079948683,kha,0.417934709
2023,state_forest_management_centre,production_forest,other,2,0.647613789,kha,0.446388493
2023,state_forest_management_centre,production_forest,other,3,0.623544954,kha,0.61197045
2023,state_forest_management_centre,production_forest,other,4,0.155886239,kha,1.000009423
2023,state_forest_management_centre,production_forest,other,5,,kha,0.0
2023,state_forest_management_centre,production_forest,other,5A-5B,,kha,0.0
2023,state_forest_management_centre,production_forest,pine,1,62.849418635,kha,0.070197086
2023,state_forest_management_centre,production_forest,pine,1A,17.402329062,kha,0.122456034
2023,state_forest_management_centre,production_forest,pine,2,64.538025137,kha,0.068653619
2023,state_forest_management_centre,production_forest,pine,3,43.821180516,kha,0.081089904
2023,state_forest_management_centre,production_forest,pine,4,22.770287275,kha,0.102187616
2023,state_forest_management_centre,production_forest,pine,5,15.189399197,kha,0.134696015
2023,state_forest_management_centre,production_forest,pine,5A-5B,16.709352378,kha,0.140044258
2023,state_forest_management_centre,production_forest,spruce,1,53.305985169,kha,0.068962032
2023,state_forest_management_centre,production_forest,spruce,1A,61.058020748,kha,0.074906538
2023,state_forest_management_centre,production_forest,spruce,2,15.037955717,kha,0.108858961
2023,state_forest_management_centre,production_forest,spruce,3,5.774150985,kha,0.187023405
2023,state_forest_management_centre,production_forest,spruce,4,1.558862385,kha,0.315925724
2023,state_forest_management_centre,production_forest,spruce,5,0.155886239,kha,1.000009424
2023,state_forest_management_centre,production_forest,spruce,5A-5B,,kha,0.0
2023,state_forest_management_centre,protected_forest,aspen,1,7.431252878,kha,0.180050095
2023,state_forest_management_centre,protected_forest,aspen,1A,9.466784203,kha,0.174200244
2023,state_forest_management_centre,protected_forest,aspen,2,1.402976147,kha,0.368471859
2023,state_forest_management_centre,protected_forest,aspen,3,0.311772477,kha,0.707221528
2023,state_forest_management_centre,protected_forest,aspen,4,,kha,0.0
2023,state_forest_management_centre,protected_forest,aspen,5,,kha,0.0
2023,state_forest_management_centre,protected_forest,aspen,5A-5B,,kha,0.0
2023,state_forest_management_centre,protected_forest,birch,1,22.864426975,kha,0.113230289
2023,state_forest_management_centre,protected_forest,birch,1A,12.766178796,kha,0.145426908
2023,state_forest_management_centre,protected_forest,birch,2,21.879381833,kha,0.121799355
2023,state_forest_management_centre,protected_forest,birch,3,16.170095113,kha,0.133208599
2023,state_forest_management_centre,protected_forest,birch,4,8.417856881,kha,0.200297434
2023,state_forest_management_centre,protected_forest,birch,5,4.520700918,kha,0.220866661
2023,state_forest_management_centre,protected_forest,birch,5A-5B,0.935317431,kha,0.471424513
2023,state_forest_management_centre,protected_forest,black_alder,1,6.207577082,kha,0.218100278
2023,state_forest_management_centre,protected_forest,black_alder,1A,0.623544954,kha,0.500018846
2023,state_forest_management_centre,protected_forest,black_alder,2,6.310727006,kha,0.207116588
2023,state_forest_management_centre,protected_forest,black_alder,3,1.495416686,kha,0.418445427
2023,state_forest_management_centre,protected_forest,black_alder,4,0.467658716,kha,0.745368635
2023,state_forest_management_centre,protected_forest,black_alder,5,0.467658716,kha,0.577366592
2023,state_forest_management_centre,protected_forest,black_alder,5A-5B,0.155886239,kha,0.999857007
2023,state_forest_management_centre,protected_forest,grey_alder,1,3.447315045,kha,0.203869097
2023,state_forest_management_centre,protected_forest,grey_alder,1A,0.155886239,kha,1.000009428
2023,state_forest_management_centre,protected_forest,grey_alder,2,3.155496006,kha,0.241917028
2023,state_forest_management_centre,protected_forest,grey_alder,3,0.623544954,kha,0.612387827
2023,state_forest_management_centre,protected_forest,grey_alder,4,,kha,0.0
2023,state_forest_management_centre,protected_forest,grey_alder,5,,kha,0.0
2023,state_forest_management_centre,protected_forest,grey_alder,5A-5B,,kha,0.0
2023,state_forest_management_centre,protected_forest,pine,1,26.393629061,kha,0.106966032
2023,state_forest_management_centre,protected_forest,pine,1A,4.162864057,kha,0.22542414
2023,state_forest_management_centre,protected_forest,pine,2,34.886358102,kha,0.111798882
2023,state_forest_management_centre,protected_forest,pine,3,31.678796092,kha,0.099769646
2023,state_forest_management_centre,protected_forest,pine,4,27.695201209,kha,0.107455542
2023,state_forest_management_centre,protected_forest,pine,5,20.847040807,kha,0.107389739
2023,state_forest_management_centre,protected_forest,pine,5A-5B,25.248379632,kha,0.127291217
2023,state_forest_management_centre,protected_forest,spruce,1,16.749820445,kha,0.1163953
2023,state_forest_management_centre,protected_forest,spruce,1A,18.274917871,kha,0.134919149
2023,state_forest_management_centre,protected_forest,spruce,2,12.055976682,kha,0.14102785
2023,state_forest_management_centre,protected_forest,spruce,3,3.931482113,kha,0.227089322
2023,state_forest_management_centre,protected_forest,spruce,4,2.494179817,kha,0.257556685
2023,state_forest_management_centre,protected_forest,spruce,5,0.467658716,kha,0.57755807
2023,state_forest_management_centre,protected_forest,spruce,5A-5B,,kha,0.0
2024,other,production_forest,aspen,1,48.226668196,kha,0.062660562
2024,other,production_forest,aspen,1A,21.640092222,kha,0.087182343
2024,other,production_forest,aspen,2,12.82539992,kha,0.133082583
2024,other,production_forest,aspen,3,2.49615187,kha,0.289490884
2024,other,production_forest,aspen,4,0.312018984,kha,0.70701878
2024,other,production_forest,aspen,5,0.156009492,kha,0.999839061
2024,other,production_forest,aspen,5A-5B,,kha,0.0
2024,other,production_forest,birch,1,141.363273994,kha,0.041522228
2024,other,production_forest,birch,1A,49.39664578,kha,0.070990886
2024,other,production_forest,birch,2,105.066885657,kha,0.048850299
2024,other,production_forest,birch,3,52.475461901,kha,0.068356837
2024,other,production_forest,birch,4,10.946218787,kha,0.132966231
2024,other,production_forest,birch,5,3.59243057,kha,0.235799497
2024,other,production_forest,birch,5A-5B,0.468028476,kha,0.577394749
2024,other,production_forest,black_alder,1,20.050355499,kha,0.097256039
2024,other,production_forest,black_alder,1A,2.076455135,kha,0.276712652
2024,other,production_forest,black_alder,2,18.787474263,kha,0.105412797
2024,other,production_forest,black_alder,3,6.534473169,kha,0.171948563
2024,other,production_forest,black_alder,4,0.507233661,kha,0.537837562
2024,other,production_forest,black_alder,5,,kha,0.0
2024,other,production_forest,black_alder,5A-5B,,kha,0.0
2024,other,production_forest,grey_alder,1,111.582356869,kha,0.047697994
2024,other,production_forest,grey_alder,1A,14.441252632,kha,0.112779313
2024,other,production_forest,grey_alder,2,44.404108025,kha,0.066400379
2024,other,production_forest,grey_alder,3,7.381573508,kha,0.177583404
2024,other,production_forest,grey_alder,4,1.18060183,kha,0.394131557
2024,other,production_forest,grey_alder,5,0.156009492,kha,1.000009561
2024,other,production_forest,grey_alder,5A-5B,,kha,0.0
2024,other,production_forest,other,1,10.301681173,kha,0.122543478
2024,other,production_forest,other,1A,4.078306531,kha,0.210339673
2024,other,production_forest,other,2,5.381453817,kha,0.181036768
2024,other,production_forest,other,3,3.173389075,kha,0.235088048
2024,other,production_forest,other,4,1.078322007,kha,0.377998817
2024,other,production_forest,other,5,0.156009492,kha,1.000072369
2024,other,production_forest,other,5A-5B,,kha,0.0
2024,other,production_forest,pine,1,49.906313189,kha,0.06484998
2024,other,production_forest,pine,1A,16.735200599,kha,0.098761225
2024,other,production_forest,pine,2,60.096900002,kha,0.06531595
2024,other,production_forest,pine,3,46.32358641,kha,0.071896456
2024,other,production_forest,pine,4,20.044536345,kha,0.10780392
2024,other,production_forest,pine,5,10.742189574,kha,0.132582859
2024,other,production_forest,pine,5A-5B,5.929234345,kha,0.203668253
2024,other,production_forest,spruce,1,62.618684232,kha,0.052632635
2024,other,production_forest,spruce,1A,56.393297069,kha,0.060334603
2024,other,production_forest,spruce,2,24.074511136,kha,0.087319822
2024,other,production_forest,spruce,3,7.258809639,kha,0.140090005
2024,other,production_forest,spruce,4,1.716104411,kha,0.314731051
2024,other,production_forest,spruce,5,0.624037968,kha,0.500019122
2024,other,production_forest,spruce,5A-5B,0.373221507,kha,0.613440244
2024,other,protected_forest,aspen,1,1.809039265,kha,0.357293844
2024,other,protected_forest,aspen,1A,1.644449251,kha,0.331209106
2024,other,protected_forest,aspen,2,1.404085427,kha,0.36833686
2024,other,protected_forest,aspen,3,0.312018984,kha,0.706460148
2024,other,protected_forest,aspen,4,0.156009492,kha,0.999991613
2024,other,protected_forest,aspen,5,,kha,0.0
2024,other,protected_forest,aspen,5A-5B,,kha,0.0
2024,other,protected_forest,birch,1,3.049111913,kha,0.218885847
2024,other,protected_forest,birch,1A,1.383648184,kha,0.36981431
2024,other,protected_forest,birch,2,5.93655119,kha,0.193777544
2024,other,protected_forest,birch,3,4.251258654,kha,0.225236384
2024,other,protected_forest,birch,4,1.64936355,kha,0.320011516
2024,other,protected_forest,birch,5,,kha,0.0
2024,other,protected_forest,birch,5A-5B,,kha,0.0
2024,other,protected_forest,black_alder,1,2.360579622,kha,0.355947415
2024,other,protected_forest,black_alder,1A,0.156009492,kha,1.000072369
2024,other,protected_forest,black_alder,2,1.872113903,kha,0.372874143
2024,other,protected_forest,black_alder,3,0.780047459,kha,0.446769268
2024,other,protected_forest,black_alder,4,,kha,0.0
2024,other,protected_forest,black_alder,5,,kha,0.0
2024,other,protected_forest,black_alder,5A-5B,,kha,0.0
2024,other,protected_forest,grey_alder,1,1.843189743,kha,0.289030611
2024,other,protected_forest,grey_alder,1A,,kha,0.0
2024,other,protected_forest,grey_alder,2,1.672390551,kha,0.302366405
2024,other,protected_forest,grey_alder,3,0.345857443,kha,0.595950345
2024,other,protected_forest,grey_alder,4,0.312018984,kha,0.706828386
2024,other,protected_forest,grey_alder,5,,kha,0.0
2024,other,protected_forest,grey_alder,5A-5B,,kha,0.0
2024,other,protected_forest,pine,1,2.028123395,kha,0.297617797
2024,other,protected_forest,pine,1A,0.312018984,kha,0.707190088
2024,other,protected_forest,pine,2,5.610007723,kha,0.200042847
2024,other,protected_forest,pine,3,5.752881216,kha,0.230362156
2024,other,protected_forest,pine,4,2.884397092,kha,0.254865373
2024,other,protected_forest,pine,5,2.317286988,kha,0.271601833
2024,other,protected_forest,pine,5A-5B,2.652161362,kha,0.347991215
2024,other,protected_forest,spruce,1,3.724664215,kha,0.233335948
2024,other,protected_forest,spruce,1A,2.234165131,kha,0.255319365
2024,other,protected_forest,spruce,2,2.964180346,kha,0.254858144
2024,other,protected_forest,spruce,3,1.221335908,kha,0.354347766
2024,other,protected_forest,spruce,4,0.624037968,kha,0.499767827
2024,other,protected_forest,spruce,5,,kha,0.0
2024,other,protected_forest,spruce,5A-5B,,kha,0.0
2024,state_forest_management_centre,production_forest,aspen,1,14.948704706,kha,0.120895844
2024,state_forest_management_centre,production_forest,aspen,1A,9.870595745,kha,0.134017784
2024,state_forest_management_centre,production_forest,aspen,2,4.419530492,kha,0.259804065
2024,state_forest_management_centre,production_forest,aspen,3,0.468028476,kha,0.577372009
2024,state_forest_management_centre,production_forest,aspen,4,0.156009492,kha,1.000009561
2024,state_forest_management_centre,production_forest,aspen,5,,kha,0.0
2024,state_forest_management_centre,production_forest,aspen,5A-5B,,kha,0.0
2024,state_forest_management_centre,production_forest,birch,1,71.777861093,kha,0.069727979
2024,state_forest_management_centre,production_forest,birch,1A,19.03428128,kha,0.103964278
2024,state_forest_management_centre,production_forest,birch,2,52.404539986,kha,0.070238083
2024,state_forest_management_centre,production_forest,birch,3,22.117886892,kha,0.116993358
2024,state_forest_management_centre,production_forest,birch,4,8.622114185,kha,0.179977032
2024,state_forest_management_centre,production_forest,birch,5,2.270780558,kha,0.309676335
2024,state_forest_management_centre,production_forest,birch,5A-5B,0.468028476,kha,0.577366829
2024,state_forest_management_centre,production_forest,black_alder,1,11.847906848,kha,0.143929643
2024,state_forest_management_centre,production_forest,black_alder,1A,1.092066443,kha,0.364263044
2024,state_forest_management_centre,production_forest,black_alder,2,5.654486029,kha,0.167401931
2024,state_forest_management_centre,production_forest,black_alder,3,1.264503735,kha,0.399839144
2024,state_forest_management_centre,production_forest,black_alder,4,0.297088875,kha,0.708012634
2024,state_forest_management_centre,production_forest,black_alder,5,,kha,0.0
2024,state_forest_management_centre,production_forest,black_alder,5A-5B,,kha,0.0
2024,state_forest_management_centre,production_forest,grey_alder,1,12.853684441,kha,0.129210451
2024,state_forest_management_centre,production_forest,grey_alder,1A,2.091478849,kha,0.263145555
2024,state_forest_management_centre,production_forest,grey_alder,2,8.227644185,kha,0.170417021
2024,state_forest_management_centre,production_forest,grey_alder,3,1.906264381,kha,0.282856864
2024,state_forest_management_centre,production_forest,grey_alder,4,0.468028476,kha,0.577340927
2024,state_forest_management_centre,production_forest,grey_alder,5,,kha,0.0
2024,state_forest_management_centre,production_forest,grey_alder,5A-5B,,kha,0.0
2024,state_forest_management_centre,production_forest,other,1,1.295206403,kha,0.379482248
2024,state_forest_management_centre,production_forest,other,1A,1.179306951,kha,0.344561218
2024,state_forest_management_centre,production_forest,other,2,0.492116341,kha,0.49516571
2024,state_forest_management_centre,production_forest,other,3,0.503567438,kha,0.519331894
2024,state_forest_management_centre,production_forest,other,4,0.156009492,kha,1.000009559
2024,state_forest_management_centre,production_forest,other,5,,kha,0.0
2024,state_forest_management_centre,production_forest,other,5A-5B,,kha,0.0
2024,state_forest_management_centre,production_forest,pine,1,62.154259576,kha,0.070816472
2024,state_forest_management_centre,production_forest,pine,1A,15.027614307,kha,0.123710188
2024,state_forest_management_centre,production_forest,pine,2,62.042946803,kha,0.069169127
2024,state_forest_management_centre,production_forest,pine,3,41.776564961,kha,0.085208984
2024,state_forest_management_centre,production_forest,pine,4,20.139421318,kha,0.10501625
2024,state_forest_management_centre,production_forest,pine,5,14.289439795,kha,0.138308011
2024,state_forest_management_centre,production_forest,pine,5A-5B,12.666317041,kha,0.163275345
2024,state_forest_management_centre,production_forest,spruce,1,53.69517531,kha,0.070967259
2024,state_forest_management_centre,production_forest,spruce,1A,59.085864889,kha,0.075758107
2024,state_forest_management_centre,production_forest,spruce,2,16.052659072,kha,0.106131854
2024,state_forest_management_centre,production_forest,spruce,3,6.402754355,kha,0.185132881
2024,state_forest_management_centre,production_forest,spruce,4,2.066876152,kha,0.272479833
2024,state_forest_management_centre,production_forest,spruce,5,0.156009492,kha,1.000009561
2024,state_forest_management_centre,production_forest,spruce,5A-5B,0.156009492,kha,1.000009561
2024,state_forest_management_centre,protected_forest,aspen,1,8.217175948,kha,0.175314279
2024,state_forest_management_centre,protected_forest,aspen,1A,10.748897982,kha,0.15826296
2024,state_forest_management_centre,protected_forest,aspen,2,2.340142378,kha,0.33322202
2024,state_forest_management_centre,protected_forest,aspen,3,0.468028476,kha,0.745360793
2024,state_forest_management_centre,protected_forest,aspen,4,0.156009492,kha,1.000009561
2024,state_forest_management_centre,protected_forest,aspen,5,,kha,0.0
2024,state_forest_management_centre,protected_forest,aspen,5A-5B,,kha,0.0
2024,state_forest_management_centre,protected_forest,birch,1,23.531769715,kha,0.10475958
2024,state_forest_management_centre,protected_forest,birch,1A,13.170368109,kha,0.142056752
2024,state_forest_management_centre,protected_forest,birch,2,21.29080257,kha,0.123583503
2024,state_forest_management_centre,protected_forest,birch,3,16.099945549,kha,0.131832574
2024,state_forest_management_centre,protected_forest,birch,4,9.094027297,kha,0.185975153
2024,state_forest_management_centre,protected_forest,birch,5,4.368265773,kha,0.220215618
2024,state_forest_management_centre,protected_forest,birch,5A-5B,0.936056951,kha,0.471424803
2024,state_forest_management_centre,protected_forest,black_alder,1,5.900466195,kha,0.198685954
2024,state_forest_management_centre,protected_forest,black_alder,1A,0.624037968,kha,0.500019119
2024,state_forest_management_centre,protected_forest,black_alder,2,6.627735643,kha,0.210453479
2024,state_forest_management_centre,protected_forest,black_alder,3,1.964627531,kha,0.34689124
2024,state_forest_management_centre,protected_forest,black_alder,4,0.468028476,kha,0.577004088
2024,state_forest_management_centre,protected_forest,black_alder,5,0.468028476,kha,0.577366829
2024,state_forest_management_centre,protected_forest,black_alder,5A-5B,0.156009492,kha,0.999785216
2024,state_forest_management_centre,protected_forest,grey_alder,1,3.33801029,kha,0.220860146
2024,state_forest_management_centre,protected_forest,grey_alder,1A,0.156009492,kha,1.000009564
2024,state_forest_management_centre,protected_forest,grey_alder,2,2.8648023,kha,0.261628594
2024,state_forest_management_centre,protected_forest,grey_alder,3,0.624037968,kha,0.61238805
2024,state_forest_management_centre,protected_forest,grey_alder,4,,kha,0.0
2024,state_forest_management_centre,protected_forest,grey_alder,5,,kha,0.0
2024,state_forest_management_centre,protected_forest,grey_alder,5A-5B,,kha,0.0
2024,state_forest_management_centre,protected_forest,pine,1,26.258488013,kha,0.106179494
2024,state_forest_management_centre,protected_forest,pine,1A,6.557484569,kha,0.206622386
2024,state_forest_management_centre,protected_forest,pine,2,39.19526311,kha,0.100940501
2024,state_forest_management_centre,protected_forest,pine,3,31.23921585,kha,0.097396021
2024,state_forest_management_centre,protected_forest,pine,4,32.606420633,kha,0.103482377
2024,state_forest_management_centre,protected_forest,pine,5,24.019065363,kha,0.10293371
2024,state_forest_management_centre,protected_forest,pine,5A-5B,30.810579771,kha,0.113590863
2024,state_forest_management_centre,protected_forest,spruce,1,18.372067789,kha,0.106405517
2024,state_forest_management_centre,protected_forest,spruce,1A,19.543090636,kha,0.128140526
2024,state_forest_management_centre,protected_forest,spruce,2,12.334344443,kha,0.134828349
2024,state_forest_management_centre,protected_forest,spruce,3,3.778581096,kha,0.212021961
2024,state_forest_management_centre,protected_forest,spruce,4,2.652161362,kha,0.25961156
2024,state_forest_management_centre,protected_forest,spruce,5,0.624037968,kha,0.500104354
2024,state_forest_management_centre,protected_forest,spruce,5A-5B,,kha,0.0
